MOLECULE_NAME,SMILES,LogP
1,C=O,"0,35"
2,CC1CC2C3CCC4=CC(=O)C=CC4(C)C3(F)C(O)CC2(C)C1(O)C(=O)CO,"1,92"
3,CC(=O)OCC(=O)C1(O)CCC2C3CCC4=CC(=O)CCC4(C)C3C(O)CC12C,"2,19"
4,CC(=O)OCC(=O)C1(O)CCC2C3CCC4=CC(=O)CCC4(C)C3C(=O)CC12C,"2,10"
5,CCC1(C2C=CC=CC=2)C(=O)NC(=O)NC1=O,"1,47"
6,CC1C(=O)C2=C(C(COC(N)=O)C3(OC)C4NC4CN32)C(=O)C=1N,"-0,40"
7,CN1C(=O)NC(=O)C(CC)(CC)C1=O,"1,15"
8,CCC1(NC(=O)N(C)C1=O)C1C=CC=CC=1,"1,69"
9,O=P1(NCCCO1)N(CCCl)CCCl,"0,63"
10,CC(O)C(O)=O,"-0,72"
11,CC12CCC(=O)C=C1CCC1C2C(O)CC2(C)C(CCC21)C(=O)CO,"1,94"
12,CC12CCC(=O)C=C1CCC1C2C(O)CC2(C)C1CCC2(O)C(=O)CO,"1,61"
13,CC12C=CC(=O)C=C1CCC1C2C(O)CC2(C)C1CCC2(O)C(=O)CO,"1,62"
14,CC12CCC3C(CCC4C=C(O)C=CC=43)C1CC(O)C2O,"2,45"
15,CC12CCC3C(CCC4=CC(O)=CC=C43)C1CCC2O,"3,91"
16,ClC(Cl)(Cl)C(C1C=CC(Cl)=CC=1)C1C=CC(Cl)=CC=1,"6,91"
17,OC(=O)C1C(Cl)=CC=CC=1Cl,"2,23"
18,C1C2=CC=C3C=CC=C4C=CC(C2=C34)=C2C=CC=CC2=1,"6,13"
19,CCCCC1C(=O)N(C2C=CC=CC=2)N(C2C=CC=CC=2)C1=O,"3,16"
20,O=C1CCC(C(=O)N1)N1C(=O)C2=CC=CC=C2C1=O,"0,33"
21,COC(=O)C1C2CCC(CC1OC(=O)C1C=CC=CC=1)N2C,"2,30"
22,CN1CC(C=C2C1CC1=CNC3=CC=CC2=C13)C(=O)N(CC)CC,"2,95"
23,S=C1NC=NC2NC=NC=21,"0,01"
24,CNCCCN1C2C=CC=CC=2CCC2C=CC=CC1=2,"4,90"
25,CN(C)CC/C=C1/C2=CC=CC=C2CCC2C=CC=CC=2/1,"4,92"
26,CN(C)CCCN1C2=CC=CC=C2CCC2=CC=CC=C12,"4,80"
27,CN1CCCCC1CCN1C2=CC=CC=C2SC2C=CC(=CC1=2)SC,"5,90"
28,CN(C)CCCN1C2C=CC=CC=2SC2C=CC(Cl)=CC1=2,"5,41"
29,[O-]C(=O)C1=C(CSC2C(NC(=O)CC3=CC=CS3)C(=O)N12)C[N+]1C=CC=CC=1,"-1,62"
30,NCCC1=CNC2=CC=C(O)C=C21,"0,21"
31,OC(CO)C(O)C(O)C(O)CO,"-2,38"
32,O=C1NC(=O)C(=O)C(=O)N1,"-1,84"
33,CC(=O)OC1C=CC=CC=1C(O)=O,"1,19"
34,OC(=O)C1=CC(Cl)=CC=C1Cl,"2,82"
35,OCC(O)C1OC(=O)C(=O)C1O,"-1,85"
36,CC1=CC(O)=C(C=C1)C(O)=O,"2,99"
37,CC(=O)NC1C=CC(=C(O)C=1)C(O)=O,"1,62"
38,CC1=CN(C2CC(O)C(CO)O2)C(=O)NC1=O,"-0,93"
39,OC1CC(OC1CO)N1C=C(F)C(=O)NC1=O,"-1,16"
40,CC(NC)C(O)C1C=CC=CC=1,"-2,45"
41,OCC(O)C(O)C(O)C(O)C=O,"-2,83"
42,CCCC1=CC2OCOC=2C=C1COCCOCCOCCCC,"4,75"
43,CCN(CCNC(=O)C1C=CC(N)=CC=1)CC,"0,88"
44,O=C(CCNNC(=O)C1=CC=NC=C1)NCC1C=CC=CC=1,"0,87"
45,C1NC2C=CC=CC=2N=1,"1,32"
46,O=C1NC(=O)N=CC1Br,"-0,21"
47,O=C1NC(=O)N=CC1F,"-0,89"
48,[O-][N+](=O)C1C=C(C=CC=1O)[N+]([O-])=O,"1,67"
49,CN1C2CC(CC1C1OC12)OC(=O)C(CO)C1C=CC=CC=1,"0,98"
50,OC(=O)C1C=C(Cl)C=C(Cl)C=1,"3,00"
51,NCC(O)C1C=C(O)C(O)=CC=1,"-1,24"
52,CNCC(O)C1C=C(O)C(O)=CC=1,"-1,20"
53,OC(=O)C1C=C(Cl)C(Cl)=CC=1,"3,25"
54,NCCC1=CN=CN1,"-0,70"
55,CN1C2CC(CC1CC2)OC(=O)C(CO)C1C=CC=CC=1,"1,83"
56,NCCC1=CC(O)=C(O)C=C1,"-0,98"
57,CC(N)CC1C=CC=CC=1,"1,76"
58,CC(=O)NC1C=CC(=CC=1)OC,"1,03"
59,CN(CCCl)CCCl,"0,91"
60,CCOC(N)=O,"-0,15"
61,CC(=O)SC1CC2=CC(=O)CCC2(C)C2CCC3(C)C(CCC43CCC(=O)O4)C21,"2,78"
62,CC(=O)OCC(=O)C1(O)CCC2C3CCC4=CC(=O)C=CC4(C)C3C(O)CC12C,"2,40"
63,S=P(N1CC1)(N1CC1)N1CC1,"0,53"
64,COC1C=CC2CC3C4C=CC(O)C5OC=1C=2C45CCN3C,"-1,40"
65,CCC1(C2CCCCC=2)C(=O)NC(=O)NC1=O,"1,77"
66,C=CCC1(CC=C)C(=O)NC(=O)NC1=O,"1,15"
67,O=C1NC(=O)C2(CCCCC2)C(=O)N1,"0,91"
68,O=C1NC(=S)NC(=O)C21CCCCC2,"1,78"
69,NC1(CCCC1)C(O)=O,"-2,28"
70,CN(CCCC(C#N)(C(C)C)C1C=C(OC)C(=CC=1)OC)CCC1C=C(OC)C(=CC=1)OC,"3,79"
71,CC(C)(S)C(N)C(O)=O,"-1,78"
72,COP(=O)(OC)C(O)C(Cl)(Cl)Cl,"0,51"
73,CN(C)S(=O)(=O)C1C=CC(=CC=1)OP(=S)(OC)OC,"2,23"
74,OC1(CCN(CCCC(=O)C2C=CC(F)=CC=2)CC1)C1C=CC(Cl)=CC=1,"4,29"
75,NC(CS)C(O)=O,"-2,49"
76,CC12CC(=O)C3C(CCC4=CC(=O)C=CC43C)C1CCC2(O)C(=O)CO,"1,46"
77,CC12CCC(=O)C=C1CCC1C2C(=O)CC2(C)C1CCC2(O)C(=O)CO,"1,47"
78,CC12CCC3C(CCC4C=C(O)C=CC=43)C1CCC2=O,"3,13"
79,CC12CCC3C(CCC4CC(O)CCC43C)C1CCC2=O,"3,69"
80,CC12CCC3C(CC=C4CC(O)CCC43C)C1CCC2=O,"3,23"
81,CN(C)CCCN1C2=CC=CC=C2SC2C=CC=CC1=2,"2,94"
82,C1=C2C3=CC=CC=C3C=CC2=CC2=C3C=CC=CC3=CC=C21,"6,63"
83,CN(C)C1=NC=NC2=C1N=CN2C1OC(CO)C(NC(=O)C(N)CC2C=CC(=CC=2)OC)C1O,"0,03"
84,CC1=C(CC(O)=O)C2C=C(C=CC=2N1C(=O)C1C=CC(Cl)=CC=1)OC,"4,27"
85,COC1C=C(CCN)C=C(OC)C=1OC,"0,78"
86,CC(CCCN(CC)CC)NC1C=CN=C2C=C(Cl)C=CC2=1,"4,63"
87,CN1CCCC1C1=CN=CC=C1,"1,17"
88,NC(CC1=CNC2=CC=CC=C21)C(O)=O,"-1,05"
89,O=C1NC(=O)N=CC1C(F)(F)F,"0,04"
90,OC1=CC=CC=C1C(O)=O,"-1,43"
91,OCC1OC(C(O)C1O)N1N=CC(=O)NC1=O,"-2,14"
92,NS(=O)(=O)C1C=C(C(O)=O)C(=CC=1Cl)NCC1=CC=CO1,"2,03"
93,CC1C=C(OCCN(C)C)C(=CC=1OC(C)=O)C(C)C,"3,17"
94,OC1CC(OC1CO)N1C=C(I)C(=O)NC1=O,"-0,96"
95,CC(N)C(O)C1=CC(O)=CC=C1,"-0,27"
96,CC(C)NCC(O)C1C=CC2=CC=CC=C2C=1,"3,00"
97,NNC(=O)C1C=CN=CC=1,"-0,70"
98,O=C(CCBr)N1CCN(CC1)C(=O)CCBr,"0,42"
99,CC(C)NNC(=O)C1C=CN=CC=1,"0,37"
100,C1CCCCN2N=NN=C21,"0,14"
101,CCN(CC)N=O,"0,48"
102,NC(=O)C1C=CC=CC=1,"0,64"
103,OC(=O)C1C=CN=CC=1,"0,32"
104,CC1C=C(C=CC=1SC)OP(=S)(OC)OC,"4,09"
105,N=C(NC(=N)NCCCCCCNC(=N)NC(=N)NC1C=CC(Cl)=CC=1)NC1C=CC(Cl)=CC=1,"0,08"
106,[O-][N+](=O)OC(CO[N+]([O-])=O)CO[N+]([O-])=O,"1,62"
107,CC(C)OP(=O)(F)OC(C)C,"1,17"
108,CS(=O)(=O)OCCCCOS(C)(=O)=O,"-0,52"
109,NCCCC(O)=O,"-3,17"
110,ClC(Cl)(Cl)Cl,"2,83"
111,CN1C(O)=NC(=O)C(C)(C2CCCCC=2)C1=O,"1,98"
112,CC[N+](CC)(CC)CC,"-3,15"
113,CCOP(=S)(OC1C=CC(=CC=1)[N+]([O-])=O)OCC,"3,83"
114,NCC(O)=O,"-3,21"
115,CC(N)C(O)=O,"-2,85"
116,NC(CO)C(O)=O,"-3,07"
117,CC(=O)OCC(=O)C1CCC2C3CCC4=CC(=O)CCC4(C)C3CCC21C,"3,08"
118,CC1C=CC2C=C3C4=CC=CC=C4C=CC3=C3CCC=1C3=2,"6,42"
119,CCC(C1C=CC(O)=CC=1)=C(CC)C1C=CC(O)=CC=1,"5,07"
120,COC1C=CC2N=CC=C(C(O)C3CC4CCN3CC4C=C)C=2C=1,"3,44"
121,C1=C2C3C=CC=CC=3C=CC2=CC2C=CC=CC=21,"5,60"
122,[O-][N+]1=CC=C(C2=CC=CC=C12)[N+]([O-])=O,"1,09"
123,CC1C2C=CC(=CC=2OC(=O)C=1Cl)OP(=S)(OCC)OCC,"4,13"
124,[O-][N+](=O)C1C=CC(=CC=1)C(O)C(CO)NC(=O)C(Cl)Cl,"1,14"
125,OC(CO)CO,"-1,86"
126,NC(CC(O)=O)C(O)=O,"-3,89"
127,NC(=O)CCC(N)C(O)=O,"-3,64"
128,NC(CCC(O)=O)C(O)=O,"-3,69"
129,NCCCCC(N)C(O)=O,"-3,05"
130,NC(CSSCC(N)C(O)=O)C(O)=O,"-5,08"
131,NCC1=CC=C(C=C1)C(O)=O,"1,03"
132,C[N+](C)(C)CC1C=CC=CC=1,"-2,17"
133,CCCCCCCCCCCCCCCC(O)=O,"7,17"
134,CCCCCCCCCCCCCCCCCC(O)=O,"8,23"
135,NC(N)=O,"-1,88"
136,CC(C)(O)C(Cl)(Cl)Cl,"2,03"
137,O=C1CC2OCC=C3CN4CCC56C(C2C3CC54)N1C1C=CC=CC6=1,"1,93"
138,CN1CCC23C4OC5C2=C(CC1C3C=CC4O)C=CC=5O,"0,89"
139,O=C1NC(=O)C(N1)(C1C=CC=CC=1)C1C=CC=CC=1,"2,37"
140,CCOC(=O)C1(CCN(C)CC1)C1C=CC=CC=1,"2,72"
141,CCC1(CCC(C)C)C(=O)NC(=O)NC1=O,"2,07"
142,CCC1(CC)C(=O)NC(=O)NC1=O,"0,65"
143,CN1CCC2(C)C1N(C)C1C=CC(=CC2=1)OC(=O)NC,"1,58"
144,OC1C(OC(CO)C(O)C1O)OC1(CO)OC(CO)C(O)C1O,"-3,70"
145,CCCC(C)(COC(N)=O)COC(N)=O,"0,70"
146,CC(O)CO,"-0,92"
147,CC1(O)C2CC3C(C(=O)C(C(N)=O)C(=O)C3(O)C(=O)C2C(=O)C2=C1C(Cl)=CC=C2O)N(C)C,"-0,62"
148,CC12CCC3C(CCC4C=C(O)C=CC=43)C1CCC2(O)C#C,"3,67"
149,CCCN(CCC)S(=O)(=O)C1C=CC(=CC=1)C(O)=O,"3,21"
150,NC1C=CC(=CC=1)S(=O)(=O)NC(N)=N,"-1,22"
151,CC1C=C(C)N=C(NS(=O)(=O)C2C=CC(N)=CC=2)N=1,"0,19"
152,ClC1(Cl)C2(Cl)C3CC(Cl)C(Cl)C3C1(Cl)C(Cl)=C2Cl,"6,12"
153,CC(=O)C1CCC2C3CCC4=CC(=O)CCC4(C)C3CCC21C,"3,87"
154,O=S(CCC1C(=O)N(C2C=CC=CC=2)N(C2C=CC=CC=2)C1=O)C1C=CC=CC=1,"2,30"
155,CC1C2=CC=C3C=CC=CC3=C2C(C)=C2C=CC=CC=12,"5,80"
156,CN1CCC2=CC=CC3C4=C(CC1C2=3)C=CC(O)=C4O,"2,30"
157,CN1C(=O)C2=C(N=CN2C)N(C)C1=O,"-0,07"
158,CCC1=NC(N)=NC(N)=C1C1C=CC(Cl)=CC=1,"2,69"
159,CN(C)C1C(=O)N(C2C=CC=CC=2)N(C)C=1C,"1,00"
160,CC12CCC3C(CCC4=CC(=O)CCC43C)C1CCC2(C)O,"3,36"
161,CC1CC2(C)C3CCC4(C)C(O)CCC4C3CCC2CC1=O,"3,99"
162,CC12CCC3C(CCC4=CC(=O)CCC43C)C1CCC2O,"3,32"
163,CNC1CN(=O)=C(C2C=C(Cl)C=CC=2N=1)C1C=CC=CC=1,"2,44"
164,CC1=CC(=O)C2C=CC=CC=2C1=O,"2,20"
165,CN(C)CC(CN1C2=CC=CC=C2SC2=CC=CC=C12)N(C)C,"4,76"
166,CN1CCN(CCCN2C3=CC=CC=C3SC3C=CC(Cl)=CC2=3)CC1,"4,88"
167,OCCN1CCN(CCCN2C3=CC=CC=C3SC3C=CC(Cl)=CC2=3)CC1,"4,20"
168,CN1C(=O)C2NC=NC=2N(C)C1=O,"-0,02"
169,NC1=NC=NC2=C1N=CN2C1OC(CO)C(O)C1O,"-1,05"
170,OC1=NC=NC2=C1N=CN2C1OC(CO)C(O)C1O,"-2,10"
171,CN(C)CCOC(C1C=CC=CC=1)C1C=CC=CC=1,"3,27"
172,COC1=CC=C(CC2=NC=CC3=CC(OC)=C(C=C32)OC)C=C1OC,"2,95"
173,ClC1C(Cl)C(Cl)C(Cl)C(Cl)C1Cl,"3,72"
174,OC1C(Cl)=CC(Cl)=C(Cl)C=1Cl,"4,45"
175,NS(=O)(=O)C1=CC2=C(C=C1Cl)NCNS2(=O)=O,"-0,07"
176,NS(=O)(=O)C1=CC2=C(C=C1Cl)N=CNS2(=O)=O,"-0,24"
177,OCC1OC(C(O)C1O)N1C=CC(=O)NC1=O,"-1,98"
178,CN(CC1C=NC2N=C(N)N=C(N)C=2N=1)C1C=CC(=CC=1)C(=O)NC(CCC(O)=O)C(O)=O,"-1,85"
179,CCOC1C=C(N)C=CC=1C(O)=O,"0,99"
180,OC1CC(OC1CO)N1C=C(Br)C(=O)NC1=O,"-0,29"
181,CCN(CC)C(=O)C1C=NC=CC=1,"0,33"
182,O=C1C=CC2=CC=CC=C2N1,"1,26"
183,NC1C=CC(=CC=1)S(=O)(=O)NC1=CN=C2C=CC=CC2=N1,"1,68"
184,CNCC(O)C1C=C(O)C=CC=1,"-0,31"
185,CCN(CCOC(=O)C1C=CC(N)=CC=1)CC,"2,14"
186,CC1=CC=CC=C1OCC(O)CO,"1,41"
187,O=C1CC2=CC=CC=C2N1,"1,16"
188,O=C1NC2C=CC=CC=2O1,"1,16"
189,CC1C=C(O)C=CC=1Cl,"3,10"
190,CC(C)NCC(O)C1C=CC(Cl)=C(Cl)C=1,"3,32"
191,CC1=CC(=NO1)C(=O)NNCC1C=CC=CC=1,"1,49"
192,CC(=O)NC1=NN=C(S1)S(N)(=O)=O,"-0,26"
193,OC(=O)C1C=NC=CC=1,"0,36"
194,NC(=O)N=NCC1=CC=C(O1)[N+]([O-])=O,"0,23"
195,O=NN1CCOCC1,"-0,44"
196,NC(CC1C=C(O)C(O)=CC=1)C(O)=O,"-2,39"
197,C(C1NCCN=1)C1C=CC=CC=1,"2,65"
198,NC1C=CC(=CC=1)N=NC1C=CC=CC=1,"3,41"
199,CN(C)C1C=CC(=CC=1)N=NC1C=CC=CC=1,"4,58"
200,OCCC1C=CC=CC=1,"1,36"
201,NC(CC1C=CC(F)=CC=1)C(O)=O,"-1,89"
202,NC(CC1=CC=C(O)C=C1)C(O)=O,"-2,26"
203,CN1CC(=O)NC1=N,"-1,76"
204,CCOCC,"0,89"
205,NCCCCCC(O)=O,"-2,95"
206,CCCCCC=CCC=CCCCCCCCC(O)=O,"7,05"
207,CNN,"-1,05"
208,CC(N)=O,"-1,18"
209,CNC(=O)CSP(=S)(OC)OC,"0,78"
210,CC1(O)C2CC3C(C(=O)C(C(N)=O)C(=O)C3(O)C(=O)C2C(=O)C2C1=CC=CC=2O)N(C)C,"-1,30"
211,CN1CC=NC1=S,"-0,34"
212,ClC1(Cl)C2(Cl)C3C4CC(C5OC54)C3C1(Cl)C(Cl)=C2Cl,"5,12"
213,CN1C(C)=CC(=O)N1C1C=CC=CC=1,"0,30"
214,CN(C)C(C)CN1C2C=CC=CC=2SC2C=CC=CC1=2,"4,81"
215,NC1N=CN=C2C=1N=CN2C1OC2COP(O)(=O)OC2C1O,"-2,96"
216,CN(C)CC(C)CN1C2C=C(C=CC=2SC2C=CC=CC1=2)OC,"4,68"
217,CN(C)CCCN1C2=CC=CC=C2SC2C=CC(=CC1=2)OC,"4,90"
218,COC1=CC=CC(OC)=C1C(=O)NC1C2SC(C)(C)C(C(O)=O)N2C1=O,"1,22"
219,CC1(C)SC2C(NC(=O)CC3C=CC=CC=3)C(=O)N2C1C(O)=O,"1,83"
220,NCCC1=CNC2=CC=CC=C21,"1,55"
221,[O-][N+](=O)C1=CN=C(S1)N1CCNC1=O,"0,95"
222,CC1C(=CC=CC=1C)NC1C=CC=CC=1C(O)=O,"5,12"
223,CC1ON=C(C=1C(=O)NC1C2SC(C)(C)C(C(O)=O)N2C1=O)C1=CC=CC=C1Cl,"2,48"
224,NC1C=CC(=CC=1)C(=O)NCC(O)=O,"-0,89"
225,NC1=NC2C=C(Cl)C=CC=2O1,"2,46"
226,NC1N=CNN=1,"-0,92"
227,CC(C)CC(N)C(O)=O,"-1,52"
228,[O-][N+](=O)C1C=CC(=CC=1)C(O)=O,"1,89"
229,CC(=O)NC1C=CC(=CC=1)OCC,"1,58"
230,NC1C=CC=CC=1,"0,90"
231,CC(N)=S,"-0,26"
232,NC(N)=S,"-1,05"
233,C=CCN1CCC23C4OC5C2=C(CC1C3C=CC4O)C=CC=5O,"1,86"
234,COP(=O)(OC=C(Cl)Cl)OC,"1,43"
235,CN(C)N=O,"-0,57"
236,CC12CCC(=O)C=C1CCC1C2CCC2(C)C1CCC2=O,"2,75"
237,CNC(=O)OC1C=CC=C2C=CC=CC2=1,"2,36"
238,CSCCC(N)C(O)=O,"-1,87"
239,NC1C=CC(=CC=1)S(N)(=O)=O,"-0,62"
240,CN1CC(=CCC1)C(=O)OC,"0,35"
241,NC(CC1C=CC=CC=1)C(O)=O,"-1,38"
242,NC(=O)NC(=O)CC1C=CC=CC=1,"0,87"
243,CC1C=C(C=CC=1)NC(N)=O,"1,29"
244,CNC(=O)OC1C=C(C=CC=1)C(C)C,"2,63"
245,NCCC1C=CC=CC=1,"1,41"
246,NC(=O)NC1C=CC=CC=1,"0,83"
247,COC1C=CC(CC(C)N)=CC=1,"1,77"
248,CCO,"-0,31"
249,OC=O,"-0,54"
250,CC(O)=O,"-0,17"
251,CCC(=O)OC1(CC(C)N(C)CC1C)C1C=CC=CC=1,"3,13"
252,CCOS(=O)(=O)OCC,"1,14"
253,CC1C=CC(=CC=1)S(=O)(=O)NC(=O)NCCCC,"2,34"
254,CC12CCC3C(CCC4=CC(=O)CCC43C)C1CCC2C(=O)CO,"2,88"
255,CC(=O)NC1CCC2C=C(OC)C(OC)=C(OC)C=2C2=CC=C(OC)C(=O)C=C21,"1,30"
256,CC1N=CC(CO)=C(CO)C=1O,"-0,77"
257,NC(=O)C1=CC=CC=C1O,"1,28"
258,NC1C=CN(C2OC(CO)C(O)C2O)C(=O)N=1,"-2,51"
259,NC1C=C(O)C(=CC=1)C(O)=O,"0,89"
260,CC1C=NC(=O)NC1=O,"-0,62"
261,OC(=O)C1C=CC=CC=1,"1,87"
262,OC1N=C(O)C=C(N=1)C(O)=O,"-0,83"
263,O=C1NC(=O)CC=N1,"-1,07"
264,CCCCCC=O,"1,78"
265,CC12CCC3C(CCC4(O)CC(O)CCC43C=O)C1(O)CCC2C1COC(=O)C=1,"0,64"
266,C1=CC2C=CC=NC=2C2N=CC=CC=21,"1,78"
267,O=C1OC2=CC=CC=C2C(=O)C1CC1C(=O)C2=CC=CC=C2OC1=O,"2,07"
268,CC1ON=C(C=1C(=O)NC1C2SC(C)(C)C(C(O)=O)N2C1=O)C1C=CC=CC=1,"2,38"
269,CC1CC(C(O)CC2CC(=O)NC(=O)C2)C(=O)C(C)C1,"0,55"
270,O=C1C=CC2=CC3C=COC=3C=C2O1,"1,67"
271,[O-][N+](=O)C1=CC=C(C=NN2CC(=O)NC2=O)O1,"-0,47"
272,[O-][N+](=O)C1=CC=C(C=NN2CCOC2=O)O1,"-0,04"
273,CC1=CC(C)=NN1,"1,01"
274,O=C1NC(=O)CC(=O)N1,"-1,47"
275,CO,"-0,77"
276,CC(C)O,"0,05"
277,CC(C)=O,"-0,24"
278,ClC(Cl)Cl,"1,97"
279,CS(C)=O,"-1,35"
280,CS(C)(=O)=O,"-1,41"
281,ClC(Cl)(Cl)C(Cl)(Cl)Cl,"4,14"
282,CC1(C)OC2(C(CC3C4CC(F)C5=CC(=O)C=CC5(C)C4(F)C(O)CC23C)O1)C(=O)CO,"2,48"
283,CC12C=CC(=O)C=C1CCC1C3CC(OC(C)=O)C(O)(C(=O)COC(C)=O)C3(C)CC(O)C21F,"1,92"
284,OC(=O)CS,"0,09"
285,CN(C)C=O,"-1,01"
286,CC12CCC3C4CCC(=O)C=C4CCC3C1CCC2(O)C#C,"2,97"
287,CC1CCCC(C)(C)C=1C=CC(C)=CC=CC(C)=CCO,"5,68"
288,NC1C=CC(=CC=1)S(=O)(=O)NC1N=CC=CN=1,"-0,09"
289,ClC(Cl)(Cl)C1C=CC(=CC=1)C(Cl)(Cl)Cl,"4,62"
290,O=C1C(=CC(=O)C(=C1N1CC1)N1CC1)N1CC1,"-0,13"
291,O=C1NC=NC2N=CNC=21,"-1,11"
292,CC(=O)C1(O)CCC2C3CCC4=CC(=O)CCC4(C)C3CCC12C,"3,17"
293,OCCN1CCN(CCCN2C3=CC=CC=C3SC3=CC=C(C=C23)C(F)(F)F)CC1,"4,36"
294,CC1(C)SC2C(NC(=O)C(N)C3C=CC=CC=3)C(=O)N2C1C(O)=O,"1,35"
295,OC1C=CC=CC=1C(O)=O,"2,26"
296,O=C1NC2N=CNC=2C(=O)N1,"-0,73"
297,NC(C(O)=O)C1C=CC=CC=1,"-1,70"
298,O=C1NC2C(N1)=NC(=O)NC2=O,"-2,17"
299,OC1CC(OC1CO)N1C=C(C(=O)NC1=O)C(F)(F)F,"-0,46"
300,O=C(CBr)C1C=CC=CC=1,"2,19"
301,NCCCC(N)C(O)=O,"-4,22"
302,OC1C(CC2C(Cl)=C(Cl)C=C(Cl)C=2O)=C(Cl)C(Cl)=CC=1Cl,"7,54"
303,NC(=O)CC(N)C(O)=O,"-3,82"
304,CC1=CC=C(C=C1)S(N)(=O)=O,"0,82"
305,CCC(=O)C1C=CC(O)=CC=1,"2,03"
306,NC(CC1=CN=CN1)C(O)=O,"-3,32"
307,CCCO,"0,25"
308,NC1CC=NC(=O)N=1,"-1,73"
309,O=C1NC=NC(=O)N1,"-1,87"
310,CCCCO,"0,88"
311,CCCCCO,"1,54"
312,C1C=CC=CC=1,"2,13"
313,CC(Cl)(Cl)Cl,"2,49"
314,CC12CCC(CC1CCC1C2CCC2(C)C(CCC21O)C1COC(=O)C=1)OC1CC(O)C(OC2CC(O)C(OC3CC(O)C(O)C(C)O3)C(C)O2)C(C)O1,"2,34"
315,NC1C=CC(=CC=1)S(=O)(=O)NC1=NC=CS1,"0,05"
316,CC(C)C(N)C(O)=O,"-2,26"
317,CC(O)C(N)C(O)=O,"-2,94"
318,COC1C=CC(=CC=1)C(C1C=CC(=CC=1)OC)C(Cl)(Cl)Cl,"5,08"
319,ClC(Cl)C(C1=CC=C(Cl)C=C1)C1=CC=C(Cl)C=C1,"6,12"
320,ClC(Cl)=C(C1C=CC(Cl)=CC=1)C1C=CC(Cl)=CC=1,"6,73"
321,CNCCC=C1C2C=CC=CC=2CCC2C=CC=CC=21,"4,51"
322,NC1=NC=NC2NC=NC=21,"-0,09"
323,CC(CC)C(N)C(O)=O,"-1,72"
324,NC1NC(=O)C2N=CNC=2N=1,"-0,91"
325,NS(=O)(=O)C1C=C2C(=CC=1C(F)(F)F)NC(CC1=CC=CC=C1)NS2(=O)=O,"1,54"
326,OC(=O)C1C=CC(Cl)=CC=1,"2,65"
327,NC(=N)NCCCC(N)C(O)=O,"-4,20"
328,CBr,"1,19"
329,CC,"1,81"
330,C=C,"1,13"
331,C#C,"0,37"
332,CCl,"1,08"
333,CI,"1,51"
334,CN,"-0,57"
335,C#N,"-0,25"
336,BrCBr,"1,79"
337,CCBr,"1,61"
338,ClCBr,"1,41"
339,CCC,"2,36"
340,CC#C,"0,94"
341,CCCl,"1,43"
342,CCI,"2,00"
343,CCN,"-0,13"
344,CC#N,"-0,34"
345,CC=O,"-0,34"
346,ClCCl,"1,25"
347,FCF,"0,20"
348,ICI,"2,30"
349,NC=O,"-1,51"
350,S=C=S,"1,94"
351,C1CC1,"1,72"
352,C1CO1,"-0,30"
353,BrC(Br)Br,"2,54"
354,CC(C)Br,"2,14"
355,ClC(Cl)Br,"2,05"
356,CC(C)C,"2,76"
357,CC(C)Cl,"1,90"
358,CC(C)I,"2,89"
359,CC(C)N,"0,26"
360,CC(Cl)Cl,"1,79"
361,C=C(Cl)Cl,"2,13"
362,CC(F)F,"0,75"
363,C=C(F)F,"1,24"
364,FC(Cl)Cl,"1,55"
365,FC(F)Cl,"1,08"
366,FC(F)F,"0,64"
367,CN(C)C,"0,16"
368,C[N+]([O-])=O,"-0,30"
369,CC1CO1,"0,03"
370,FC(F)(F)Br,"1,86"
371,CC(C)(C)N,"0,40"
372,CC(C)(C)O,"0,35"
373,FC(Cl)(Cl)Cl,"2,53"
374,FC(F)(Cl)Cl,"2,16"
375,FC(F)(F)Cl,"1,65"
376,FC(F)(F)F,"1,18"
377,C[Si](C)(C)C,"3,24"
378,OCC(Br)(Br)Br,"2,10"
379,CCC(C)(C)C,"3,82"
380,CC(C)(C)CO,"1,31"
381,CCC(C)(C)O,"0,89"
382,O=CC(Cl)(Cl)Cl,"0,99"
383,OCC(F)(F)F,"0,41"
384,CC(=O)C(C)(C)C,"1,20"
385,CC(C)(C)C(O)=O,"1,48"
386,CC(Cl)(Cl)C(O)=O,"0,78"
387,ClC(Cl)C(Cl)(Cl)Cl,"3,22"
388,OC(=O)C(Cl)(Cl)Cl,"1,33"
389,[O-][N+](=O)C(Cl)(Cl)Cl,"2,09"
390,FC(F)(Cl)C(F)(Cl)Cl,"3,16"
391,FC(F)(Cl)C(F)(F)Cl,"2,82"
392,FC(F)(F)C(F)(F)F,"2,00"
393,CC1(C)C2CC(=O)C1(C)CC2,"2,38"
394,CC1(C)OC2(C(CC3C4CCC5=CC(=O)C=CC5(C)C4(F)C(O)CC23C)O1)C(=O)CO,"2,53"
395,COC(F)(F)C(Cl)Cl,"2,21"
396,CN1CCC23C4OC5C2=C(CC1C3(O)CCC4=O)C=CC=5O,"0,83"
397,CC1(O)CCC2C3CCC4=CC(=O)CCC4(C)C3(F)C(O)CC12C,"2,38"
398,ClC1(Cl)C2(Cl)C3C=CC(Cl)C3C1(Cl)C(Cl)=C2Cl,"6,10"
399,C=CCC1(C2CCC=C2)C(=O)NC(=O)NC1=O,"1,51"
400,CCCC(C)C1(CC=C)C(=O)NC(=O)NC1=O,"1,97"
401,CCC1(C(C)CCC)C(=O)NC(O)=NC1=O,"2,10"
402,CCC1(C(C)CCC)C(=O)NC(S)=NC1=O,"2,85"
403,CCC1(C(C)C)C(=O)NC(=O)NC1=O,"0,97"
404,ClC(C1C=CC=CC=1)(C1C=CC=CC=1)C1C=CC=CC=1,"5,25"
405,OC(C1C=CC=CC=1)(C1C=CC=CC=1)C1C=CC=CC=1,"3,68"
406,OC(=O)C(O)(C1C=CC=CC=1)C1C=CC=CC=1,"2,30"
407,CC1(C2C=CC=CC=2)C(=O)NC(=O)NC1=O,"0,91"
408,CCC(=O)C(CC(C)N(C)C)(C1C=CC=CC=1)C1C=CC=CC=1,"3,93"
409,CC(C)C1(CC=C)C(=O)NC(=O)NC1=O,"1,15"
410,CC12C3C(C(O)=O)C45CC(O)(CCC4C3(C=CC1O)OC2=O)C(=C)C5,"0,24"
411,CN1CCC23CCCCC2C1CC1C=CC(O)=CC3=1,"3,11"
412,OC1C=CC(=CC=1)C1(OC(=O)C2C=CC=CC1=2)C1C=CC(O)=CC=1,"2,89"
413,C1CCCCN1C1(CCCCC1)C1C=CC=CC=1,"4,69"
414,CCC(=O)OC1(CCN(C)CC1C)C1C=CC=CC=1,"2,83"
415,CCC1(CCC(=O)NC1=O)C1C=CC=CC=1,"1,90"
416,CCCC(C)C1(CC=C)C(=O)NC(=S)NC1=O,"3,23"
417,CCCCC1(CC)C(=O)NC(=O)NC1=O,"1,73"
418,CCCCCCC1(CC)C(=O)NC(=O)NC1=O,"2,46"
419,CCC1(CC)C(=O)NC(=S)NC1=O,"1,50"
420,NS(=O)(=O)C1C=C(C=CC=1Cl)C1(O)NC(=O)C2=CC=CC=C12,"0,85"
421,ClC1(Cl)C(Cl)=C(Cl)C(Cl)=C1Cl,"5,04"
422,CCC(Br)(CC)C(=O)NC(N)=O,"1,54"
423,CCC1(C)CC(=O)NC1=O,"0,38"
424,CC1(C)NC(=O)NC1=O,"-0,48"
425,CCOP(=O)(C#N)N(C)C,"0,38"
426,OC(=O)C(O)(CC(O)=O)CC(O)=O,"-1,64"
427,CCC(CO)(CO)CO,"-1,48"
428,C#CC1(O)CCCCC1,"1,73"
429,CCP(=O)(OCC)OCC,"0,66"
430,CCOP(=O)(OCC)OCC,"0,80"
431,CCCCSP(=O)(SCCCC)SCCCC,"5,70"
432,CCCCOCCOP(=O)(OCCOCCCC)OCCOCCCC,"3,75"
433,CC1CC(C)(C)CC(=O)C=1,"1,70"
434,C[Si](C)(OCC)OCC,"0,61"
435,CC(C)(C#N)N=NC(C)(C)C#N,"1,10"
436,CC(C)=CCCC(C)(O)C=C,"2,97"
437,CC(=C)C=C,"2,42"
438,CC(C)CN,"0,73"
439,CC(C)C#N,"0,46"
440,CC(C)CO,"0,76"
441,CCC(C)Cl,"2,33"
442,CC(Cl)CCl,"1,98"
443,CCC(C)O,"0,61"
444,CCC(C)=O,"0,29"
445,CC(O)CN,"-0,96"
446,CC(O)C#N,"-0,94"
447,ClCC(Cl)Cl,"1,98"
448,ClC=C(Cl)Cl,"2,51"
449,CCC(N)=O,"-0,66"
450,C=CC(N)=O,"-0,67"
451,NC(=O)CCl,"-0,53"
452,OC(=O)CBr,"0,41"
453,CCC(O)=O,"0,33"
454,C=CC(O)=O,"0,35"
455,OC(=O)CCl,"0,22"
456,OCC(O)=O,"-1,11"
457,CNC(C)=O,"-1,05"
458,COC(C)=O,"0,18"
459,CC[N+]([O-])=O,"0,17"
460,CC(C)C(C)C,"3,42"
461,CC(C)C(O)=O,"0,94"
462,ClC(Cl)C(Cl)Cl,"2,50"
463,CC(=C)C(N)=O,"-1,11"
464,CC(=C)C(O)=O,"0,93"
465,OC(=O)C(Cl)Cl,"0,92"
466,CC(C)[N+]([O-])=O,"1,14"
467,CC1(O)C2C(C(=O)C3C1=CC=CC=3O)C(=O)C1(O)C(C(C(=O)C(C(N)=O)C1=O)N(C)C)C2O,"-0,90"
468,CC(C)(C1C=CC(O)=CC=1)C1C=CC(O)=CC=1,"3,32"
469,NC1C=CC(=CC=1)S(=O)(=O)C1C=CC(N)=CC=1,"0,97"
470,CC1C=CC(=CC=1)S(=O)(=O)N(C)N=O,"0,58"
471,NNS(=O)(=O)C1C=CC=CC=1,"-0,14"
472,CC1CCC(CC=1)C(C)(C)OC(C)=O,"3,96"
473,COC1=CC=C(NS(=O)(=O)C2C=CC(N)=CC=2)N=N1,"0,32"
474,CC1C=CC(=CC=1)S(=O)(=O)OCC,"1,81"
475,CC(C)(OOC(C)(C)C1C=CC=CC=1)C1C=CC=CC=1,"5,50"
476,CC1=CCC2CC1C2(C)C,"4,83"
477,CCC(Br)C(O)=O,"1,42"
478,CCC(N)C(O)=O,"-2,54"
479,CC(=C)C(=O)OC,"1,38"
480,CN(C)C(=N)N(C)C,"0,41"
481,NC1C(=CC=C2C=CC=CC2=1)S(O)(=O)=O,"-0,97"
482,O=C1NS(=O)(=O)C2C=CC=CC1=2,"0,91"
483,NC1=CC(=C(C=CC2C=CC(N)=CC=2S(O)(=O)=O)C=C1)S(O)(=O)=O,"-1,70"
484,CC(=O)C1C(C)=C(C(=C(C=1C)[N+]([O-])=O)C(C)(C)C)[N+]([O-])=O,"4,30"
485,NC1=CC=C2C=CC=CC2=C1S(O)(=O)=O,"-1,16"
486,CC1C=CC=C(C)C=1[N+]([O-])=O,"2,95"
487,CC(CCC(O)=O)C1CCC2C3C(CC(O)C21C)C1(C)CCC(O)CC1CC3O,"2,02"
488,CC(=O)CC(C1C(=O)C2=CC=CC=C2OC1=O)C1C=CC=CC=1,"2,70"
489,CCN(CC)c1cc2oc3cc(ccc3c(c2cc1)C1=CC=CC=C1C(O)=O)N(CC)CC,"1,95"
490,OCC1=CC=CC=C1C(C1C=CC(O)=CC=1)C1C=CC(O)=CC=1,"3,27"
491,O=C1C2=CC=CC3=CC=CC(=C32)C2=CC=CC=C21,"4,81"
492,OC(=O)C1C2=CC=CC=C2OC2=CC=CC=C21,"2,23"
493,CNC1C=CC=C2C=1C(=O)C1C=CC=CC=1C2=O,"4,10"
494,NC1C=CC=C2C=1C(=O)C1C=CC=CC=1C2=O,"3,74"
495,O=C(C1C(=O)C2C=CC=CC=2C1=O)C(C1C=CC=CC=1)C1C=CC=CC=1,"4,27"
496,[O-][N+](=O)C1C(Cl)=C(Cl)C(Cl)=C(Cl)C=1Cl,"4,64"
497,O=C1C2=CC=CC3C=CC=C(C=32)C1=O,"1,95"
498,OC(=O)C(C1C=CC(Cl)=CC=1)C1C=CC(Cl)=CC=1,"4,64"
499,O=C1C(C2C=CC=CC=2)C(=O)C2=CC=CC=C12,"2,90"
500,O=C1CCC(=O)N1C1C=CC=CC=1,"0,06"
501,C1CC2=CC=CC3=CC=CC1=C23,"3,92"
502,CC1=CNC2C=CC=CC=21,"2,60"
503,CC1C=CC=C(C(O)=O)C=1O,"2,86"
504,CC1=C(C=CC=C1C)[N+]([O-])=O,"2,83"
505,CC1C(Cl)=CC=CC=1[N+]([O-])=O,"3,09"
506,CC(CCC(O)=O)C1CCC2C3CCC4CC(O)CCC4(C)C3CC(O)C21C,"3,50"
507,CN1C=CC(=O)C2=CC=CC=C12,"0,44"
508,OC1C=CC=C2C=1C=CC=C2O,"1,94"
509,CN1C2N=CN(C)C=2C(=O)NC1=O,"-0,78"
510,O=C1C2=CC=CC=C2C(=O)CC1=O,"1,38"
511,CC(=C)C1CC2C(=CC=C3C(=O)C4C(COC5C=C(OC)C(=CC=54)OC)OC=23)O1,"4,10"
512,CC1=CC2=C(C=C1C)N=C1C(=NC(=O)NC1=O)N2CC(O)C(O)C(O)CO,"-1,46"
513,CC1C=CC=CC=1C(OCCN(C)C)C1C=CC=CC=1,"3,77"
514,CCN(CCCN1C2=CC=CC=C2SC2C=CC(Cl)=CC1=2)CC,"6,46"
515,NC(=O)C1CCN(CCCN2C3=CC=CC=C3SC3C=CC(Cl)=CC2=3)CC1,"4,44"
516,O=C1C2C=CC=CC=2C2C=CC=CC=2C1=O,"2,52"
517,CCC1=CC2=C(C=C1)C(=O)C1C=CC=CC=1C2=O,"4,37"
518,O=C1C2C=CC=CC=2C(=O)C2C=CC=CC1=2,"3,39"
519,CCOC(=O)C1=CC=CC=C1C(=O)OCC,"2,45"
520,CC(C)COC(=O)C1C=CC=CC=1C(=O)OCC(C)C,"4,11"
521,CCCCOC(=O)C1=CC=CC=C1C(=O)OCCCC,"4,61"
522,CCCCCCOC(=O)C1C=CC=CC=1C(=O)OCCCCCC,"6,82"
523,CCCCCCCCCCOC(=O)C1=CC=CC=C1C(=O)OCCCCCCCCCC,"9,05"
524,OC1C=CC(=C2C=CC=CC=12)S(O)(=O)=O,"-0,44"
525,CN(C)CC(C)CN1C2=CC=CC=C2SC2C=CC=CC1=2,"4,71"
526,CN1CCN(CCCN2C3C=CC=CC=3SC3C=CC=CC2=3)CC1,"4,00"
527,C1=CC2C=CC=CC=2C2C=CC=CC=21,"4,46"
528,C1=CC2N=CC=CC=2C2=CC=CC=C21,"3,43"
529,CN1C(=O)C2NC(Cl)=NC=2N(C)C1=O,"-0,85"
530,OC(=O)CC1C(Cl)=C(Cl)C=CC=1Cl,"3,20"
531,O=C1NC(=O)C2C=CC=CC1=2,"1,15"
532,O=C1OC(=O)C2C=CC=CC1=2,"1,60"
533,COC1C(N)=CC=CC=1[N+]([O-])=O,"1,78"
534,CCCCOC(=O)C1C=CC=CC=1C(=O)OCC1C=CC=CC=1,"4,82"
535,CCCCOC1=CC(C(=O)NCCN(CC)CC)=C2C=CC=CC2=N1,"4,40"
536,COC1C=C2C=CC=NC2=C(C=1)[N+]([O-])=O,"1,87"
537,CCN1C2=CC=CC=C2C2C=CC=CC1=2,"4,49"
538,O=NN(C1C=CC=CC=1)C1C=CC=CC=1,"3,13"
539,CCN1C(=O)NC(C2C=CC=CC=2)C1=O,"1,05"
540,C[N+]1C2C=C(N)C=CC=2C=C2C=CC(N)=CC=12,"-1,78"
541,COP(=S)(OC)SCN1N=NC2C=CC=CC=2C1=O,"2,75"
542,NNC1=NN=CC2=CC=CC=C21,"1,00"
543,OC(=O)C1C=CC=C2C=CC=CC2=1,"3,10"
544,CN(C)C1C=CC=C2C=CC=CC2=1,"3,46"
545,[O-][N+](=O)C1C=CC=C2C=CC=CC2=1,"3,19"
546,C1C2C=CC=CC=2C2C=CC=CC=21,"4,18"
547,C1=CC=CC2NC3=CC=CC=C3C=21,"3,60"
548,COC1C=C(C=O)C=C(OC)C=1OC,"1,39"
549,OC(=O)CC1C=CC=C2C=CC=CC2=1,"2,24"
550,NC(=S)NC1C=CC=C2C=CC=CC2=1,"1,65"
551,O=C1NC2=CC=CC=C2C(=O)N1,"0,77"
552,ClC1C=C2N=CC=C(Cl)C2=CC=1,"3,57"
553,CC1(C)SC2C(NC(=O)COC3C=CC=CC=3)C(=O)N2C1C(O)=O,"2,09"
554,OC1C=CC=CC=1C(=O)NC1C=CC=CC=1,"3,27"
555,CCOC(=O)C1C=CC=CC=1N,"2,57"
556,[O-][N+](=O)OC1COC2C1OCC2O[N+]([O-])=O,"1,31"
557,COC1C(Cl)=CC(Cl)=CC=1Cl,"4,08"
558,O=C1OCC2=CC=CC=C21,"0,80"
559,OC(=O)CC1=CNC2C=CC=CC=21,"1,41"
560,ClC1C=CC=C(Cl)C=1Cl,"4,08"
561,CC1C=CC=C(C)C=1N,"1,84"
562,CC1C=CC=C(Cl)C=1O,"2,80"
563,OC1C(Cl)=CC=CC=1Cl,"2,75"
564,ClC(Cl)=C(Cl)C(Cl)=C(Cl)Cl,"4,78"
565,BrC1C(Br)=C(Br)C(Br)=C(Br)C=1Br,"6,07"
566,ClC1C(Br)C(Br)C(Br)C(Br)C1Br,"4,72"
567,CC1C(C)=C(C)C(C)=C(C)C=1C,"4,86"
568,OC1C(Cl)=C(Cl)C(Cl)=C(Cl)C=1Cl,"5,12"
569,CCOC(=O)C(O)C(O)C(=O)OCC,"-0,29"
570,CC1C=C(O)C=C(C)C=1Cl,"3,27"
571,OC1C(Cl)=CC(Cl)=CC=1Cl,"3,69"
572,CCC(CC)C(O)=O,"1,68"
573,C=CN1CCCC1=O,"0,37"
574,OC(=O)C1C=CSC=1,"1,50"
575,OC(=O)C1=CC=CO1,"0,64"
576,CC(=O)C1=CC=CS1,"1,25"
577,FC(F)(F)C1=CC=CC=C1Cl,"3,53"
578,NC1C=CC=CC=1C(F)(F)F,"2,41"
579,CC(C)(C)C1C=CC=CC=1O,"3,31"
580,CC1C=CC=CC=1S(N)(=O)=O,"0,84"
581,NC1C=C(N)C(=CC=1)S(O)(=O)=O,"-4,65"
582,OC(=O)C1C=CC=CC=1Br,"2,20"
583,OC(=O)C1=CC=CC=C1I,"2,40"
584,NC1=CC=CC=C1C(N)=O,"0,35"
585,CC(C)C1C=CC=CC=1O,"2,88"
586,CC1=CC=CC=C1[N+]([O-])=O,"2,30"
587,[O-][N+](=O)C1C=CC=CC=1Cl,"2,24"
588,NC1=CC=CC=C1[N+]([O-])=O,"1,85"
589,[O-][N+](=O)C1C=CC=CC=1O,"1,79"
590,CCC(C)C1=CC(=CC(=C1O)[N+]([O-])=O)[N+]([O-])=O,"3,56"
591,[O-][N+](=O)C1=CC(=C(O)C(=C1)[N+]([O-])=O)[N+]([O-])=O,"1,44"
592,NC(=O)C1C=CC=CC=1C(N)=O,"-1,73"
593,OC(=O)C1=CC=CC=C1C(O)=O,"0,73"
594,O=C1NC(C2C=CC=CC=2)C(=O)N1,"0,46"
595,CC(=O)NC1=CC=CC=C1C(O)=O,"1,88"
596,OC1C=CC(Br)=CC=1C(O)=O,"3,23"
597,CC1C=CC(O)=C(C=1)C(O)=O,"2,78"
598,CC1C=CC(Cl)=CC=1[N+]([O-])=O,"3,05"
599,[O-][N+](=O)C1C=C(Cl)C=CC=1Cl,"3,09"
600,NC1C=CC(Cl)=CC=1[N+]([O-])=O,"2,72"
601,[O-][N+](=O)C1C=C(Cl)C=CC=1O,"2,46"
602,CC1C=C(O)C(=CC=1Cl)C(C)C,"3,92"
603,[O-][N+](=O)C1=CC(Cl)=C(Cl)C=C1Cl,"3,48"
604,CC1C=CC=CC=1C(=O)OC,"2,75"
605,CCC(C)C1C=CC=CC=1O,"3,27"
606,CC(C)C1CCC(C)CC1O,"3,34"
607,CC1CCC(C(C)C)C(=O)C=1,"2,85"
608,CC(C)=C1CCC(C)CC1=O,"3,08"
609,CC1C=C(O)C(=CC=1)C(C)C,"3,30"
610,OC1C=C(O)C(=CC=1)C(O)=O,"1,63"
611,O=CC1C=CC=CC=1Cl,"2,33"
612,CCC1C=CC=CC=1O,"2,47"
613,OC1=CC=CC=C1CO,"0,73"
614,OC1=CC=CC=C1C=O,"1,81"
615,COC1=CC=CC=C1N,"1,18"
616,COC1C=CC=CC=1O,"1,32"
617,CC1C=CC=C2C=CC=CC2=1,"3,87"
618,ClC1C=CC=C2C=CC=CC2=1,"4,05"
619,OC1=CC=CC2=CC=CC=C21,"2,85"
620,O=C1N=NNC2C=CC=CC=21,"0,83"
621,C1=CC=C2C=CC=CC2=C1NC1C=CC=CC=1,"4,20"
622,CC1=CC(=O)OC2C=C(O)C=CC=21,"1,90"
623,NC1C=CC=CC=1C1C=CC=CC=1,"2,84"
624,OC1C=CC=CC=1C1C=CC=CC=1,"3,09"
625,O=C1C2C=CC=CC=2CC2C=CC=CC=21,"3,66"
626,NC1C2=CC=CC=C2N=C2C=CC=CC2=1,"2,74"
627,O=C1C2C=CC=CC=2OC2C=CC=CC=21,"3,39"
628,OC(=O)C(O)C1C=CC=CC=1,"0,62"
629,CN(C)C1C=CC(=CC=1)C(=O)C1C=CC(=CC=1)N(C)C,"3,87"
630,OC(C1C=CC=CC=1)C1C=CC=CC=1,"2,67"
631,O=C(C1=CC=CC=N1)C1C=CC=CC=1,"1,88"
632,COC1=CC=CC(OC)=C1O,"1,15"
633,N#CC1=CC=CC=C1C#N,"0,99"
634,COC1=CC=CC=C1OC,"1,60"
635,C1=NC=NC2=NC=CN=C21,"-0,58"
636,C1=CC=CC2N=CC=NC=21,"1,32"
637,C1=CC=CC2=CC=CC=C21,"3,30"
638,C1=CC=NC2C=CC=CC=21,"2,03"
639,COC1C=CC=CC=1[N+]([O-])=O,"1,73"
640,NS(=O)(=O)C1C=C2C(=CC=1Cl)N=C(CSCC1C=CC=CC=1)NS2(=O)=O,"1,73"
641,OC(=O)C1C=CC=CC=1NC1C=CC=CC=1,"4,36"
642,CC1C=CC(C(C)C)=C(C=1)OCCN(C)C,"3,79"
643,CC1C2=CC=CC=C2NC=1C,"3,05"
644,O=C1C2C=CC=CC=2NC1=O,"0,83"
645,CC1=CC2=CC=CC=C2C=C1,"3,86"
646,ClC1C=C2C=CC=CC2=CC=1,"4,02"
647,NC1=CC2C=CC=CC=2C=C1,"2,28"
648,CC1=CC2=CC=CN=C2C=C1,"2,57"
649,CC1C=CC2C=CC=CC=2N=1,"2,59"
650,O=C1C=CC2C=CC=CC=2O1,"1,39"
651,CCN(CC)C1C=CC=CC=1,"3,31"
652,NC1=NC(=NC(N)=N1)C1C=CC=CC=1,"1,36"
653,CN(C)CCN(CC1=CC=CS1)C1=CC=CC=N1,"2,87"
654,CN(C)CCN(CC1C=CC(=CC=1)OC)C1C=CC=CN=1,"3,27"
655,NC1C=CC(=CC=1Cl)C1=CC(Cl)=C(N)C=C1,"3,51"
656,CC1C=C(C=CC=1NC(=O)CC(C)=O)C1C=C(C)C(=CC=1)NC(=O)CC(C)=O,"1,75"
657,CCC1C(COC1=O)CC1=CN=CN1C,"0,12"
658,C1=C2C=C3C=CC=CC3=CC2=CC2=CC=CC=C21,"5,83"
659,O=C1CCN(N1)C1C=CC=CC=1,"0,89"
660,OC1=CC2C=CC=CC=2C=C1O,"2,24"
661,CCN(CCO)C1C=CC=CC=1,"2,10"
662,C1=CC=CC=C1C1C=CC=CC=1,"4,01"
663,C1CN(CCO1)C1C=CC=CC=1,"1,36"
664,C1CN(CCN1)C1C=CC=CC=1,"1,10"
665,CC(=O)OC(OC(C)=O)C1=CC=C(O1)[N+]([O-])=O,"1,06"
666,NC1=CC2=NC3=CC(N)=CC=C3C=C2C=C1,"1,83"
667,BrC1C=CC(=CC=1)C1C=CC=CC=1,"4,96"
668,NC1C=CC(=CC=1)C1C=CC=CC=1,"2,86"
669,OC1C=CC(=CC=1)C1C=CC=CC=1,"3,20"
670,OC1=CC2C=CC=CC=2C=C1C(O)=O,"3,05"
671,C1N=C(OC=1C1C=CC=CC=1)C1C=CC=CC=1,"4,67"
672,C1=CC=CC2=NC3=CC=CC=C3N=C21,"2,84"
673,C1C2=CC=CC=C2OC2C=CC=CC=21,"4,23"
674,C1=CC=CC2NC3=CC=CC=C3SC=21,"4,15"
675,C1=CC=CC2SC3=CC=CC=C3SC=21,"4,47"
676,BrC1C=CC(=CC=1)C1C=CC(Br)=CC=1,"5,72"
677,NC1C=CC(=CC=1)C1C=CC(N)=CC=1,"1,34"
678,OC(=O)C1C=CC(=CC=1)C1C=CC=CC=1,"3,75"
679,[O-][N+](=O)C1C=CC(=CC=1)C1C=CC=CC=1,"3,82"
680,C1=CC(=CC=C1C1C=CC=CC=1)C1C=CC=CC=1,"6,03"
681,COC1=CC=C(C=C1C=O)OC,"1,91"
682,COC1=CC2C=CC=CC=2C=C1,"3,47"
683,COC1=CC=C(C=C1OC)C(O)=O,"1,61"
684,OC(=O)C1C=C2C=CC=CC2=CC=1,"3,28"
685,COC1=CC=CC=C1OCC(O)CO,"1,39"
686,CC(=O)NC1=CC=CC=C1OC,"0,67"
687,CCC(=O)C1C=CC=CC=1,"2,19"
688,COC(=O)C1C=CC=CC=1,"2,12"
689,COC(=O)C1C=CC=NC=1,"0,83"
690,CN(C=O)C1C=CC=CC=1,"1,09"
691,CC1C=C(Cl)C=CC=1OC(C)C(O)=O,"3,13"
692,CC(OC1C=C(Cl)C(Cl)=CC=1Cl)C(O)=O,"3,80"
693,OC(=O)COC1C=C(Cl)C(Cl)=CC=1Cl,"3,31"
694,CCCCOC(=O)COC1C=C(Cl)C(Cl)=CC=1Cl,"4,81"
695,CCOC(=O)C1C=CC=CC=1,"2,64"
696,O=C(OC(=O)C1C=CC=CC=1)C1C=CC=CC=1,"2,26"
697,O=C(NC1C=CC=CC=1)C1C=CC=CC=1,"2,62"
698,O=C(OC1C=CC=CC=1)C1C=CC=CC=1,"3,59"
699,CCOC(=O)CC(=O)C1C=CC=CC=1,"1,87"
700,CNCC(O)C1=CC=C(O)C=C1,"-0,45"
701,CCOC(=O)C1C=CC(N)=CC=1,"1,86"
702,CCCOC(=O)C1C=CC(N)=CC=1,"2,43"
703,CCCOC(=O)C1C=CC(O)=CC=1,"3,04"
704,OC1=CC=C(C=C1)C(=O)OCC1C=CC=CC=1,"3,56"
705,CCC1=NN=C(NS(=O)(=O)C2C=CC(N)=CC=2)S1,"1,01"
706,CCCNC(=O)NS(=O)(=O)C1=CC=C(Cl)C=C1,"2,27"
707,CCCCNC1C=CC(=CC=1)C(=O)OCCN(C)C,"3,51"
708,CCCCOC(=O)C1C=CC(N)=CC=1,"2,87"
709,CCCCOC(=O)C1C=CC(O)=CC=1,"3,57"
710,OCCOC(=O)C1C=CC=CC=1,"1,12"
711,O=C(OOC(=O)C1C=CC=CC=1)C1C=CC=CC=1,"3,46"
712,O=C(C=CC1C=CC=CC=1)C1C=CC=CC=1,"3,08"
713,O=C(OCC1C=CC=CC=1)C1C=CC=NC=1,"2,40"
714,CC(C)CCOC(=O)C1C=CC=CC=1,"4,15"
715,O=C(OCCC1C=CC=CC=1)C1C=CC=CC=1,"4,01"
716,CCOC1C=CC=CC=1O,"1,68"
717,CC1C=C(Cl)C=CC=1OCC(O)=O,"3,25"
718,OC(=O)COC1C=CC(Cl)=CC=1Cl,"2,81"
719,OC(=O)CCCOC1=CC=C(Cl)C=C1Cl,"3,53"
720,ClCC1=CC=C(Cl)C=C1Cl,"3,82"
721,C1C=CC2C=CC=CC=21,"2,92"
722,C1=CC=CC2NN=NC=21,"1,44"
723,C1=CC=CC2SC=CC=21,"3,12"
724,C1=NC2=CC=CC=C2S1,"2,01"
725,CC1=CC2=CC=CC=C2N1,"2,53"
726,CC(C)(C)NSC1=NC2C=CC=CC=2S1,"4,67"
727,CC1C=CC=CC=1C,"3,12"
728,CC1C=CC=CC=1O,"1,95"
729,CC1C=CC=CC=1Cl,"3,42"
730,ClC1C=CC=CC=1Cl,"3,43"
731,NC1C=CC=CC=1Cl,"1,90"
732,CC1C=CC=CC=1N,"1,32"
733,NC1C=CC=CC=1N,"0,15"
734,NC1C=CC=CC=1O,"0,62"
735,OC1C=CC=CC=1Br,"2,35"
736,OC1=CC=CC=C1Cl,"2,15"
737,NC1CC1C1C=CC=CC=1,"1,58"
738,CC1=CC(C)=C(C)C=C1,"3,63"
739,CC1=CC(N)=CC=C1C,"1,84"
740,CC1C=C(O)C=CC=1C,"2,23"
741,CC1=CC(C)=C(N)C=C1,"1,68"
742,CC1C=C(O)C=CC=1O,"0,91"
743,CC1C=C(Cl)C(C)=CC=1,"3,86"
744,CC1=CC=C(Cl)C=C1Cl,"4,24"
745,CC1=CC(Cl)=C(Cl)C=C1,"3,95"
746,NC1=CC(Cl)=C(Cl)C=C1,"2,69"
747,OC1C=C(Cl)C(Cl)=CC=1,"3,33"
748,CC1=CC(N)=C(C)C=C1,"1,83"
749,CC1C=CC(N)=CC=1N,"0,14"
750,NC1C=C(Cl)C=CC=1Cl,"2,75"
751,NC1C=C(Cl)C=CC=1N,"1,28"
752,CC1=CC=C(O)C(N)=C1,"1,16"
753,NC1=CC(Cl)=CC=C1O,"1,81"
754,CC1=CC(O)=C(C)C=C1,"2,33"
755,OC1C=C(O)C(Cl)=CC=1,"1,80"
756,CC1=NC=C(C)N=C1Cl,"1,50"
757,CCOC(=O)C(=O)OCC,"0,56"
758,CC1C=C(C)C(C)=CC=1C,"4,00"
759,ClC1C=C(Cl)C(Cl)=CC=1Cl,"4,62"
760,OC1C=C(Cl)C(Cl)=CC=1Cl,"3,72"
761,C1OC1C1C=CC=CC=1,"1,61"
762,ClCC(Br)CBr,"2,96"
763,CC(CC)CC,"3,60"
764,ClC(CCl)CCl,"2,27"
765,CCC(=O)CC,"0,91"
766,CCC(C)=NO,"0,63"
767,CNC(=O)NC,"-0,49"
768,COC(=O)C=C,"0,80"
769,CC1CCCC1,"3,37"
770,ClC1=CC=CS1,"2,54"
771,S=C1NCCN1,"-0,66"
772,O=C1CCCO1,"-0,64"
773,NC1=NC=CS1,"0,38"
774,CN1C=CC=C1,"1,21"
775,CC(OP(C)(=O)F)C(C)(C)C,"1,78"
776,CC(C)(C)C1C=C(C=CC=1O)C(C)(C)C,"5,19"
777,CC1C=CC=C(C)C=1NC(=O)C1CCCCN1C,"1,95"
778,NC1C=C(C=C(C=1O)[N+]([O-])=O)[N+]([O-])=O,"0,93"
779,COC1C=C(C(N)=CC=1)[N+]([O-])=O,"1,94"
780,[O-][N+](=O)C1C=CC(O)=C(C=1)C(O)=O,"2,34"
781,CC1C=CC(=CC=1[N+]([O-])=O)C(O)=O,"2,35"
782,[O-][N+](=O)C1C=C(C=CC=1Cl)[N+]([O-])=O,"2,17"
783,NS(=O)(=O)C1=CC(=C(Cl)C=C1)[N+]([O-])=O,"0,66"
784,CCOP(=S)(OC1=CC=C(Cl)C=C1Cl)OCC,"5,14"
785,OC1=CC=C(Cl)C=C1CC1=CC(Cl)=CC=C1O,"4,26"
786,COC1=CC(=CC=C1O)C(O)CN,"-1,05"
787,COC1C=C(CC=C)C=CC=1O,"2,27"
788,CC=CC1C=C(OC)C(O)=CC=1,"3,04"
789,CCCC(C)C(O)=O,"1,80"
790,CC(=C)C(=O)OCC,"1,94"
791,CCN(CC)C(=S)SSC(=S)N(CC)CC,"3,88"
792,CC(=C)C(=O)OCC(C)C,"2,66"
793,CC(=C)C(=O)OCCCC,"2,88"
794,OCC1=CC=CO1,"0,28"
795,O=CC1=CC=CO1,"0,41"
796,O=CC1=CC=CS1,"1,02"
797,C[N+](C)(C)C1C=CC=CC=1,"-2,74"
798,O[As](O)(=O)C1C=CC=CC=1,"0,06"
799,CC(C)(C)C1C=CC=CC=1,"4,11"
800,FC(F)(F)C1C=CC=CC=1,"3,01"
801,NS(=O)(=O)C1C=CC=CC=1,"0,31"
802,NC1=CC(=CC=C1)C(F)(F)F,"2,29"
803,OC1=CC(=CC=C1)C(F)(F)F,"2,95"
804,NC1C=C(C=CC=1)S(N)(=O)=O,"-0,38"
805,[O-][N+](=O)C1=CC(=CC=C1)C(F)(F)F,"2,62"
806,CC1C=CC(=CC=1)C(C)(C)C,"5,17"
807,CC(C)(C)C1CCC(O)CC1,"3,23"
808,CC(C)(C)C1C=CC(O)=CC=1,"3,31"
809,CC1CCC(CC=1)C(C)(C)O,"2,98"
810,CS(=O)(=O)C1C=CC(Cl)=CC=1,"1,06"
811,NS(=O)(=O)C1C=CC(Cl)=CC=1,"1,15"
812,CC(C)(C)C1C=CC(=CC=1)C(O)=O,"3,85"
813,OB(O)C1C=CC=CC=1,"1,58"
814,CC(C)C1C=CC=CC=1,"3,66"
815,CC(=C)C1C=CC=CC=1,"3,48"
816,CC(=O)C1C=CC=CC=1,"1,58"
817,OC(=O)C1CCCCC1,"1,96"
818,NC(=O)C1C=NC=CC=1,"-0,37"
819,[O-][N+](=O)C1C=CC=CC=1,"1,85"
820,NC(=O)C1C=NC=CN=1,"-0,60"
821,OC(=O)C1=CC=CC=N1,"0,72"
822,CC(=O)C1C=C(Cl)C=CC=1,"2,51"
823,CC(=O)C1C=C(N)C=CC=1,"0,83"
824,CC1C=C(C=CC=1)C(O)=O,"2,37"
825,NC1C=C(C=CC=1)C(O)=O,"0,65"
826,OC1C=C(C=CC=1)C(O)=O,"1,50"
827,CN(C)C1C=C(O)C=CC=1,"1,56"
828,CC1=CC(=CC=C1)[N+]([O-])=O,"2,45"
829,NC1=CC(=CC=C1)[N+]([O-])=O,"1,37"
830,OC1=CC(=CC(O)=C1)C(O)=O,"0,86"
831,COC(=O)C1C=C(O)C(O)=C(O)C=1,"0,86"
832,[O-][N+](=O)C1=CC(Br)=C(O)C(Br)=C1,"3,57"
833,NC1C(Cl)=CC(=CC=1Cl)[N+]([O-])=O,"2,80"
834,[O-][N+](=O)C1C=C(C=C(C=1)[N+]([O-])=O)C(O)=O,"1,55"
835,[O-][N+](=O)C1C=C(C=C(C=1)[N+]([O-])=O)[N+]([O-])=O,"1,18"
836,CC1C=C(C=CC=1)C(=O)OC,"2,77"
837,CC1=CCC(CC1O)C(C)=C,"3,12"
838,OC1C=C(C=CC=1O)C(O)=O,"0,86"
839,CC1=CC(=CC=C1C)[N+]([O-])=O,"2,91"
840,[O-][N+](=O)C1C=C(Cl)C(Cl)=CC=1,"3,12"
841,CC1C=CC(=CC=1N)[N+]([O-])=O,"1,87"
842,NC1C=C(C=CC=1N)[N+]([O-])=O,"0,88"
843,NC1C=C(C=CC=1O)[N+]([O-])=O,"1,26"
844,COC1C=CC(=CC=1N)[N+]([O-])=O,"1,47"
845,[O-][N+](=O)C1=CC(Cl)=C(C=C1)C(O)=O,"2,03"
846,[O-][N+](=O)C1C=C(C=CC=1)C=O,"1,47"
847,[O-][N+](=O)C1C=C(C=CC=1)[N+]([O-])=O,"1,49"
848,CCCC(CCC)C(O)=O,"2,75"
849,CC(CC)C1C=CC(O)=CC=1,"3,08"
850,CC1C=CC(=CC=1)C(=O)OC,"2,70"
851,COC(=O)C1C=CC(O)=CC=1,"1,96"
852,CCOC(=O)C1=CC=C(C=C1)[N+]([O-])=O,"2,33"
853,CC(C)C1CCC(C)CC1,"5,56"
854,CC1CC=C(CC=1)C(C)C,"4,50"
855,CC1CCC(=CC=1)C(C)C,"4,25"
856,CC1C=CC(=CC=1)C(C)C,"4,10"
857,CC(C)C1C=CC(N)=CC=1,"2,49"
858,CC(C)C1C=CC(O)=CC=1,"2,90"
859,CC(=O)C1C=CC(Br)=CC=1,"2,43"
860,CC(=O)C1C=CC(Cl)=CC=1,"2,32"
861,CC(=O)C1C=CC(N)=CC=1,"0,83"
862,CC(=O)C1C=CC(O)=CC=1,"1,35"
863,CC1=CC=C(C=C1)C(O)=O,"2,27"
864,OC1C=CC(=CC=1)C(O)=O,"1,58"
865,CC1C=CC(=CC=1)N(C)C,"2,81"
866,CC1=CC=C(C=C1)[N+]([O-])=O,"2,37"
867,[O-][N+](=O)C1C=CC(Cl)=CC=1,"2,39"
868,NC1=CC=C(C=C1)[N+]([O-])=O,"1,39"
869,[O-][N+](=O)C1C=CC(O)=CC=1,"1,91"
870,CC(=O)C1=CC=C(C=C1)OC,"1,74"
871,COC1C=CC(=CC=1)C(O)=O,"1,96"
872,CN(C)C1C=CC(C=O)=CC=1,"1,81"
873,CCC1=CC=C(C=C1)[N+]([O-])=O,"3,03"
874,CNC1C=CC(=CC=1)[N+]([O-])=O,"2,04"
875,NNC1C=CC(=CC=1)[N+]([O-])=O,"1,41"
876,COC1C=CC(=CC=1)[N+]([O-])=O,"2,03"
877,CC(=O)C1C=CC(=CC=1)[N+]([O-])=O,"1,53"
878,OC(=O)C1C=CC(=CC=1)C(O)=O,"2,00"
879,CN(C)C1C=CC(=CC=1)[N+]([O-])=O,"2,27"
880,[O-][N+](=O)C1C=CC(=CC=1)[N+]([O-])=O,"1,46"
881,[O-][N+](=O)C1C=CC(CCO)=CC=1,"1,12"
882,CCOC1C=CC(=CC=1)[N+]([O-])=O,"2,53"
883,CCN(CCN)CC,"0,21"
884,BrCC1C=CC=CC=1,"2,92"
885,C=CC1CC=CCC1,"3,93"
886,CCC1C=CC=CC=1,"3,15"
887,C=CC1C=CC=CC=1,"2,95"
888,ClCC1C=CC=CC=1,"2,30"
889,NCC1C=CC=CC=1,"1,09"
890,N#CC1C=CC=CC=1,"1,56"
891,N#CC1C=CN=CC=1,"0,46"
892,OCC1C=CC=CC=1,"1,10"
893,O=CC1C=CC=CC=1,"1,48"
894,N#CC1=CN=CC=C1,"0,36"
895,OCC1C=NC=CC=1,"-0,02"
896,CNC1C=CC=CC=1,"1,66"
897,NNC1C=CC=CC=1,"1,25"
898,ON=C1CCCCC1,"0,84"
899,ONC1C=CC=CC=1,"0,79"
900,COC1C=CC=CC=1,"2,11"
901,CSC1C=CC=CC=1,"2,74"
902,C=CC1C=CC=CN=1,"1,54"
903,N#CC1C=CC=CN=1,"0,45"
904,CCC1C=CC=CN=1,"1,69"
905,O=NN1CCCCC1,"0,36"
906,C1CN2CCC1CC2,"1,38"
907,OC1C=C(C=O)C=CC=1,"1,29"
908,CC1C=CC=C(C=1)OC,"2,66"
909,ClC1=CC=CC=C1NC1N=C(Cl)N=C(Cl)N=1,"3,88"
910,NC1C=CC(CC2=CC(Cl)=C(N)C=C2)=CC=1Cl,"3,91"
911,CC(C)OC(=O)NC1C=C(Cl)C=CC=1,"3,51"
912,COC(=O)CC1C=CC=CC=1,"1,83"
913,CN(C)C(=O)NC1C=CC=CC=1,"0,98"
914,OC1C=CC(CC2C=CC=CC=2)=CC=1,"3,47"
915,NC1C=CC(CC2C=CC(N)=CC=2)=CC=1,"1,59"
916,NC1C=CC(=CC=1)OC1C=CC(N)=CC=1,"1,36"
917,C(C1C=CC=CC=1)C1C=CC=CC=1,"4,14"
918,C1=CC=CC=C1OC1C=CC=CC=1,"4,13"
919,CCOC(=O)CC1C=CC=CC=1,"2,28"
920,CCOC(=O)NC1C=CC=CC=1,"2,30"
921,CC(=O)NC(=O)NC1C=CC=CC=1,"1,60"
922,O=C(NC1C=CC=CC=1)NC1C=CC=CC=1,"3,00"
923,O=C(OC1C=CC=CC=1)OC1C=CC=CC=1,"3,28"
924,CC(=O)OC1C=C(O)C=CC=1,"1,23"
925,OC1C=C(CC(O)=O)C=CC=1O,"0,98"
926,CCOC(=O)C=CC1C=CC(O)=C(O)C=1,"2,56"
927,[O-][N+](=O)C1C=C(C=CC=1)NC=O,"1,40"
928,CC1C=C(C=CC=1N)OC,"1,23"
929,COC1C=CC(=CC=1N)OC,"1,20"
930,CCCN(CCC)CCC,"2,79"
931,C=CCN(CC=C)CC=C,"2,59"
932,OCCN(CCO)CCO,"-1,00"
933,CC(=O)OC(COC(C)=O)COC(C)=O,"0,25"
934,NC(=O)CCC1C=CC=CC=1,"0,91"
935,[O-][N+](=O)C=CC1C=CC=CC=1,"2,11"
936,CC(C)NCC1C=CC=CC=1,"1,83"
937,OC(=O)CNC1C=CC=CC=1,"0,62"
938,NC(=O)NNC1C=CC=CC=1,"0,13"
939,OC(=O)CSC1C=CC=CC=1,"1,88"
940,COC(=O)CCC1C=CC=CC=1,"2,32"
941,COC(=O)C=CC1C=CC=CC=1,"2,62"
942,C(CC1C=CC=CC=1)C1C=CC=CC=1,"4,79"
943,C(=CC1C=CC=CC=1)C1C=CC=CC=1,"4,81"
944,C(NC1C=CC=CC=1)C1C=CC=CC=1,"3,13"
945,C1=CC=CC=C1N=NC1C=CC=CC=1,"3,82"
946,CCOC(=O)C=CC1C=CC=CC=1,"2,99"
947,CC(C)CC(=O)OCC1C=CC=CC=1,"3,26"
948,CC(=O)OCCC1C=CC=CC=1,"2,30"
949,OC(=O)CSCC1C=CC=CC=1,"2,10"
950,C(NCC1C=CC=CC=1)C1C=CC=CC=1,"2,67"
951,C(OCC1C=CC=CC=1)C1C=CC=CC=1,"3,31"
952,BrCCC1C=CC=CC=1,"3,09"
953,CCCC1C=CC=CC=1,"3,71"
954,CNCC1C=CC=CC=1,"1,52"
955,CCNC1C=CC=CC=1,"2,16"
956,O=CNC1C=CC=CC=1,"1,15"
957,S=C=NC1C=CC=CC=1,"3,28"
958,CCOC1C=CC=CC=1,"2,51"
959,OCCC1C=CC=CN=1,"0,12"
960,CC(=O)CC1C=CC=CC=1,"1,44"
961,NC(=O)CC1C=CC=CC=1,"0,45"
962,OC(=O)CC1C=CC=CC=1,"1,41"
963,CN(C)CC1C=CC=CC=1,"1,98"
964,CC(=O)NC1C=CC=CC=1,"1,16"
965,NC(=S)NC1C=CC=CC=1,"0,71"
966,CC(=O)NC1C=CC(Br)=CC=1,"2,29"
967,CC1C=CC(=CC=1)NC(C)=O,"1,70"
968,CC(=O)NC1C=CC(O)=CC=1,"0,46"
969,COC1C=CC(CC(O)=O)=CC=1,"1,42"
970,[O-][N+](=O)C1C=CC(CC(O)=O)=CC=1,"1,39"
971,CC(=O)NC1C=CC(=CC=1)[N+]([O-])=O,"1,66"
972,NC1=CC=C(CCO)C=C1,"0,10"
973,CCCCC1C=CC(N)=CC=1,"3,05"
974,NCC(O)C1=CC=C(O)C=C1,"-0,90"
975,COCCOCCOCCOCCOCCOCCOCCOCCOCCOC(=O)C1C=CC(=CC=1)NCCCC,"2,45"
976,CCCCCCCCCC1C=CC(O)=CC=1,"5,76"
977,CCCCCCCCCCCCC1C=CC(O)=CC=1,"7,91"
978,COC1C=CC(CC#N)=CC=1,"1,70"
979,CCCCC1C=CC=CC=1,"4,38"
980,ClCCCC1C=CC=CC=1,"3,55"
981,OCC=CC1C=CC=CC=1,"1,95"
982,O=CC=CC1C=CC=CC=1,"1,90"
983,OCCNCC1C=CC=CC=1,"0,79"
984,C(COC1C=CC=CC=1)OC1C=CC=CC=1,"3,81"
985,CCCCCCCCCCC1C=CC=CC=1,"7,35"
986,CCCCC(CN)CC,"2,82"
987,ClC1C=CC(CCl)=CC=1,"3,18"
988,CC1=CC=C(CN)C=C1,"1,46"
989,O=CC1C=CC(Cl)=CC=1,"2,10"
990,OC1=CC=C(C=C1)N=O,"1,29"
991,COC1C=CC(Br)=CC=1,"3,05"
992,CC1C=CC(=CC=1)OC,"2,66"
993,COC1C=CC(N)=CC=1,"0,95"
994,CCC1C=CC(CC)=CC=1,"4,58"
995,ON=C1C=CC(C=C1)=NO,"1,49"
996,COC1C=CC(CO)=CC=1,"1,10"
997,COC(=O)CC#N,"-0,47"
998,CCOC(=O)CBr,"1,12"
999,CCC(=O)OCC,"1,21"
1 000,CCOC(=O)CCl,"0,94"
1 001,CCOC(=O)NC,"0,34"
1 002,CCC(C)OC(C)=O,"1,72"
1 003,CCOC(=O)CC(=O)OCC,"0,96"
1 004,CCNC(=S)NCC,"0,57"
1 005,CC(OCC)OCC,"0,84"
1 006,CCOC(=O)OCC,"1,21"
1 007,CC1=CC(C)=C(O)C=C1,"2,30"
1 008,CC(C)=CCCC(C)=CCOC(C)=O,"4,04"
1 009,CCCCCCCCCCCC(=O)OCCCC,"6,51"
1 010,CC(CCO)CCC=C(C)C,"3,91"
1 011,CC(C)=CCCC(C)=CCO,"3,56"
1 012,CCCCCCCCCCCC(=O)OCC,"5,71"
1 013,BrC1C=CC(Br)=CC=1,"3,79"
1 014,CC1=CC=C(Br)C=C1,"3,42"
1 015,ClC1=CC=C(Br)C=C1,"3,54"
1 016,NC1=CC=C(Br)C=C1,"2,26"
1 017,OC1=CC=C(Br)C=C1,"2,59"
1 018,CC1C=CC(C)=CC=1,"3,15"
1 019,CC1=CC=C(Cl)C=C1,"3,33"
1 020,CC1=CC=C(O)C=C1,"1,94"
1 021,ClC1C=CC(Cl)=CC=1,"3,44"
1 022,NC1=CC=C(Cl)C=C1,"1,83"
1 023,OC1=CC=C(Cl)C=C1,"2,39"
1 024,CC1=CC=C(N)C=C1,"1,39"
1 025,NC1C=CC(N)=CC=1,"-0,30"
1 026,O=C1C=CC(=O)C=C1,"0,20"
1 027,CN1CCN(C)CC1,"-0,40"
1 028,CC(O)COC(C)CO,"-0,67"
1 029,CC(C)COC(=O)C=C,"2,22"
1 030,COC(=O)CCC(=O)OC,"0,35"
1 031,C=CC1CC2OC2CC1,"2,08"
1 032,C1C2OC2CCC1C1CO1,"0,44"
1 033,ClCC1CO1,"0,45"
1 034,BrCCBr,"1,96"
1 035,CCCBr,"2,10"
1 036,C=CCBr,"1,79"
1 037,CCCC,"2,89"
1 038,CCC=C,"2,40"
1 039,C=CC=C,"1,99"
1 040,CC=CC,"2,33"
1 041,C=CC=O,"-0,01"
1 042,CCCS,"1,81"
1 043,ClCCCl,"1,48"
1 044,OCCCl,"0,03"
1 045,CCCN,"0,48"
1 046,C=CCN,"0,03"
1 047,CCC#N,"0,16"
1 048,C=CC#N,"0,25"
1 049,N#CCCl,"0,45"
1 050,NCCN,"-2,04"
1 051,C=CCO,"0,17"
1 052,C#CCO,"-0,38"
1 053,OCCO,"-1,36"
1 054,CC=NO,"-0,13"
1 055,COC=O,"0,03"
1 056,CC(=C)CC(C)(C)C,"4,55"
1 057,CC(C)OP(C)(=O)F,"0,30"
1 058,C[Si](C)(O[Si](C)(C)C)O[Si](C)(C)C,"6,60"
1 059,CCCC(C)=O,"0,91"
1 060,CCCC(O)=O,"0,79"
1 061,OC(=O)CCCl,"0,41"
1 062,NCCC(O)=O,"-3,05"
1 063,OC(=O)CCS,"0,43"
1 064,CNCC(O)=O,"-2,78"
1 065,CCC[N+]([O-])=O,"0,83"
1 066,CC(=O)OC=C,"0,73"
1 067,CC(C)CC(C)=O,"1,31"
1 068,CC(C)NC(C)C,"1,40"
1 069,CC(C)OC(C)C,"1,52"
1 070,CC1CCC(=O)N1,"-0,10"
1 071,CC1COC(=O)O1,"-0,41"
1 072,BrC1=CC(Br)=CC=C1,"3,75"
1 073,ClC1=CC(Br)=CC=C1,"3,70"
1 074,CC1=CC(C)=CC=C1,"3,20"
1 075,CC1=CC(O)=CC=C1,"1,96"
1 076,CC1=CC(Cl)=CC=C1,"3,28"
1 077,NC1=CC(Cl)=CC=C1,"1,88"
1 078,OC1=CC(Cl)=CC=C1,"2,50"
1 079,CC1=CC(N)=CC=C1,"1,40"
1 080,NC1=CC(N)=CC=C1,"-0,33"
1 081,OC1=CC(O)=CC=C1,"0,80"
1 082,CC1C=CC=C(C)N=1,"1,68"
1 083,CC1C=NC=C(C)N=1,"0,54"
1 084,NC1NC(=O)C=CN=1,"-0,99"
1 085,COC(=O)CC(=O)OC,"-0,05"
1 086,CC(CCl)OC(C)CCl,"2,48"
1 087,CC1OC(C)OC(C)OC(C)O1,"0,12"
1 088,COCC(C)OC(C)=O,"0,56"
1 089,CC1C=C(C)C=C(C)C=1,"3,50"
1 090,CC1=CC(O)=CC(C)=C1,"2,35"
1 091,ClC1C=C(Cl)C=C(Cl)C=1,"4,19"
1 092,OC1C=C(O)C=C(O)C=1,"0,16"
1 093,CC1C=C(C)C=C(C)N=1,"1,88"
1 094,NC1N=C(N)N=C(N)N=1,"-1,37"
1 095,BrC1CCCCC1,"3,20"
1 096,BrC1C=CC=CC=1,"2,99"
1 097,CC1CCCCC1,"3,61"
1 098,CC1C=CC=CC=1,"2,73"
1 099,CC1C=CN=CC=1,"1,22"
1 100,ClC1C=CC=CC=1,"2,87"
1 101,NC1CCCCC1,"1,49"
1 102,OC1CCCCC1,"1,23"
1 103,O=C1CCCCC1,"0,81"
1 104,OC1C=CC=CC=1,"1,46"
1 105,SC1C=CC=CC=1,"2,52"
1 106,CC1C=NC=CC=1,"1,20"
1 107,OC1=CN=CC=C1,"0,48"
1 108,CN1CCOCC1,"-0,33"
1 109,BrC1=CC=CC=N1,"1,42"
1 110,CC1C=CC=CN=1,"1,11"
1 111,CC1C=NC=CN=1,"0,21"
1 112,ClC1C=CC=CN=1,"1,22"
1 113,O=C1C=CCC=N1,"-0,58"
1 114,CC(=C)C(=O)OCCOCCOCCOC(=O)C(C)=C,"1,88"
1 115,CCCCNC(=S)NCCCC,"2,75"
1 116,CC(=O)CCC=C,"1,02"
1 117,CCCCC(O)=O,"1,39"
1 118,CC(C)OCCO,"0,05"
1 119,CCCOC(C)=O,"1,24"
1 120,BrCCCBr,"2,37"
1 121,CCCCBr,"2,75"
1 122,CCCCC,"3,39"
1 123,CCCCCl,"2,64"
1 124,ClCCCBr,"2,18"
1 125,CCCCN,"0,97"
1 126,CCCC#N,"0,53"
1 127,C=CCC#N,"0,40"
1 128,NCCCN,"-1,43"
1 129,N#CCC#N,"-0,60"
1 130,N#CCCO,"-0,94"
1 131,CCCCS,"2,28"
1 132,CNCCO,"-0,94"
1 133,COCCO,"-0,77"
1 134,COCOC,"0,09"
1 135,CCNCC,"0,58"
1 136,CCOC=C,"1,04"
1 137,CCOC=O,"0,23"
1 138,C1=CC=CN1,"0,75"
1 139,C1CCCO1,"0,46"
1 140,C1=CC=CO1,"1,34"
1 141,C1=CC=CS1,"1,85"
1 142,CC(C)CCC(C)=O,"1,88"
1 143,CC(=O)CCC(C)=O,"-0,27"
1 144,OC(=O)CCC(O)=O,"-0,59"
1 145,OC(=O)C=CC(O)=O,"-0,48"
1 146,CN(C)CCN(C)C,"0,30"
1 147,CC(C)COC(C)=O,"1,77"
1 148,CCCCCCCCCC(=O)OC,"4,41"
1 149,CCCCCC(C)=O,"1,98"
1 150,CC=CC=CC(O)=O,"1,33"
1 151,CCCCCBr,"3,37"
1 152,CCCCCC,"3,90"
1 153,CCCCCN,"1,49"
1 154,CCCCC#N,"1,12"
1 155,NCCCCN,"-0,70"
1 156,N#CCCC#N,"-0,99"
1 157,OCCCCO,"-0,83"
1 158,OCC=CCO,"-0,81"
1 159,CCCCNC,"1,33"
1 160,CNCCNC,"-0,62"
1 161,COCCOC,"-0,21"
1 162,CCCOC=O,"0,83"
1 163,CCOCCO,"-0,32"
1 164,C1CCCCC1,"3,44"
1 165,C1CCCC=C1,"2,86"
1 166,C1CNCCN1,"-1,50"
1 167,C1=CC=CC=N1,"0,65"
1 168,C1CCOC=C1,"0,69"
1 169,C1OCOCO1,"-0,43"
1 170,C1CCCCN1,"0,84"
1 171,C1COCCN1,"-0,86"
1 172,OC(=O)CCCC(O)=O,"-0,29"
1 173,CC(O)CNCC(C)O,"-0,82"
1 174,CCCCCCC(C)=O,"2,37"
1 175,CCCCCCC(O)=O,"2,42"
1 176,OC(=O)CCCCCC(O)=O,"0,61"
1 177,CCCCCCBr,"3,80"
1 178,CCCCCCN,"2,06"
1 179,CCCCCCO,"2,03"
1 180,OCCNCCO,"-1,43"
1 181,CCCOCCC,"2,03"
1 182,ClCCOCCCl,"1,29"
1 183,C=CCOCCO,"-0,10"
1 184,OCCSCCO,"-0,63"
1 185,CCCCCCCC,"5,18"
1 186,CCCCCCC=C,"4,57"
1 187,CCCCCCCN,"2,57"
1 188,N#CCCCCC#N,"-0,32"
1 189,CCCCCCCO,"2,67"
1 190,CCNCCNCC,"0,21"
1 191,CCCCOCCO,"0,83"
1 192,C1CC=CCCC=C1,"3,16"
1 193,CCCCCCCCCCCC(=O)OC,"5,41"
1 194,CCCCCCCCBr,"4,89"
1 195,CCCCCCCCC,"5,55"
1 196,CCCCCCCCN,"2,90"
1 197,CCCCCCCCO,"3,00"
1 198,CCOCCOCCO,"-0,54"
1 199,CCCCNCCCC,"2,83"
1 200,N#CCCNCCC#N,"-1,34"
1 201,COCCOCCOC,"-0,36"
1 202,CCCCCCCCC(O)=O,"3,42"
1 203,CCCCCCCCCC(C)=O,"4,09"
1 204,CCCCCCOCCO,"1,86"
1 205,OCCOCCOCCO,"-1,75"
1 206,CCCCCCCCCCO,"4,57"
1 207,CCCCOCCOCCO,"0,56"
1 208,CCOCCOCCOCC,"0,39"
1 209,CCCCCCCCCCC(O)=O,"4,42"
1 210,C=CCCCCCCCCC(O)=O,"3,86"
1 211,CCCCCCCCCCCCCCCC(=O)OC,"7,38"
1 212,CCCCCCCCCCCC,"6,10"
1 213,CCCCOCCOCCCC,"2,48"
1 214,CCCCCCCCCCCCO,"5,13"
1 215,CCCCOCCOCCSC#N,"1,68"
1 216,CCCCCCOCCOCCO,"1,70"
1 217,CCCCCCCCCCCCCCCCCC(=O)OC,"8,35"
1 218,CCCCCCCCC=CCCCCCCCC(=O)OC,"7,45"
1 219,CCCCCC=CCC=CCCCCCCCC(=O)OC,"6,82"
1 220,CCCCCCCCCCCCCCO,"6,20"
1 221,CCCCOCCOCCOCCCC,"1,92"
1 222,COC(=O)C(C1CCCCN1)C1C=CC=CC=1,"0,20"
1 223,CCC(CN1C(=O)C2C(C3CC2C=C3)C1=O)CCCC,"3,70"
1 224,CN(C)CCC=C1C2=CC=CC=C2CSC2C=CC=CC=21,"4,49"
1 225,CN(C)CCC=C1C2=CC=CC=C2SC2C=CC(Cl)=CC=21,"5,18"
1 226,COC1(C)CC(OC2C(C)C(=O)OC(CC)C(C)(O)C(O)C(C)C(=O)C(C)CC(C)(O)C(OC3OC(C)CC(C3O)N(C)C)C2C)OC(C)C1O,"3,06"
1 227,CNC(=O)OC1=CC=CC=C1OC(C)C,"1,52"
1 228,CNC(=O)C1C=NC=CC=1,"0,00"
1 229,NC(=O)NC1C=CC=CC=1Cl,"1,27"
1 230,NC(=N)NC(=N)NCCC1C=CC=CC=1,"-0,83"
1 231,[N-]=[N+]=CC(=O)OCC(N)C(O)=O,"-2,00"
1 232,CC=C,"1,77"
1 233,COC,"0,10"
1 234,CC(C)=C,"2,34"
1 235,CC(C)(O)C#C,"0,28"
1 236,OCC(Cl)(Cl)Cl,"1,42"
1 237,O=S1OCC2C(CO1)C1(Cl)C(Cl)=C(Cl)C2(Cl)C1(Cl)Cl,"3,83"
1 238,OC(C1C=CC(Cl)=CC=1)(C1C=CC(Cl)=CC=1)C(Cl)(Cl)Cl,"5,02"
1 239,CCC1(C2C=CC=CC=2)C(=O)NC(=O)N(C)C1=O,"1,84"
1 240,C=CCC1(C2C=CC=CC=2)C(=O)NC(=O)NC1=O,"1,69"
1 241,CCC(C)C1(CC=C)C(=O)NC(=O)NC1=O,"1,47"
1 242,CC(=C)CC1(CC)C(=O)NC(=S)NC1=O,"2,19"
1 243,CCCCCC1(CC)C(=O)NC(=O)NC1=O,"2,24"
1 244,OCC(CO)(CO)CO,"-1,69"
1 245,O=P(OC1C=CC=CC=1)(OC1C=CC=CC=1)OC1C=CC=CC=1,"4,59"
1 246,CS(=O)C1C=CC(=CC=1)OP(=S)(OCC)OCC,"2,23"
1 247,CC(C)=CCCC(C)(C=C)OC(C)=O,"3,93"
1 248,O=P(OCCCl)(OCCCl)OCCCl,"1,44"
1 249,CNC(=O)ON=CC(C)(C)SC,"1,13"
1 250,O=S(=O)(C1=CC(Cl)=C(Cl)C=C1Cl)C1C=CC(Cl)=CC=1,"4,61"
1 251,CCC(C)C(O)=O,"1,18"
1 252,[O-][N+](=O)C1=C(Cl)C(Cl)=CC(Cl)=C1Cl,"4,38"
1 253,OC(=O)C(C1C=CC=CC=1)C1C=CC=CC=1,"3,09"
1 254,COC1C=CC(=CC=1)C1C(=O)C2=CC=CC=C2C1=O,"2,88"
1 255,OC1C=CC=C2C=1C=CC=C2S(O)(=O)=O,"-0,17"
1 256,NC1C=C2C(=CC=1)C(=O)C1C=CC=CC=1C2=O,"3,31"
1 257,CCCCC(COC(=O)C1C=CC=CC=1C(=O)OCC(CCCC)CC)CC,"7,53"
1 258,CCCCCCCCOC(=O)C1C=CC=CC=1C(=O)OCCCCCCCC,"8,10"
1 259,CN1CCN(CCCN2C3C=CC=CC=3SC3C=CC(=CC2=3)C(F)(F)F)CC1,"5,03"
1 260,OC1=CC=CC=C1C(=O)C1C=CC=CC=1,"3,52"
1 261,NC1NC(=O)C2N=CN(C3OC(CO)C(O)C3O)C=2N=1,"-1,90"
1 262,C=CC1CN2CCC1CC2C(O)C1=CC=NC2C=CC=CC1=2,"2,68"
1 263,CCNC1=CC=CC2=CC=CC=C21,"3,45"
1 264,CCOC(=O)C1C=CC=CC=1O,"2,95"
1 265,CC1C(Cl)=CC=CC=1Cl,"3,99"
1 266,CC1OC=CC(=O)C1=O,"0,09"
1 267,ClC1C(Cl)=C(Cl)C(Cl)=C(Cl)C=1Cl,"5,73"
1 268,OC1C(Br)=CC(Br)=CC=1Br,"4,13"
1 269,[O-][N+](=O)C1C=CC(Cl)=CC=1C(F)(F)F,"3,20"
1 270,CC1C=CC=CC=1C(O)=O,"2,46"
1 271,OC(=O)C1=CC=CC=C1Cl,"2,05"
1 272,NC1C=CC=CC=1C(O)=O,"1,21"
1 273,CC(=O)C1=CC=CC=C1O,"1,92"
1 274,CC(C)C1=CC(=CC(=C1O)[N+]([O-])=O)[N+]([O-])=O,"3,10"
1 275,CC1C(=CC(=CC=1[N+]([O-])=O)[N+]([O-])=O)[N+]([O-])=O,"1,60"
1 276,[O-][N+](=O)C1=CC(=CC(=C1Cl)[N+]([O-])=O)C(O)=O,"2,50"
1 277,CCOP(=S)(OC1C=CC(=O)N(N=1)C1C=CC=CC=1)OCC,"3,20"
1 278,NNC1C=CC(=CC=1[N+]([O-])=O)[N+]([O-])=O,"1,47"
1 279,OC1C=CC(I)=CC=1C(O)=O,"3,34"
1 280,CC1=CC(=C(O)C=C1)[N+]([O-])=O,"2,37"
1 281,NC1=CC(=C(O)C=C1)[N+]([O-])=O,"0,96"
1 282,COC(=O)C1C=CC=CC=1O,"2,55"
1 283,O=C1N=NCC2C=CC=CC=21,"0,75"
1 284,CC(C)(C)C1=CC(C)=CC(CC2=CC(C)=CC(=C2O)C(C)(C)C)=C1O,"6,25"
1 285,OC(C1C=CC=CC=1)C1C=CC(Cl)=CC=1,"3,61"
1 286,O=C(C1C=CC=CC=1)C1C=CC=CC=1,"3,18"
1 287,C1CCCC2C=CC=CC=21,"3,49"
1 288,C1=NC=CC2C=CC=CC=21,"2,08"
1 289,[O-][N+](=O)C1=CC=CC=C1NC1C=CC=CC=1,"3,66"
1 290,CC(=O)NC1C=CC(=CC=1[N+]([O-])=O)OC,"1,09"
1 291,COC1C=C(C=CC=1N)C1C=C(OC)C(N)=CC=1,"1,81"
1 292,C1=CC=CC2=NC(=CC=C21)C1=CC=C2C=CC=CC2=N1,"4,31"
1 293,CC1=CC(=CC=C1N)C1C=C(C)C(N)=CC=1,"2,34"
1 294,CC1C=CC(=CC=1)C1NC2=CC=CC=C2N=1,"3,67"
1 295,C1=C2C=CC=CC2=CC2C=CC=CC=21,"4,45"
1 296,COC1=CC=C(C=O)C=C1OC,"1,22"
1 297,OS(=O)(=O)C1=CC2C=CC=CC=2C=C1,"0,63"
1 298,COC1C=CC(CCN)=CC=1OC,"0,77"
1 299,OC(=O)COC1=CC2C=CC=CC=2C=C1,"2,53"
1 300,COC1=CC(C=O)=CC=C1OCC,"1,63"
1 301,CC(N)CC1=CC(OC)=C(C=C1)OC,"1,20"
1 302,OC1C=CC(Cl)=CC=1CC1C=CC=CC=1,"3,60"
1 303,CCOC(=O)C1C=CC(O)=CC=1,"2,47"
1 304,O=C(OCC1C=CC=CC=1)C1C=CC=CC=1,"3,97"
1 305,S=C(SSSSC(=S)N1CCCCC1)N1CCCCC1,"2,80"
1 306,O=CC1C=C2OCOC2=CC=1,"1,05"
1 307,COC(=O)C1C=CC(=CC=1)C(=O)OC,"2,25"
1 308,CC1C=CC=CC=1NC(C)=O,"0,85"
1 309,CC1C=C(N)C(=CC=1)OC,"1,74"
1 310,C1=CC=CC2NC=CC=21,"2,14"
1 311,C1N=C2NC=NC2=CN=1,"-0,37"
1 312,OC1C=CC=CC=1O,"0,88"
1 313,ClC1=CC(Cl)=C(Cl)C=C1,"4,00"
1 314,OC1C=CC(Cl)=CC=1Cl,"3,06"
1 315,O=C1CCCC1,"0,38"
1 316,CN1CCCC1,"0,92"
1 317,CC1C=CC(=CC=1[N+]([O-])=O)[N+]([O-])=O,"1,98"
1 318,CC(C)=CC1C(C(=O)OC2CC(=O)C(CC=CC=C)=C2C)C1(C)C,"5,90"
1 319,COC(=O)C(C)=CC1C(C(=O)OC2CC(=O)C(CC=CC=C)=C2C)C1(C)C,"4,30"
1 320,NC1C=C(Cl)C(=CC=1S(N)(=O)=O)S(N)(=O)=O,"-0,41"
1 321,CCOC1C=C(C=O)C=CC=1O,"1,60"
1 322,COC1C=C(C=O)C=CC=1O,"1,21"
1 323,COC1=CC(=CC=C1O)C(O)=O,"1,43"
1 324,CCN(CC)CC,"1,45"
1 325,C1C2C=CC1C=C2,"2,67"
1 326,NC1C=C(C=CC=1Cl)C(F)(F)F,"3,06"
1 327,NS(=O)(=O)C1C=C(C=CC=1)[N+]([O-])=O,"0,55"
1 328,NC1=CC=C(C=C1)S(O)(=O)=O,"-2,16"
1 329,CC(=O)NC1C=CC(=CC=1)S(N)(=O)=O,"-0,04"
1 330,NC1=NC=C(S1)[N+]([O-])=O,"0,83"
1 331,CN(C)C1C=CC=CC=1,"2,31"
1 332,CC(=O)C1C=CC=C(O)C=1,"1,39"
1 333,CC1C=C(C=CC=1)N(C)C,"2,80"
1 334,[O-][N+](=O)C1C=C(Cl)C=CC=1,"2,46"
1 335,CCOC(=O)C(CC(=O)OCC)SP(=S)(OC)OC,"2,36"
1 336,CCCOC(=O)C1=CC(O)=C(O)C(O)=C1,"1,80"
1 337,NC(=O)C1C=C(C=C(C=1)[N+]([O-])=O)[N+]([O-])=O,"0,83"
1 338,[O-][N+](=O)N1CN(CN(C1)[N+]([O-])=O)[N+]([O-])=O,"0,87"
1 339,NC1C=CC(=CC=1Cl)[N+]([O-])=O,"2,14"
1 340,CC(=O)C1C=C(C=CC=1)[N+]([O-])=O,"1,42"
1 341,OC(=O)C1C=C(C=CC=1)C(O)=O,"1,66"
1 342,[O-][N+](=O)C1=CC(=CC=C1)C(O)=O,"1,83"
1 343,COC(=O)C1C=CC(=CC=1)OC,"2,27"
1 344,CC1C=CC(=CC=1)C(C)=O,"2,10"
1 345,CC(C)(N)CC1C=CC=CC=1,"1,90"
1 346,COC1N=C(C=C(NS(=O)(=O)C2C=CC(N)=CC=2)N=1)OC,"1,63"
1 347,CC1=CC(=CC=C1[N+]([O-])=O)OP(=S)(OC)OC,"3,30"
1 348,CC(=O)NC1=CC(=CC=C1)[N+]([O-])=O,"1,47"
1 349,CCNC1=NC(Cl)=NC(NCC)=N1,"2,18"
1 350,OC1C=CC(=CC=1)NC1C=CC=CC=1,"2,82"
1 351,C1=CC=CC=C1NC1C=CC=CC=1,"3,50"
1 352,CC(C)OC(=O)NC1C=CC=CC=1,"2,60"
1 353,CC1C=CC=C(C=1)OC(C)=O,"2,09"
1 354,CCOC(OCC)OCC,"1,20"
1 355,CC(=O)C=CC1C=CC=CC=1,"2,07"
1 356,OC(=O)COC1C=CC=CC=1,"1,34"
1 357,C1=CC=CC=C1NNC1C=CC=CC=1,"2,94"
1 358,O=C(C=CC1C=CC=CC=1)OCC=CC1C=CC=CC=1,"4,45"
1 359,O=CCC1C=CC=CC=1,"1,78"
1 360,CC(=O)OC1C=CC=CC=1,"1,49"
1 361,CC(=O)NC1C=CC(N)=CC=1,"0,08"
1 362,CC(=O)NC1C=CC(=CC=1)C=O,"1,25"
1 363,OC(=O)COC1C=CC(Cl)=CC=1,"2,25"
1 364,CCCCOC1C=CC(O)=CC=1,"2,90"
1 365,OCCCC1C=CC=CC=1,"1,78"
1 366,OCCNC1C=CC=CC=1,"0,82"
1 367,OCCOC1C=CC=CC=1,"1,16"
1 368,CCCCCCCCCCCCC1C=CC=CC=1,"8,65"
1 369,CCCCCCCCCCCCCC1C=CC=CC=1,"9,36"
1 370,CCC1C=CC(O)=CC=1,"2,58"
1 371,OC1=CC=C(C=C1)C=O,"1,35"
1 372,COC1C=CC(C=O)=CC=1,"1,76"
1 373,CCOC(=O)CCC(=O)OCC,"1,19"
1 374,NC1=CC=C(O)C=C1,"0,04"
1 375,OC1C=CC(O)=CC=1,"0,59"
1 376,CC1C=NC(C)=CN=1,"0,63"
1 377,O=C1C=CC(=O)NN1,"-0,84"
1 378,CC(C)=CCCC(=C)C=C,"4,17"
1 379,CCC=O,"0,59"
1 380,CC(C)CCO,"1,16"
1 381,CC(=O)CC(C)=O,"0,40"
1 382,CC1OC(C)OC(C)O1,"0,67"
1 383,CCCC=O,"0,88"
1 384,C1CCCN1,"0,46"
1 385,CC(=O)CCC(O)=O,"-0,49"
1 386,NC(=O)N=NC(N)=O,"-1,70"
1 387,CCCCCC(C)N,"2,40"
1 388,CCCCOC(C)=O,"1,78"
1 389,C1COCCO1,"-0,27"
1 390,CC(C)CCOC(C)=O,"2,25"
1 391,CCCCCCC(C)O,"2,90"
1 392,OC(=O)CCCCCCCC(O)=O,"1,57"
1 393,C=CCNCC=C,"1,11"
1 394,OC(=O)CCCCC(O)=O,"0,08"
1 395,CCCCCCCC(O)=O,"3,05"
1 396,CCCCCCCCCCCCCC(=O)OC,"6,41"
1 397,CCCCCCCC=C,"5,15"
1 398,CCCCCCCC#N,"2,75"
1 399,CCCCCCCCCC,"5,01"
1 400,O=C=O,"0,83"
1 401,CNC,"-0,38"
1 402,ClC(Br)Br,"2,20"
1 403,CC1(C)C2CC(O)C1(C)CC2,"3,11"
1 404,CC12C=CC(=O)C=C1CCC1C3CC(O)C(O)(C(=O)CO)C3(C)CC(O)C21F,"1,16"
1 405,CC1(C)C2CC(OC(C)=O)C1(C)CC2,"4,30"
1 406,CCC1(C(=O)NCNC1=O)C1C=CC=CC=1,"0,91"
1 407,CC(CC)C1(CC)C(=O)NC(=O)NC1=O,"1,65"
1 408,CC(=O)C1C2OC3=CC(=O)C(C(=O)C3(C)C=2C(O)=C(C)C=1O)C(C)=O,"2,88"
1 409,CC(C)C1(CC(=C)Br)C(=O)NC(=O)N(C)C1=O,"2,11"
1 410,CC1CNC(=O)C(CC)(CC)C1=O,"0,78"
1 411,COC1=CC(=O)CC(C)C21OC1C(Cl)=C(C=C(OC)C=1C2=O)OC,"2,18"
1 412,O=S1(=O)CCCC1,"-0,77"
1 413,O=P(OCC(Br)CBr)(OCC(Br)CBr)OCC(Br)CBr,"4,29"
1 414,CCCCOP(=O)(OCCCC)OCCCC,"4,00"
1 415,CC(=C)C#N,"0,68"
1 416,CC(C)=NO,"0,12"
1 417,NC(=O)NO,"-1,80"
1 418,ClC(Cl)=C(Cl)Cl,"3,40"
1 419,CC(=O)N(C)C,"-0,77"
1 420,CC12CCC(=O)C=C1CCC1C3CCC(O)(C(=O)CO)C3(C)CC(O)C21F,"1,67"
1 421,CC1=CCCC(C)(C)C1C=CC(C)=O,"3,85"
1 422,O=S(=O)(C1C=CC=CC=1)C1C=CC=CC=1,"2,40"
1 423,[O-][N+](=O)C1=CC(=CC=C1)S(O)(=O)=O,"-2,61"
1 424,CC1=C(NS(=O)(=O)C2C=CC(N)=CC=2)ON=C1C,"1,01"
1 425,NC1C=CC(=CC=1)S(=O)(=O)NC1C=CC=CC=1,"1,55"
1 426,CC1=CC=NC(NS(=O)(=O)C2C=CC(N)=CC=2)=N1,"0,14"
1 427,CC1(C)C2CC1CCC2=C,"4,16"
1 428,CC(CCC(O)=O)C1CCC2C3C(CCC21C)C1(C)CCC(O)CC1CC3O,"3,00"
1 429,CC1C=C(C(O)=C(C=1)C(C)(C)C)C(C)(C)C,"5,10"
1 430,CC(C)(C)C1=CC=CC(=C1O)C(C)(C)C,"4,92"
1 431,NC1=CC=C(N)C2=C1C(=O)C1=CC=CC=C1C2=O,"3,00"
1 432,C1=CC2C=CC=C3C=CC4=CC=CC1=C4C=23,"4,88"
1 433,CN1CCC(CC1)=C1C2C=CC=CC=2C=CC2C=CC=CC=21,"4,69"
1 434,CCCCC1C(=O)N(C2C=CC=CC=2)N(C2C=CC(O)=CC=2)C1=O,"2,72"
1 435,OC1C=CC=C2C=1C(=O)C1C=CC=CC=1C2=O,"3,52"
1 436,[O-][N+](=O)C1=CC(=C2C(=C1)C(=O)C1C=C(C=CC2=1)[N+]([O-])=O)[N+]([O-])=O,"2,42"
1 437,CN1C(C)=C(I)C(=O)N1C1C=CC=CC=1,"1,27"
1 438,NC1=CC=C(C2=CC=CC=C21)S(O)(=O)=O,"-2,34"
1 439,O=C1C=CC(=O)C2C=CC=CC1=2,"1,71"
1 440,OC1=CC=C(Cl)C2=CC=CN=C21,"2,88"
1 441,COC(=O)C1C(O)CCC2CN3CCC4C5C=CC=CC=5NC=4C3CC21,"2,54"
1 442,COC(=O)C1C=CC=CC=1C(=O)OC,"1,58"
1 443,CCCOC(=O)C1C=CC=CC=1C(=O)OCCC,"3,27"
1 444,C=CCOC(=O)C1C=CC=CC=1C(=O)OCC=C,"3,23"
1 445,CCCCCOC(=O)C1C=CC=CC=1C(=O)OCCCCC,"5,62"
1 446,COC1C=C(O)C(=CC=1)C(=O)C1C=CC=CC=1,"3,79"
1 447,[O-][N+](=O)C1=CC(=C(O)C(=C1)C1CCCCC1)[N+]([O-])=O,"4,12"
1 448,OC1=CC=C2C=CC=CC2=C1N=O,"2,28"
1 449,CN(C)CCC(C1C=CC=CN=1)C1C=CC(Cl)=CC=1,"3,38"
1 450,OC1C(=CC=C2C=CC=CC2=1)N=O,"2,46"
1 451,C1=CC=CC2OC3=CC=CC=C3C=21,"4,12"
1 452,C1=CC=CC2SC3C=CC=CC=3C=21,"4,44"
1 453,OC1C=C2C=CC=CC2=C(O)C=1,"1,97"
1 454,O=C1C2CC=CCC2C(=O)N1SC(Cl)(Cl)Cl,"2,80"
1 455,O=C1C2C=CC=CC=2C(=O)N1SC(Cl)(Cl)Cl,"2,85"
1 456,NC1=CC(O)=C(C=C1)C(=O)OC1C=CC=CC=1,"3,15"
1 457,CCN(CCOC(=O)C1=CC=C(N)C=C1Cl)CC,"2,86"
1 458,OC(=O)CCCC1=CNC2C=CC=CC1=2,"2,30"
1 459,NS(=O)(=O)C1C=C2C(=CC=1Cl)NC(NS2(=O)=O)C(Cl)Cl,"0,62"
1 460,OC1C(I)=CC(I)=CC=1C(O)=O,"4,56"
1 461,COC(=O)C1C=CC=CC=1N,"1,88"
1 462,NC1=CC=CC2C=CC=CC=21,"2,25"
1 463,CC(=O)OC1=CC=CC=C1C(=O)OC1C=CC=CC=1,"2,88"
1 464,NC1NC(=O)C2NN=NC=2N=1,"-0,71"
1 465,CC1C=CC=C(C=1)C(=O)N(CC)CC,"2,18"
1 466,O=C(C1C=CC=CC=1)C(=O)C1C=CC=CC=1,"3,38"
1 467,CC(=O)NC1=CC=CC(C)=C1C,"1,35"
1 468,CCC1=CC=CC=C1CC,"3,72"
1 469,COC1C=CC=CC=1C=O,"1,72"
1 470,CN1C(CCl)NC2=CC(Cl)=C(C=C2S1(=O)=O)S(N)(=O)=O,"1,42"
1 471,NS(=O)(=O)C1C=C2C(=CC=1C(F)(F)F)NCNS2(=O)=O,"0,36"
1 472,OC1=CC2C=CC=CC=2C=C1,"2,70"
1 473,C1=C2C=C3C=C4C=CC=CC4=CC3=CC2=CC2=CC=CC=C21,"7,11"
1 474,C1C=CC=C2NC3=CC=CC=C3OC2=1,"3,85"
1 475,C1C(=CC=C2C=CC=CC2=1)NC1C=CC=CC=1,"4,38"
1 476,CCC(C)C1C=CC=CC=1,"4,57"
1 477,CCCOC(=O)C1C=NC(=CC=1)C(=O)OCCC,"3,57"
1 478,CCCCOC(=O)C1C=CC=CC=1,"3,84"
1 479,CCCCCCC1C=CC(O)=CC=1O,"3,45"
1 480,CCCCCCCCCC1C=CC=CC=1O,"5,76"
1 481,NC1=CC=CC=C1S,"1,43"
1 482,CC1C=C(C)C(C)=CC=1N,"2,27"
1 483,CC1=CC(=O)C(C)=CC1=O,"1,28"
1 484,CN(C)C(=S)SSC(=S)N(C)C,"1,73"
1 485,CCC(C)CO,"1,29"
1 486,CC1C=CC=C(C)C=1NC(=O)CN(CC)CC,"2,35"
1 487,CCC1=CC=C(C=C1)S(N)(=O)=O,"1,31"
1 488,NS(=O)(=O)C1C=CC(=CC=1)C(O)=O,"0,50"
1 489,COC1C=C(C=C(OC)C=1OC)C(=O)NCC1C=CC(=CC=1)OCCN(C)C,"2,29"
1 490,CC1CCC(CC=1)C(C)=C,"4,52"
1 491,CC(C)NC1=NC(Cl)=NC(NC(C)C)=N1,"2,93"
1 492,NC1C=CC(=CC=1)OC1C=CC=CC=1,"2,96"
1 493,NC1C=CC(=CC=1)SC1C=CC(N)=CC=1,"2,18"
1 494,C1=CC=CC=C1SC1C=CC=CC=1,"4,45"
1 495,O=CNC1C=CC=C(Cl)C=1,"1,90"
1 496,CCCCCCCCCC1C=C(O)C=CC=1,"5,61"
1 497,OC1C=C(C=O)C=CC=1O,"1,09"
1 498,OC(=O)C=CC1C=CC=CC=1,"2,13"
1 499,CC(=O)OCC1C=CC=CC=1,"1,96"
1 500,N#CCC1C=CC=CC=1,"1,56"
1 501,NC(=O)NC1C=CC(Cl)=CC=1,"1,80"
1 502,CC1C=CC(=CC=1)OC(C)=O,"2,11"
1 503,CC(=O)NC1=NC=C(S1)[N+]([O-])=O,"1,30"
1 504,N#CCC1C=CC(Cl)=CC=1,"2,47"
1 505,O=NN1CCN(CC1)N=O,"-0,85"
1 506,CCOC(=O)C=C,"1,32"
1 507,ClC1=CC=C(Cl)N=N1,"0,70"
1 508,CCCCOC(=O)C=C,"2,36"
1 509,NCCO,"-1,31"
1 510,C[Si](C)(C)O[Si](C)(C)O[Si](C)(C)O[Si](C)(C)C,"8,21"
1 511,CC(=CC(=O)N(C)C)OP(=O)(OC)OC,"0,00"
1 512,CCOC(C)=O,"0,73"
1 513,OC(=O)CC(O)=O,"-0,81"
1 514,CCC1C=C(CC)C=CC=1,"4,57"
1 515,CC(=O)CC(=O)OCC,"0,25"
1 516,CNCCN(C)C,"-0,20"
1 517,ClCCCCl,"2,00"
1 518,CCCCCC(O)=O,"1,92"
1 519,C1CCCCO1,"0,95"
1 520,CCCCCCC,"4,66"
1 521,CCCNCCC,"1,67"
1 522,CCCCOCCCC,"3,21"
1 523,CCCCCCCCCCCC(O)=O,"4,60"
1 524,CCCCCCCCCO,"3,72"
1 525,O=C1C2(Cl)C3(Cl)C4(Cl)C2(Cl)C2(Cl)C(Cl)(C3(Cl)C21Cl)C4(Cl)Cl,"5,41"
1 526,CC12CCC(O)CC1CCC1C2CCC2(C)C(CCC21O)C1COC(=O)C=1,"2,64"
1 527,OC1C=CC(=CC=1)C1(OS(=O)(=O)C2C=CC=CC1=2)C1C=CC(O)=CC=1,"3,02"
1 528,OC(CCN1CCCCC1)(C1CCCCC1)C1C=CC=CC=1,"4,49"
1 529,CC(C)C(O)C(C)(C)CO,"1,24"
1 530,NC(=O)CI,"-0,19"
1 531,CC(=O)NS(=O)(=O)C1C=CC(N)=CC=1,"-0,96"
1 532,CC1=NN=C(NS(=O)(=O)C2C=CC(N)=CC=2)S1,"0,54"
1 533,NC1C=CC(=CC=1)S(=O)(=O)NC1=CC=CC=N1,"0,35"
1 534,CC(=O)C1CCC2C3CC=C4CC(O)CCC4(C)C3CCC21C,"4,22"
1 535,OC(=O)C1C(C2CCC1O2)C(O)=O,"1,91"
1 536,[O-][N+](=O)C1C=C2C(=NCC(=O)NC2=CC=1)C1C=CC=CC=1,"2,19"
1 537,CN(C)CCCN1C2=CC=CC=C2SC2=CC=C(C=C12)C(F)(F)F,"5,54"
1 538,NC1N=C(F)N=C2C=1N=CN2C1OC(CO)C(O)C1O,"-0,80"
1 539,CC(OC1C=CC=CC=1)C(=O)NC1C2SC(C)(C)C(C(O)=O)N2C1=O,"2,20"
1 540,OC(=O)CNC(=O)C1=CC=CC=C1I,"0,97"
1 541,OC(=O)C1CCCN1,"-2,54"
1 542,OC(=O)C1C=CC=CC=1S,"2,39"
1 543,OC1=CC=CC2=CC=CN=C21,"2,02"
1 544,COC1=CC=CC(C=O)=C1O,"1,37"
1 545,NS(=O)(=O)C1=CC2=C(C=C1C(F)(F)F)NC=NS2(=O)=O,"0,32"
1 546,C1=NC(=CS1)C1NC2C=CC=CC=2N=1,"2,47"
1 547,NC(CC1C=CC(=CC=1)N(CCCl)CCCl)C(O)=O,"-0,52"
1 548,SC1=NC2C=CC=CC=2S1,"2,42"
1 549,OC(CO)C(O)CO,"-2,29"
1 550,CCCCC(CC)C(O)=O,"2,64"
1 551,COC(OC)OC,"0,25"
1 552,OC1C=C(C=C(O)C=1O)C(O)=O,"0,70"
1 553,NC1=CC=C(C=C1)C(O)=O,"0,83"
1 554,COC1C=C(O)C=CC=1,"1,34"
1 555,CN(C)C(=O)NC1C=CC(Cl)=CC=1,"1,94"
1 556,COC1C=CC(O)=CC=1,"1,58"
1 557,COC1C=CC(=CC=1)OC,"2,04"
1 558,COC1C=C(C=CC=1)OC,"2,21"
1 559,CCCCCCCCCCCCOS(O)(=O)=O,"1,60"
1 560,FC(F)(F)C(Cl)Br,"2,30"
1 561,C=CCN1CCC23CCCCC2C1CC1C=CC(O)=CC3=1,"3,48"
1 562,COC1=NC=CN=C1NS(=O)(=O)C1C=CC(N)=CC=1,"0,70"
1 563,CC12CCC3C(CCC4=CC(=O)CCC43C)C1CCC2(O)C(=O)CO,"3,08"
1 564,CC(=O)CC(C1C(=O)OC2C=CC=CC=2C1=O)C1C=CC(=CC=1)[N+]([O-])=O,"1,98"
1 565,CC(=O)OCC1CSC2C(NC(=O)CC3=CC=CS3)C(=O)N2C=1C(O)=O,"-0,41"
1 566,NC1C=C2CC3=CC=CC=C3C2=CC=1,"3,14"
1 567,CC(O)C(NC(=O)C1CC(CCC)CN1C)C1OC(SC)C(O)C(O)C1O,"0,20"
1 568,OC1CC2C(=CC(O)=CC=2O)OC1C1=CC(O)=C(O)C=C1,"0,51"
1 569,NC1NC(=S)C2NC=NC=2N=1,"-0,07"
1 570,O=NN(CCCl)C(=O)NCCCl,"1,53"
1 571,OC1C=CC(CC(O)=O)=CC=1,"0,75"
1 572,CCOC1C=CC(N)=CC=1,"1,24"
1 573,CCCC(O)=O,"-3,20"
1 574,ClC=CCl,"1,86"
1 575,O=C1CC=NC(=S)N1,"-0,28"
1 576,NCCCO,"-1,12"
1 577,C1=C2C=CC=NC2=C2C=CC3=CC=CC4C=CC1=C2C=43,"5,53"
1 578,C1=CC2C=CC3C=CC4C=CC5C=CC6C=CC1=C1C=6C=5C=4C=3C=21,"7,64"
1 579,C1=CC=C2C=CC3C=CC4C=CC5C=CC=C6C=5C=4C=3C2=C61,"6,63"
1 580,C1=C2C=CC=C3C=CC4=CC5=CC=CC6=CC=C1C(C4=C23)=C56,"7,04"
1 581,C1=C2C=CC3C=CC=C4C=3C2=C(C2=CC=CC=C21)C1=CC=CC=C14,"7,71"
1 582,C1C=CC=C2C3=CC=CC=C3C3=C(C2=1)C1=CC=CC=C1C1=CC=CC=C13,"8,39"
1 583,C1=CC2=CC=CC3C2=C2C(C=CC=C21)=C1C=CC=CC=31,"6,44"
1 584,C1=CC2=CC=CC=C2C2=CC=C3C=CC4=CC=CC=C4C3=C21,"7,11"
1 585,C1=CC=C2C3C(=CC=CC=31)C1=CC=CC3C=CC=C2C=31,"6,04"
1 586,C1=CC2=CC=CC=C2C2C3=CC=CC=C3SC=21,"5,19"
1 587,C1C2=C3C(=CC=CC3=C3C=CC=CC3=1)C1=CC=CC=C21,"5,78"
1 588,C1=CC=C2C3=C(C=CC=C31)C1C=CC=CC=12,"5,16"
1 589,C1C2C3C=CC=C4C=CC=C(C4=3)C=2C=C2C=CC=CC2=1,"6,11"
1 590,C1=CC=C2C=CC=C3C=CC1=C32,"3,94"
1 591,C1=CC2C(=CC=C3C4=CC=CC=C4C=CC=23)C2=CC=CC=C21,"7,11"
1 592,C1=C2C3C=CC4=CC=CC=C4C=3C=CC2=CC2=CC=CC=C21,"7,11"
1 593,C1=C2C3=CC=CC=C3C3=CC=CC=C3C2=CC2=CC=CC=C21,"6,41"
1 594,C1=C2C(=NC3=CC=CC=C31)C1=CC=CC=C1C1=CC=CC=C12,"5,66"
1 595,C1C=CC=C2C=1C1=CC=CC=C1C1=CC=CC=C12,"5,49"
1 596,C1=CC2C3C=CC=CC=3C=CC=2C2C=CC=CC=21,"5,81"
1 597,C1=CC2C3C=CSC=3C=CC=2C2=CC=CC=C21,"5,35"
1 598,C1=C2C=CC3=CC=CC=C3C2=CC2C3=CC=CC=C3C=CC=21,"6,54"
1 599,C1=C2C3=CC=CC=C3C=CC2=NC2C=CC3=CC=CC=C3C=21,"5,63"
1 600,C1=C2C=CC3=CC=CC=C3C2=NC2C3=CC=CC=C3C=CC=21,"6,45"
1 601,C1=C2C3=CC=CC=C3C=CC2=NC2=CC=CC=C21,"4,48"
1 602,C1C2C3=CC=CC=C3C=CC=2N=C2C3=CC=CC=C3C=CC2=1,"5,73"
1 603,C1=C2C3=CC=CC=C3C=CC2=CC2=CC3=CC=CC=C3C=C21,"6,81"
1 604,C1=NC2=CC=CC=C2C2=CC=CC=C21,"3,48"
1 605,C1=CC2N=CC=CC=2C2C=CC=NC=21,"2,05"
1 606,C1C=CC=C2C3=CC=CC=C3N=NC2=1,"2,40"
1 607,C1=CC2=CC=CC=C2C2=NC=CC=C21,"3,43"
1 608,C1=CC2SC=CC=2C2=CC=CC=C21,"4,41"
1 609,C1=CC2=CC=CC=C2C2SC=CC=21,"4,55"
1 610,C1C2C(=CC=C3C=CC=CC3=2)C2=CC=CC=C21,"5,54"
1 611,C1=CC2=C(NC3C4=CC=CC=C4C=CC2=3)C2=CC=CC=C21,"6,40"
1 612,C1C2=CC=CC=C2C2C=C3C=CC=CC3=CC=21,"5,77"
1 613,C1=C2C3=CC=CC=C3OC2=CC2=CC=CC=C21,"5,05"
1 614,C1C2C3C=CC=CC=3SC=2C=C2C=CC=CC2=1,"5,34"
1 615,C1N=CC=C2C=1NC1C=CC=CC=12,"3,17"
1 616,C1C2C=CC=NC=2C2C=CC=CC=21,"2,96"
1 617,C1=NN=CC2=CC=CC=C21,"0,57"
1 618,C1=CN=NC2=CC=CC=C21,"0,93"
1 619,C1=NC=NC2=CC=CC=C21,"1,00"
1 620,C1=C2C=CC=CC2=NC2=CC=CC=C21,"3,40"
1 621,C1=CC=CC2OC3=CC=CC=C3OC=21,"4,34"
1 622,C1C=CC=C2OC3=CC=CC=C3SC2=1,"4,54"
1 623,C1=C2SC=CC2=CC2=CC=CC=C21,"4,50"
1 624,C1=NC=CC2C=CSC=21,"1,74"
1 625,C1=NNC2=CC=CC=C21,"1,77"
1 626,C1=CC=CC2OC=CC=21,"2,67"
1 627,C1=NOC2=CC=CC=C21,"1,63"
1 628,C1=C[Se]C2=CC=CC=C21,"3,19"
1 629,C1=NC=CC2N=CNC=21,"0,18"
1 630,C1=CC=CC2=NON=C21,"1,69"
1 631,C1=CC=CC2=NSN=C21,"1,98"
1 632,C1=CC=CC2=N[Se]N=C21,"1,64"
1 633,C1=NC2=CC=CC=C2O1,"1,59"
1 634,C1OC2=CC=CC=C2O1,"2,08"
1 635,C1=CC=C2C=CC=CN21,"2,49"
1 636,C1=CC=C2C=CNC2=N1,"1,82"
1 637,C1=CC=CN2N=NN=C21,"-0,09"
1 638,C1=CC=C2C=CC=CC=C21,"3,20"
1 639,C1C2C3C4C1C4C32,"2,90"
1 640,C1C2CCC1CC2,"3,78"
1 641,C1C2CC3CC1CC(C2)C3,"4,24"
1 642,C1CCCC1,"3,00"
1 643,C1=CC=NN1,"0,26"
1 644,C1=CC=NO1,"0,08"
1 645,C1NC=CN=1,"-0,08"
1 646,C1C=NNN=1,"-0,29"
1 647,C1C=NON=1,"0,16"
1 648,C1=NC=CO1,"0,12"
1 649,C1=NC=CS1,"0,44"
1 650,C1=NNC=N1,"-0,58"
1 651,C1NN=NN=1,"-0,60"
1 652,C1C=CC=NN=1,"-0,72"
1 653,C1N=CC=CN=1,"-0,40"
1 654,C1=CN=CC=N1,"-0,26"
1 655,C1N=CN=CN=1,"0,12"
1 656,C1CCCCCC1,"4,00"
1 657,C1CCCCCCC1,"4,45"
1 658,C1COCCOCCOCCO1,"-0,04"
1 659,COP(=S)(OC1C=CC(=CC=1)[N+]([O-])=O)OC,"2,86"
1 660,CC(=CC(=O)OC)OP(=O)(OC)OC,"0,13"
1 661,CCSCSP(=S)(OCC)OCC,"3,70"
1 662,CCSCCSP(=S)(OCC)OCC,"4,02"
1 663,NC(=O)N1C2=CC=CC=C2C=CC2C=CC=CC1=2,"2,45"
1 664,C(C=CC1C=CC=CC=1)N1CCN(CC1)C(C1C=CC=CC=1)C1C=CC=CC=1,"5,77"
1 665,COP(=S)(OC1C=C(Cl)C(Cl)=CC=1Cl)OC,"4,97"
1 666,COP(=S)(NC(C)C)OC1C=CC(Cl)=CC=1Cl,"4,30"
1 667,COP(=O)(NC)OC1=CC=C(C=C1Cl)C(C)(C)C,"3,42"
1 668,COC1=CC(CC(N)C(O)=O)=CC=C1O,"-2,54"
1 669,C=CCC1C=CC=CC=1,"3,23"
1 670,COP(=O)(OC(Br)C(Cl)(Cl)Br)OC,"1,38"
1 671,CCC=CCC=CCC=CCCCCCCCC(=O)OC,"6,29"
1 672,CCS(=O)CCSP(=O)(OC)OC,"-0,74"
1 673,OC(O)C(Cl)(Cl)Cl,"0,99"
1 674,NC(=O)C1(CCN(CCC(C#N)(C2C=CC=CC=2)C2C=CC=CC=2)CC1)N1CCCCC1,"3,91"
1 675,CC1CCCC(C)(C)C=1C=CC(C)=CC=CC(C)=CC(O)=O,"6,30"
1 676,OC1C=CC=C(O)C=1C(O)=O,"2,20"
1 677,CC(C)(O)C(O)(C(C)OC)C(=O)OCC1=CCN2CCC(OC(=O)C(C)=CC)C21,"1,28"
1 678,OC(=O)C1=CC=CC(O)=C1O,"1,20"
1 679,CC1CC2=C(C(O)=C(C=C2Cl)C(=O)NC(CC2C=CC=CC=2)C(O)=O)C(=O)O1,"4,74"
1 680,CN(C)CCCN1C2=CC=CC=C2CCC2=CC=C(Cl)C=C12,"5,19"
1 681,OC(=O)CCCC1C=CC(=CC=1)N(CCCl)CCCl,"1,70"
1 682,NCCC(N)C(O)=O,"-4,64"
1 683,COC1=CC(CC(O)=O)=CC=C1O,"0,33"
1 684,N#CC(C#N)N=NC1C=CC=CC=1,"2,67"
1 685,CC(=O)C=NO,"0,34"
1 686,ClC1(Cl)C2(Cl)C3C4CC(C=C4)C3C1(Cl)C(Cl)=C2Cl,"6,50"
1 687,FC(F)(F)C(F)(F)C1C=CC=CC=1,"3,36"
1 688,CCOP(=O)(OC1C=CC(=CC=1)[N+]([O-])=O)OCC,"1,98"
1 689,NC1C=CC(=CC=1)S(=O)(=O)C1C=CC(F)=CC=1,"2,17"
1 690,FC(F)(F)C1NC2=CC=CC=C2N=1,"2,67"
1 691,CC(=O)C1CCC2C3CCC4=CC(=O)CCC4(C)C3C(O)CC21C,"2,36"
1 692,CC1=NC(=O)N(C(C)CC)C(=O)C1Br,"2,11"
1 693,CC1C=C(C=C(C)C=1N(C)C)OC(=O)NC,"2,56"
1 694,OC1=NC=NC2NN=CC=21,"-0,55"
1 695,FC(F)(F)C1=CC=CC2C=CC=NC=21,"2,50"
1 696,ClC1CCCC(Cl)(Cl)C=1Cl,"3,08"
1 697,OC1C=CC(Cl)=CC=1C(O)=O,"3,09"
1 698,COC1=CC=CC=C1F,"2,14"
1 699,NC1C2C=CC=CC=2N=C2CCCCC2=1,"2,71"
1 700,C1=CC=NC2=NC=CN=C21,"-0,04"
1 701,O=C1CC=NC2C=C(C=CC=21)C(F)(F)F,"2,05"
1 702,FC(F)(F)C1=CC2N=CC=CC=2C=C1,"3,02"
1 703,O=C(CC(=O)C1=CC=CS1)C(F)(F)F,"1,46"
1 704,[O-][N+](=O)C1=CC2NC(=NC=2C=C1)C(F)(F)F,"2,68"
1 705,CCCCC(N)C(O)=O,"-1,53"
1 706,CCP(=S)(OC1C=C(Cl)C(Cl)=CC=1Cl)OCC,"5,23"
1 707,NC1C=C(C=C(C=1)C(F)(F)F)C(F)(F)F,"3,57"
1 708,CC(=O)NC1C=CC(=CC=1)S(=O)(=O)F,"2,17"
1 709,[O-][N+](=O)C1C=CC(=CC=1O)[N+]([O-])=O,"1,75"
1 710,NC1C=CC(=CN=1)C(N)=O,"0,70"
1 711,CN(C)C(=O)NC1C=CC=C(F)C=1,"1,37"
1 712,CN(C)C(=O)NC1=CC(Cl)=C(Cl)C=C1,"2,68"
1 713,CON(C)C(=O)NC1C=C(Cl)C(Cl)=CC=1,"3,20"
1 714,CNC(=O)OC1C=C(C=C(C=1)C(C)C)C(C)C,"3,79"
1 715,OC(=O)CC1C=C(F)C=CC=1,"1,65"
1 716,OC(=O)C=CC1=CC(O)=C(O)C=C1,"1,15"
1 717,CN(C)C(=O)NC1C=CC(F)=CC=1,"1,13"
1 718,CC1=CC(=NC(=N1)C(C)C)OP(=S)(OCC)OCC,"3,81"
1 719,CCCCCCCCCC(O)=O,"4,09"
1 720,CCCCNC(=O)NS(=O)(=O)C1=CC=C(N)C=C1,"1,01"
1 721,CSC1=NC=NC2=C1N=CN2C1OC(CO)C(O)C1O,"0,09"
1 722,CC(=O)NC1C=CC(Cl)=CC=1C(F)(F)F,"1,98"
1 723,CC(=O)NC1=CC=CC=C1C(F)(F)F,"1,17"
1 724,FC1C=CC=CC=1CCl,"2,67"
1 725,CN1C(CSCC(F)(F)F)NC2C=C(Cl)C(=CC=2S1(=O)=O)S(N)(=O)=O,"1,90"
1 726,OC(=O)COC1=CC=CC=C1F,"1,39"
1 727,NC1C=CC=CC=1F,"1,26"
1 728,CC(=O)NC1=CC(=C(Cl)C=C1)C(F)(F)F,"3,33"
1 729,C/C(/O)=N/C1C=C(C=CC=1F)C(F)(F)F,"2,24"
1 730,OCC1=CC(=CC=C1)C(F)(F)F,"2,24"
1 731,OC(=O)COC1C=C(C=CC=1)C(F)(F)F,"2,36"
1 732,CC(=O)NC1C=CC(=CC=1)C(F)(F)F,"2,52"
1 733,CC(=O)C1C=CC=NC=1,"0,43"
1 734,[O-][N+](=O)C1C=CC(F)=CC=1,"1,80"
1 735,CC(=O)NC1C=CC=C(F)C=1,"1,65"
1 736,OC(=O)CC1C=C(C=CC=1)C(F)(F)F,"2,62"
1 737,CC(=O)NC1C=C(C=CC=1)C(F)(F)F,"2,56"
1 738,CC(=O)NC1C=CC(F)=CC=1,"1,47"
1 739,FC1=CC=C(CCl)C=C1,"2,73"
1 740,CC1=CC=C(F)C=C1,"2,58"
1 741,FC1=CC=C(Cl)C=C1,"2,78"
1 742,CC(=O)C1=CC=C(C=C1O)OC,"1,98"
1 743,OCCCCC(F)(F)F,"1,15"
1 744,CC1=CC(F)=CC=C1,"2,75"
1 745,CC(=C)C(=O)OCC(F)(F)F,"1,56"
1 746,CCSCC,"1,95"
1 747,NC(=O)C(F)(F)F,"0,12"
1 748,FC1(F)C(F)(F)C(F)(F)C(F)(F)C(F)(F)C1(F)F,"2,91"
1 749,CC1(C)OC2(C(CC3C4CC(F)C5=CC(=O)C=CC5(C)C4(F)C(O)CC23C)O1)C(=O)COC(C)=O,"3,19"
1 750,CC(CN1CCOCC1)C(C(=O)N1CCCC1)(C1C=CC=CC=1)C1C=CC=CC=1,"3,61"
1 751,COC1=CC2=C(C=C1OC)C13CCN4CC5=CCOC6CC(=O)N2C1C6C5CC34,"0,98"
1 752,CC(C)=CCN1CCC2(C)C(C)C1CC1C=CC(O)=CC2=1,"4,64"
1 753,O=S1(=O)N=CNC2=CC=CC=C12,"0,16"
1 754,NC(=O)C1=CC=CC=C1C(F)(F)F,"0,68"
1 755,CC(CCC(=O)NCC(O)=O)C1CCC2C3CCC4CC(O)CCC4(C)C3CC(O)C21C,"2,25"
1 756,CC1NC2=CC=CC=C2S(=O)(=O)N=1,"0,29"
1 757,NC1N=CNC=1C(N)=O,"-1,10"
1 758,CN(C)C(C)CN1C2=CC=CC=C2SC2C=CC(=CC1=2)C(=O)CC,"4,79"
1 759,O=C1C=CC(=O)C=C1C1C=CC=CC=1,"1,95"
1 760,CCCCCC(O)C=CC1C(CC=CCCCC(O)=O)C(=O)CC1O,"2,82"
1 761,FC1=CC(F)=C(F)C(F)=C1F,"2,53"
1 762,COC1=CC(N)=C(Cl)C=C1C(=O)NCCN(CC)CC,"2,62"
1 763,[O-][N+](=O)C1C=C(F)C=CC=1F,"1,86"
1 764,CC1NS(=O)(=O)C2=CC(Cl)=CC=C2N=1,"1,20"
1 765,C1C=CC=NC=1C1=CC=CC=N1,"1,50"
1 766,FC1C=CC=CC=1F,"2,37"
1 767,OC1C=CC=CC=1F,"1,71"
1 768,NC1C=C(Cl)C(F)=CC=1,"2,06"
1 769,FC1=CC(F)=C(F)C=C1,"2,52"
1 770,NC1=CC=C(F)C=C1F,"1,54"
1 771,C/N=C(\\O)/CF,"-0,83"
1 772,CC(C)SC1OC(CO)C(O)C(O)C1O,"-1,26"
1 773,NNC(=O)C1C=CN=C(F)C=1,"-0,11"
1 774,C(C1=CN=CC=C1)N1CCCC1,"1,10"
1 775,N#CC(C#N)N=NC1C=CC(=CC=1)OC(F)(F)F,"3,68"
1 776,NC1=CC=C(F)C=C1,"1,15"
1 777,OC1=CC=C(F)C=C1,"1,77"
1 778,OCCF,"-0,67"
1 779,N#CCC(O)=O,"-0,76"
1 780,FC1=CC(F)=CC=C1,"2,21"
1 781,NC1=CC(F)=CC=C1,"1,30"
1 782,OC1=CC(F)=CC=C1,"1,93"
1 783,FC1=CN=CC=C1,"0,77"
1 784,FC1=CC=CC=N1,"0,84"
1 785,NC(=O)NCCCC(N)C(O)=O,"-3,19"
1 786,CC(O)C(F)(F)F,"0,71"
1 787,OCC(F)(F)C(F)(F)C(F)(F)F,"1,94"
1 788,CC1CC2C3CCC4=CC(=O)C=CC4(C)C3(F)C(O)CC2(C)C1C(=O)CO,"2,35"
1 789,CCOC(=O)C(F)(F)F,"1,18"
1 790,[O-][N+](=O)C1=CC=CC=C1C(F)(F)F,"2,58"
1 791,COC1C=CC(=CC=1)C(C1C=CC(=CC=1)OC)C(F)(F)F,"4,76"
1 792,OC(=O)C1C(F)=CC=CC=1F,"1,59"
1 793,CC1C=CC2=C(N=1)N(CC)C=C(C(O)=O)C2=O,"1,59"
1 794,FC1C(F)=C(F)C(F)=C(F)C=1F,"2,55"
1 795,[O-][N+](=O)C1=CC(=CC(=C1Cl)[N+]([O-])=O)C(F)(F)F,"2,50"
1 796,COC(=O)C1C=CC=CC=1F,"1,82"
1 797,FC1=CC=CC2C=CC=NC=21,"2,19"
1 798,CC(=O)NC1C=CC=C(Cl)C=1F,"1,83"
1 799,NC1N=C(N)N=C2N=C(N)C(=NC=12)C1C=CC=CC=1,"0,98"
1 800,CC(=O)NC1=CC=CC=C1F,"1,03"
1 801,[O-][N+](=O)C1C=C(C=CC=1O)C(F)(F)F,"2,34"
1 802,FC(F)(F)C1C=C(C=CC=1)C(F)(F)F,"3,83"
1 803,CN(C)N=NC1C=C(C=CC=1)C(F)(F)F,"3,78"
1 804,OC1=CC=C(C=C1)C(F)(F)F,"2,82"
1 805,[O-][N+](=O)C1C=CC(=CC=1)C(F)(F)F,"2,55"
1 806,[O-][N+](=O)C1C=CC=C(F)C=1,"1,90"
1 807,COC(=O)C1C=CC(F)=CC=1,"2,28"
1 808,CC(=O)C1C=CC(F)=CC=1,"1,72"
1 809,N#CC1C=C(F)C=CC=1,"1,47"
1 810,O=C(NC1C=CC=CC=1)C(F)(F)F,"2,21"
1 811,OC(=O)COC1C=CC=C(F)C=1,"1,48"
1 812,OC(=O)CC1C=CC(F)=CC=1,"1,55"
1 813,OC(=O)COC1C=CC(F)=CC=1,"1,64"
1 814,NC#N,"-0,82"
1 815,CC(=O)C(F)(F)F,"0,20"
1 816,OCC(F)(F)C(F)(F)F,"1,23"
1 817,FC(F)(C1C=CC=CC=1)C(F)(F)C1C=CC=CC=1,"5,00"
1 818,CC(=O)C1(O)CCC2C3CC(C)C4=CC(=O)C=CC4(C)C3(F)C(O)CC12C,"2,00"
1 819,O=S(=O)(C1C=CC=CC=1)C(F)(F)F,"2,68"
1 820,CCOC(=O)C(F)(F)C(F)(F)F,"2,12"
1 821,CC(=O)CF,"-0,39"
1 822,CC(=O)C(C)=O,"-1,34"
1 823,COC(=O)C(F)(F)F,"0,60"
1 824,NS(=O)(=O)C1=NC2=CC=CC=C2S1,"1,33"
1 825,FC(F)(F)C1C=CC(=CC=1)C(F)(F)F,"3,83"
1 826,CC12CCC3C(CCC4=CC(=O)CCC43C)C1CCC2(O)C#C,"3,11"
1 827,CC12CCC3C4CCC(=O)C=C4CCC3C1CCC2O,"2,62"
1 828,O=C(C1C=CC=CC=1)C(F)(F)F,"2,15"
1 829,OC(=O)C1=C(F)C=CC=C1Cl,"2,11"
1 830,CCC(C1C(=O)OC2C=CC=CC=2C1=O)C1=CC=CC=C1,"3,62"
1 831,CCC(=O)N(C1CCN(CCC2C=CC=CC=2)CC1)C1C=CC=CC=1,"4,05"
1 832,CN1C(=O)CN=C(C2C=C(Cl)C=CC1=2)C1C=CC=CC=1,"2,91"
1 833,CC1=NC=CC2=C1NC1C=C(C=CC2=1)OC,"3,56"
1 834,CC1=NC=C(N1CCO)[N+]([O-])=O,"-0,02"
1 835,OC1=CC=CC=C1C(F)(F)F,"2,80"
1 836,NC(=O)C1C=CC=CC=1F,"0,59"
1 837,OC(=O)C1=CC=CC=C1F,"1,77"
1 838,NC1C(=CC(=CC=1[N+]([O-])=O)C(F)(F)F)[N+]([O-])=O,"2,29"
1 839,NC1C=CC(C(O)=O)=C(F)C=1,"1,29"
1 840,[O-][N+](=O)C1C=CC(F)=CC=1O,"1,91"
1 841,OCC1=CC=CC=C1F,"1,31"
1 842,CN1C=NC(=C1SC1=NC=NC2N=CNC=21)[N+]([O-])=O,"0,10"
1 843,OC1=CC(CC(O)=O)=C(O)C=C1,"0,86"
1 844,O=C(CC1C=CC=CC=1)C1C=CC=CC=1,"3,18"
1 845,OC(=O)CC1C=CC=CC=1F,"1,50"
1 846,CCOC1C=C2SC(=NC2=CC=1)S(N)(=O)=O,"2,01"
1 847,CC1=CC(O)=C(O)C=C1,"1,37"
1 848,OC(CF)CF,"-0,36"
1 849,CCOC(=O)C(F)F,"0,87"
1 850,O=CC1=CC(=CC=C1)C(F)(F)F,"2,47"
1 851,OC(=O)C1=CC(=CC=C1)C(F)(F)F,"2,95"
1 852,NC1=CC=C(C=C1)C(F)(F)F,"1,95"
1 853,CC1=CC=C(C=C1)S(=O)(=O)F,"2,74"
1 854,OC(=O)C1C=CC(=CC=1)C(F)(F)F,"3,10"
1 855,CC(=O)C1C=CC=C(F)C=1,"1,77"
1 856,NC(=O)C1C=CC=C(F)C=1,"0,91"
1 857,OC(=O)C1C=CC=C(F)C=1,"2,15"
1 858,NC1C=CC(=CC=1F)C(O)=O,"1,41"
1 859,OC(=O)C1C=CC(F)=CC=1,"2,07"
1 860,FC1C=C(CCl)C=CC=1,"2,77"
1 861,COC1C=CC=C(F)C=1,"2,36"
1 862,FC(F)(F)OC1C=CC=CC=1,"3,17"
1 863,FC(F)(F)SC1C=CC=CC=1,"3,57"
1 864,O=S(=O)(NC1C=CC=CC=1)C(F)(F)F,"3,05"
1 865,CCNC(C)CC1=CC(=CC=C1)C(F)(F)F,"3,36"
1 866,FC(F)OC1C=CC=CC=1,"2,44"
1 867,ON=CC1C=CC(F)=CC=1,"2,03"
1 868,O=CNC1C=CC(F)=CC=1,"1,27"
1 869,OCC1C=CC(F)=CC=1,"1,36"
1 870,O=CC1C=CC(F)=CC=1,"1,54"
1 871,COC1C=CC(F)=CC=1,"2,26"
1 872,FC1=CC=C(Br)C=C1,"3,08"
1 873,N#CC#N,"0,07"
1 874,OCCCC(F)(F)F,"0,90"
1 875,NC(=N)NC#N,"-1,15"
1 876,O=C1NCC(=O)N1,"-1,69"
1 877,CC(C)(N)CC1C=CC(Cl)=CC=1,"2,60"
1 878,O=C1NC(=O)CN=N1,"-0,59"
1 879,CC1N=C(N)C=C(C)N=1,"0,39"
1 880,FC1C=CC=CC=1,"2,27"
1 881,NC1=CN=CC=C1,"0,11"
1 882,OCCCF,"-0,28"
1 883,CCOCOCC,"0,84"
1 884,CCC=CCC=CCC=CCCCCCCCC(O)=O,"6,46"
1 885,C=C=C,"1,45"
1 886,CC(C)(C)C,"3,11"
1 887,CC(O)C(C)(C)C,"1,48"
1 888,CC(=O)OC1CC2(O)C3CCC4CC(CCC4(C)C3CCC2(C)C1C1COC(=O)C=1)OC1CC(OC)C(O)C(C)O1,"2,53"
1 889,C=CCN1CCC23C4OC5C2=C(CC1C3(O)CCC4=O)C=CC=5O,"2,09"
1 890,CC1OC(OC2CCC3(C)C4CCC5(C)C(CCC5(O)C4CCC3=C2)C2=COC(=O)C=C2)C(O)C(O)C1O,"2,48"
1 891,CC1OC(OC2CC3CCC4C(CCC5(C)C(CCC54O)C4COC(=O)C=4)C3(C)CC2)C(O)C(OC)C1O,"2,10"
1 892,OC1C=CC2CC3NCCC45C(OC=1C4=2)C(O)C=CC53,"-0,17"
1 893,COC1C=CC2CC3NCCC45C(OC=1C4=2)C(O)C=CC53,"0,69"
1 894,OCC=C1CN2CCC34C5C(=CCC(=O)N5C5=CC=CC=C35)C1CC42,"1,37"
1 895,CCC(=O)OC1(CCN(C)CC1CC)C1C=CC=CC=1,"3,61"
1 896,COC1C=C2OCC3(O)C(OC4C=C5OCOC5=CC3=4)C2=CC=1,"2,58"
1 897,CCC(=O)OC(CC1C=CC=CC=1)(C(C)CN(C)C)C1C=CC=CC=1,"4,18"
1 898,CC12CC3OC(=O)C(=C)C3CC1C(=C)CCC2,"3,42"
1 899,CC12CCC(CC1)(O2)C(C)C,"2,97"
1 900,CC1(C)OC2(C)CCC1CC2,"2,62"
1 901,CCOP(=O)(OC(=CCl)C1C=CC(Cl)=CC=1Cl)OCC,"3,81"
1 902,FC1C=NC=NC=1,"-0,03"
1 903,CC(CCC(=O)NCC(O)=O)C1CCC2C3C(CC(O)C21C)C1(C)CCC(O)CC1CC3O,"1,65"
1 904,OC1C=CC(O)=C2C=1C(=O)C=CC2=O,"1,79"
1 905,C/C(/O)=N/C1CCC2=CC(OC)=C(OC)C(OC)=C2C2=CCC(=O)C(=O)C=C21,"1,20"
1 906,CNC1CCC2C=C(OC)C(OC)=C(OC)C=2C2=CC=C(OC)C(=O)C=C21,"1,37"
1 907,NC1=CC=CC2C=CC=C(N)C1=2,"1,78"
1 908,NC1C=CC(=CC=1)C(C1C=CC(N)=CC=1)=C1C=CC(=N)C=C1,"-0,21"
1 909,CN1C(C)=C(C(C)C)C(=O)N1C1C=CC=CC=1,"1,94"
1 910,OC1C=C(O)C=C2OC(C3=CC=C(O)C=C3O)C(=O)C(=O)C=12,"1,54"
1 911,OC1C(OC2C=C(O)C=C(O)C=2C1=O)C1=CC(O)=C(O)C=C1,"0,95"
1 912,OC1=CC(O)=CC2OC(=CC(=O)C1=2)C1C=CC=CC=1,"3,52"
1 913,OC1C=C(O)C2C(=O)CC(OC=2C=1)C1C=CC(O)=CC=1,"2,52"
1 914,O=N1ON=C2C=CC=CC=12,"1,43"
1 915,OC1=CC=CC2=C1C(=O)C=CC2=O,"1,92"
1 916,OC(=O)C1=CC=CC=C1C1=CC=CC=C1C(O)=O,"2,07"
1 917,O=C1C(=NC2C=CC=CC1=2)C1NC2C=CC=CC=2C1=O,"3,72"
1 918,CC1C(=O)C(OC)=C(OC)C(=O)C=1C,"1,26"
1 919,CC1C(=O)C(=O)C2C=CC=CC=2C1=O,"1,20"
1 920,OC1(O)C(=O)C2C=CC=CC=2C1=O,"0,67"
1 921,CC1=CC=C(C=C1)C(=CCN1CCCC1)C1=CC=CC=N1,"3,92"
1 922,O=C1C2=CC=CC=C2C2=CC=CC=C21,"3,58"
1 923,CN1C(CCC1=O)C1C=CC=NC=1,"0,07"
1 924,CC1=NC=CC2=C1NC1=CC=CC=C21,"3,10"
1 925,CC1N=CC=C2C=1NC1C=C(O)C=CC=12,"2,84"
1 926,O=C1CC(OC2C=CC=CC=21)C1C=CC=CC=1,"3,14"
1 927,OC(=O)CNC(=O)C1=CC=CC=C1O,"0,95"
1 928,O=CC1=CNC2=CC=CC=C21,"1,68"
1 929,CC1=CC=C(C)C(C)=C1C,"4,00"
1 930,OC(CBr)C(O)C(O)C(O)CBr,"-0,24"
1 931,OC(=O)C1C=COC=1,"1,03"
1 932,OC1=CC(C(O)=O)=C(O)C=C1,"1,74"
1 933,CC1=CC(=O)C(=CC1=O)C(C)C,"2,20"
1 934,CC1=CC=NC2C=CC=CC=21,"2,61"
1 935,O=C1NC=NC2C=CC=CC=21,"0,77"
1 936,O=C1C=COC2=CC=CC=C21,"1,38"
1 937,OC1C=C2OC(=CC(=O)C2=C(O)C=1)C1=CC(O)=C(O)C=C1,"2,53"
1 938,OC1C=CC=C2OC(=CC(=O)C2=1)C1C=CC=CC=1,"4,30"
1 939,OC1=CC2OC(CC(=O)C=2C=C1)C1=CC(O)=C(O)C=C1,"1,94"
1 940,O=C1C2=CC=CC=C2SC2=CC=CC=C21,"3,99"
1 941,O=C(C1=CC=CO1)C(=O)C1=CC=CO1,"1,24"
1 942,C1=CC=C(S1)C1=CC=CS1,"3,75"
1 943,C1COC2C=CC=CC=2O1,"2,01"
1 944,C1CCCC(N1)C1C=NC=CC=1,"0,97"
1 945,C1CCC(N1)C1C=NC=CC=1,"0,17"
1 946,ONC(=O)C1C=CC=CC=1,"0,26"
1 947,CCCC(=O)C1C=CC=CC=1,"2,77"
1 948,OC(=O)CNC(=O)C1C=CC=CC=1,"0,31"
1 949,OCC1=CC2OCOC=2C=C1,"1,05"
1 950,C1CCC2=CC=CC=C21,"3,18"
1 951,C1OCC2=CC=CC=C21,"1,76"
1 952,C1COC2=CC=CC=C21,"2,14"
1 953,OC(=O)C1=CC2=CC=CC=C2O1,"2,41"
1 954,O=C1C=COCC1=O,"-0,92"
1 955,CC(C)C(Br)C(=O)NC(N)=O,"1,14"
1 956,CC1C=C(N)C(N)=CC=1,"0,66"
1 957,O=C1C=CCO1,"-0,60"
1 958,OC1CC2CC1CC2,"1,45"
1 959,OC1C=CC(=CC=1)OC1OC(CO)C(O)C(O)C1O,"-1,35"
1 960,O=CC1=COC=C1,"0,51"
1 961,O=CC1=CSC=C1,"1,01"
1 962,C1C2CCC1C=C2,"3,24"
1 963,OC(=O)C1CCNCC1,"-3,05"
1 964,OC(=O)C1CNCCC1,"-2,89"
1 965,CC1=CC=C(C=C1O)C(C)C,"3,49"
1 966,O=CC1C=NC=CC=1,"0,29"
1 967,COP(=S)(OC1C=C(Cl)C(=CC=1)[N+]([O-])=O)OC,"3,45"
1 968,CC(C)NC(=N)NC(=N)NC1C=CC(Cl)=CC=1,"2,53"
1 969,COC1C=C(O)C=C(C=1)OC,"1,64"
1 970,OCC1=CC(=O)C(=O)CO1,"-0,64"
1 971,OC(=O)CCC1C=CC=CC=1,"1,84"
1 972,C1=CC=CC=C1C#CC1C=CC=CC=1,"4,78"
1 973,OC(=O)C1C=CC(CC(O)=O)=CC=1,"1,24"
1 974,OC1C=CC(CCC(O)=O)=CC=1,"1,16"
1 975,OC1C=CC(=CC=1)C=CC(O)=O,"1,46"
1 976,CCCCC(=O)CCCC,"2,88"
1 977,FCC1CO1,"-0,16"
1 978,CC#CC,"1,46"
1 979,C1CCO1,"-0,14"
1 980,CC(C)CC(O)=O,"1,16"
1 981,NC1C=CN=CC=1,"0,32"
1 982,NC1=CC=CC=N1,"0,48"
1 983,OCCCO,"-1,04"
1 984,CC=CC#CC#CC=CC(=O)OC,"2,45"
1 985,C1CSCCS1,"0,77"
1 986,CCCCCCCCCCCCCCCCCCCC(O)=O,"9,29"
1 987,CCCCCC=CCC=CCC=CCC=CCCCC(O)=O,"6,55"
1 988,CC(C)(O)C(F)(F)F,"1,04"
1 989,CC12CC(O)C3C(CCC4(O)CC(O)CC(O)C43CO)C1(O)CCC2C1COC(=O)C=1,"-0,02"
1 990,CC12C3OC(=O)C(=C)C3CCC(C)C1(O)C=CC2=O,"0,77"
1 991,CC12CCC3C(CCC4(O)CC(CCC43C=O)OC3OC(C)C(O)C(O)C3O)C1(O)CCC2C1COC(=O)C=1,"-0,48"
1 992,CC12CCC3C(CCC4(O)CC(CCC43C=O)OC3CC(OC)C(O)C(C)O3)C1(O)CCC2C1COC(=O)C=1,"0,64"
1 993,COC1=CC2=C(C=C1)N1C3C4C(CC1=O)OCC=C1CN5CCC23C5CC14,"1,85"
1 994,CC(=O)OC(CC)C(CC(C)N(C)C)(C1C=CC=CC=1)C1C=CC=CC=1,"4,27"
1 995,CCC1(C2CCCCCC=2)C(=O)NC(=O)NC1=O,"2,03"
1 996,CC1CCC2C(OC(=O)C2=C)C2(C)C1C=CC2=O,"1,03"
1 997,CCOC(=O)C(O)(C1C=CC(Cl)=CC=1)C1C=CC(Cl)=CC=1,"4,74"
1 998,COP(=O)(OC)OC,"-0,65"
1 999,CCCOP(=O)(OCCC)OCCC,"1,87"
2 000,CC=C(C)C,"2,67"
2 001,CCC(C)N,"0,74"
2 002,CC(O)C(C)O,"-0,92"
2 003,CC12CCC3C4CCC(=O)C=C4CCC3C1CCC2(C)O,"2,99"
2 004,OC(CCN1CCCCC1)(C1CC2CC1C=C2)C1C=CC=CC=1,"4,25"
2 005,CC1(C)C2CC1CC=C2CO,"3,22"
2 006,CC(O)(C1C=CC=CC=1)C(O)=O,"0,80"
2 007,CC1C=C(NS(=O)(=O)C2C=CC(N)=CC=2)N=C(C)N=1,"-0,33"
2 008,CCOC(=O)C(Cl)(Cl)Cl,"2,39"
2 009,OC(=O)C1C(=C(C(=C(C=1C(O)=O)C(O)=O)C(O)=O)C(O)=O)C(O)=O,"1,50"
2 010,C/C(/O)=N/C1CCC2=CC(OC)=C(OC)C(OC)=C2C2C=CC(=O)C(=CC=21)OC,"1,00"
2 011,COC1=CC(=CC(OC)=C1OC)C1C2C(COC2=O)C(O)C2=CC3OCOC=3C=C21,"2,01"
2 012,[O-][N+](=O)C1=CC=C(O)C(=C1O)[N+]([O-])=O,"2,10"
2 013,CC(=O)N(C1C=CC=CC=1)C1C=CC=CC=1,"2,02"
2 014,O=C1C2=CC=CC=C2C(=O)N1C1C=CC=CC=1,"2,40"
2 015,CC1OC(OCC2OC(OC3=CC4OC(=CC(=O)C=4C(O)=C3)C3C=C(O)C(=CC=3)OC)C(O)C(O)C2O)C(O)C(O)C1O,"0,14"
2 016,COC1C=CC(=CC=1O)C1CC(=O)C2=C(C=C(O)C=C2O)O1,"2,60"
2 017,COC1C=CC(=CC=1O)C1=CC(=O)C2C(=CC(O)=CC=2O)O1,"3,10"
2 018,OC1=CC2OC(=CC(=O)C=2C(O)=C1)C1C=CC(O)=CC=1,"3,02"
2 019,CC12CCC3C(CCC4CC(=O)CCC43C)C1CCC2O,"3,55"
2 020,CC(CN1C2=CC=CC=C2SC2=CC=CC=C12)N(CC)CC,"4,77"
2 021,CN(C)CCN1C2=CC=CC=C2SC2=CC=CC=C12,"4,20"
2 022,O=C1C=CC2C=CC3OC=CC=3C=2O1,"2,08"
2 023,CC(C)NCC(O)COC1C=CC=C2C=CC=CC2=1,"3,48"
2 024,CN1CCC=C1C1C=CC=NC=1,"1,13"
2 025,O=C1C=C(OC2=CC=CC=C21)C1C=CC=CC=1,"3,56"
2 026,CCCCCCCC(=O)NC1C2SC(C)(C)C(C(O)=O)N2C1=O,"3,32"
2 027,NC1C=CC(=CC=1)S(=O)(=O)NC1=CC=NN1C1C=CC=CC=1,"1,52"
2 028,O=C1C=C(C(=O)C=C1N1CC1)N1CC1,"0,18"
2 029,CC1C=CC=C(C)C=1C,"3,63"
2 030,CC1C(O)=CC=CC=1C,"2,48"
2 031,CC1C(=O)C=CC(=O)C=1C,"1,23"
2 032,CC1C(=O)C(C)=C(C)C(=O)C=1C,"2,23"
2 033,NC1C(Cl)=C(Cl)C(Cl)=C(Cl)C=1Cl,"4,82"
2 034,CC1C=C(C)C=C(C)C=1C,"4,10"
2 035,CC1C=C(C)C=C(C)C=1O,"2,73"
2 036,CC1=CC(=O)C=C(C)C1=O,"1,22"
2 037,OC(=O)C1=CC=CS1,"1,57"
2 038,[O-][N+](=O)C1NC=CN=1,"0,15"
2 039,COC1(C)CC(OC2C(C)C(=O)OC(CC)C(C)C(O)C(C)C(=O)C(C)CC(C)(O)C(OC3OC(C)CC(C3O)N(C)C)C2C)OC(C)C1O,"3,12"
2 040,CC1C=CC=CC=1C(C)C,"4,38"
2 041,CC1=CC=CC=C1C(N)=O,"0,76"
2 042,[O-][N+](=O)C1C=CC=CC=1[N+]([O-])=O,"1,69"
2 043,CN(CC1C=NC2=NC(N)=NC(N)=C2N=1)C1C(Cl)=CC(=CC=1Cl)C(=O)NC(CCC(O)=O)C(O)=O,"-0,10"
2 044,CC1=CC=CC=C1C#N,"2,21"
2 045,CC1C=CC=CC=1C=O,"2,26"
2 046,OC1CCCC2C=CC=CC=21,"1,98"
2 047,OC1=CC=CC2CCCCC=21,"2,95"
2 048,O=C1CC=NC2C=CC=CC=21,"0,58"
2 049,OC(=O)C(CO)C1C=CC=CC=1,"0,77"
2 050,NN(C1C=CC=CC=1)C1C=CC=CC=1,"2,80"
2 051,O=C1C2=CC=CC=C2N=C2CCCN21,"1,33"
2 052,COC1=CC(=O)C=C(OC)C1=O,"-0,06"
2 053,COC1=CC(=CC(OC)=C1O)C(O)=O,"1,04"
2 054,OC(=O)C1C=CC=CC=1NC1=CC(=CC=C1)C(F)(F)F,"5,25"
2 055,COC1=CC=CC=C1OCC(O)COC(N)=O,"0,61"
2 056,COC1C=CC(=CC=1)C1=CC(=S)SS1,"3,82"
2 057,CC(=O)NC1C=CC=CC=1Cl,"1,28"
2 058,CC1C=CC=CC=1OC(C)=O,"1,93"
2 059,CC1N=CSC=1CCCl,"2,12"
2 060,OC1C=CC=CC=1I,"2,65"
2 061,CN1CSC(=S)N(C)C1,"0,63"
2 062,O=C1C=CC=CCC1=O,"0,53"
2 063,CNC(=S)NC,"-0,24"
2 064,CC1=CC=CO1,"1,85"
2 065,S=C1C=CSS1,"1,58"
2 066,CC1NCCN=1,"0,52"
2 067,CC1C=C(C=C(C=1O)[N+]([O-])=O)[N+]([O-])=O,"2,13"
2 068,COC1=CC(=CC=C1O)C(O)CO,"-0,58"
2 069,OC(=O)C1CCCCN1,"-2,31"
2 070,CC1C=C(C=CC=1)C(C)C,"4,50"
2 071,OC(=O)C1C=C(Cl)C=CC=1,"2,68"
2 072,NNC(=O)C1C=CC(Cl)=CC=1,"1,18"
2 073,CC(=C)C1CCC(CO)=CC1,"3,17"
2 074,CC(C)C1C=CC(=CC=1)C(O)=O,"3,40"
2 075,C#CC1C=CC=CC=1,"2,53"
2 076,CCC1C=CN=CC=1,"1,65"
2 077,CCC1C=NC=CC=1,"1,66"
2 078,O=IC1C=CC=CC=1,"-1,61"
2 079,COC1C=C(N)C=CC=1,"0,93"
2 080,CNC(C)CC1C=CC=CC=1,"2,07"
2 081,NNC(=O)NC1=CC=CC=C1,"0,16"
2 082,CC(=O)NC(CC1C=CC(O)=CC=1)C(O)=O,"1,32"
2 083,[O-][N+](=O)C1C=C(C=CC=1)SSC1=CC(=CC=C1)[N+]([O-])=O,"4,06"
2 084,CC1C=CC=C(C=1)NC(C)=O,"1,68"
2 085,NC(=O)NCC1C=CC=CC=1,"0,73"
2 086,OCC(O)COC1C=CC=CC=1,"0,70"
2 087,C(=NC1C=CC=CC=1)C1C=CC=CC=1,"2,82"
2 088,CCCCCC1C=CC=CC=1,"4,90"
2 089,CNCCC=CC1=CN=CC=C1,"1,13"
2 090,COCC1C=CC=CC=1,"1,92"
2 091,CC(=O)NC1C=CC(Cl)=CC=1,"2,10"
2 092,NC(=S)N=NC1C=CC(C=C1)N=NC(N)=N,"1,23"
2 093,CCOCC1C=CC=CC=1,"2,16"
2 094,FC1C=CC(F)=CC=1,"2,13"
2 095,NC1=CC=C(I)C=C1,"2,34"
2 096,OC1=CC=C(I)C=C1,"2,91"
2 097,OCCBr,"0,23"
2 098,CCCCl,"2,04"
2 099,NCC#N,"-1,37"
2 100,CC(=O)OC(C)(C)C,"1,76"
2 101,C[Si]1(C)O[Si](C)(C)O[Si](C)(C)O[Si](C)(C)O[Si](C)(C)O[Si](C)(C)O1,"9,06"
2 102,C[Si]1(C)O[Si](C)(C)O[Si](C)(C)O[Si](C)(C)O[Si](C)(C)O1,"8,03"
2 103,CCCC(N)=O,"-0,21"
2 104,O=C1C=CC(=O)N1,"-0,29"
2 105,ClC1=CC(Cl)=CC=C1,"3,53"
2 106,CCOC(=O)NC(O)C(Cl)(Cl)Cl,"1,84"
2 107,O=C1CCCCO1,"-0,35"
2 108,CC(C)CCC#N,"1,54"
2 109,ClC=CCCl,"2,04"
2 110,N#CCCCl,"0,18"
2 111,CCN=C=S,"1,47"
2 112,CCCCCC(C)O,"2,31"
2 113,CCCCCCl,"2,92"
2 114,CC(C)CCO[N+]([O-])=O,"2,84"
2 115,CC(C)CCOCCC(C)C,"4,25"
2 116,N#CCCCC#N,"-0,72"
2 117,C1C=CC=CC=C1,"2,63"
2 118,CCCCCCCCCCCCCC(O)=O,"6,11"
2 119,N#CC(Cl)(Cl)Cl,"2,09"
2 120,CC12CCC(O)CC1CCC1C2CCC2(C)C(C(O)CC21O)C1COC(=O)C=1,"1,60"
2 121,CC1OC(CC(O)C1O)OC1CCC2(C)C3CCC4(C)C(C(O)CC4(O)C3CCC2C1)C1COC(=O)C=1,"1,43"
2 122,O=P(N1CC1)(N1CC1)N1CC1,"-0,62"
2 123,CC(C)C1(CC(=C)Br)C(=O)NC(=O)NC1=O,"1,47"
2 124,CC1CCCC2(C)CC3OC(=O)C(=C)C3C=C21,"3,38"
2 125,CC(=O)NO,"-1,59"
2 126,NS(=O)(=O)C1C=CC(=CC=1)NS(=O)(=O)C1C=CC(N)=CC=1,"0,35"
2 127,CC(CCC(O)=O)C1CCC2C3C(CCC21C)C1(C)CCC(O)CC1C(O)C3O,"2,80"
2 128,C[N+](C)=C1C=CC(C=C1)=C(C1C=CC(=CC=1)N(C)C)C1C=CC(=CC=1)N(C)C,"0,96"
2 129,O=C1NC2=CC=CC=C2N1C1CCN(CC=1)CCCC(=O)C1C=CC(F)=CC=1,"3,50"
2 130,CN1C(=O)C2C=CC=CC=2C1=O,"1,31"
2 131,S=C=NC1=CC=CC2=CC=CC=C21,"4,34"
2 132,CCCCCC(O)C=CC1C(CC=CCCCC(O)=O)C(O)CC1O,"4,39"
2 133,CCC(OC1C=CC=CC=1)C(=O)NC1C2SC(C)(C)C(C(O)=O)N2C1=O,"2,65"
2 134,CC1=NC=C(N1C)[N+]([O-])=O,"0,31"
2 135,CC(=O)C1=CC=CC=C1N,"1,63"
2 136,[O-][N+](=O)C1=CC=CC=C1C(O)=O,"1,46"
2 137,CC(=O)NC1C=CC=CC=1[N+]([O-])=O,"1,00"
2 138,OC1C=C2OC(CC(=O)C2=C(O)C=1)C1=CC(O)=C(O)C=C1,"2,02"
2 139,CN1C=NC2NC(=O)NC(=O)C1=2,"-0,89"
2 140,CN(C1C=CC=CC=1)C1C=CC=CC=1,"3,90"
2 141,OC(C(=O)C1=CC=CO1)C1=CC=CO1,"0,54"
2 142,[O-][N+](=O)C1C=CC=CC=1C=O,"1,74"
2 143,O=C1CCC2=CC=CC=C2N1,"1,34"
2 144,CC(=O)NC1C=C(C=CC=1OCCC)[N+]([O-])=O,"1,60"
2 145,C1=CN=CC=C1C1C=CN=CC=1,"1,28"
2 146,ClCCN(CCCl)C1C=CC=CC=1,"2,90"
2 147,CC(C)CCC(=O)C1C=COC=1,"2,76"
2 148,COC(=O)C(=O)OC,"-0,17"
2 149,CC1=CC(=O)C=CC1=O,"0,72"
2 150,NC1=CC=C(Cl)C=C1Cl,"2,78"
2 151,CCC(=O)OC,"0,83"
2 152,CC1=CC=CS1,"2,33"
2 153,CC(=O)N=C1SC(=NN1C)S(N)(=O)=O,"0,13"
2 154,CC1CCC2C(C=1)C2(C)C,"4,44"
2 155,[O-][N+](=O)C1C=CC=C(O)C=1,"2,00"
2 156,COC1C=C(C=CC=1)[N+]([O-])=O,"2,16"
2 157,[O-][N+](=O)C1C=CC(=CC=1)C=O,"1,56"
2 158,N#CCC1=CC=C(C=C1)[N+]([O-])=O,"1,37"
2 159,CCCCN(C)C(=O)NC1=CC(Cl)=C(Cl)C=C1,"4,10"
2 160,N#CC(C#N)N=NC1C=C(Cl)C=CC=1,"3,38"
2 161,CC(=O)NC1C=CC(=CC=1)C(O)=O,"1,31"
2 162,COC(=O)CC(C)C,"1,82"
2 163,NCC(=O)NCC(=O)NCC(O)=O,"-2,68"
2 164,NCC(=O)NCC(O)=O,"-2,92"
2 165,OCC1CO1,"-0,95"
2 166,CN=C=S,"0,94"
2 167,C[Si]1(C)O[Si](C)(C)O[Si](C)(C)O[Si](C)(C)O1,"6,74"
2 168,CP(=O)(OCC)SCCSCC,"1,48"
2 169,NC(=N)N[N+]([O-])=O,"-0,89"
2 170,O=C1N=CCC=N1,"-1,62"
2 171,CCCOC,"1,21"
2 172,CCCC(=O)OCC(O)CO,"-0,17"
2 173,CC(=C)Cl,"2,00"
2 174,BrC(Br)(Br)Br,"3,42"
2 175,CS(=O)(=O)F,"0,55"
2 176,CN1CCC23C4OC5C2=C(CC1C3C=CC4OC(C)=O)C=CC=5OC(C)=O,"1,58"
2 177,C=C(Br)CC1(CC=C)C(=O)NC(=O)NC1=O,"1,37"
2 178,CCOC(=O)C1(CCN(CCC(O)C2C=CC=CC=2)CC1)C1C=CC=CC=1,"4,04"
2 179,CC(C)C1(O)CC=C(C)CC1,"3,26"
2 180,CCOP(=S)(OCC)SCSP(=S)(OCC)OCC,"5,07"
2 181,CC(C)C(C)=O,"0,84"
2 182,C1OC1C1CO1,"-0,52"
2 183,CC1C2C(C(=O)C3C1=CC=CC=3O)C(=O)C1(O)C(C(C(=O)C(C(N)=O)C1=O)N(C)C)C2O,"-0,02"
2 184,CC1(C)C2CC1CCC2C=O,"2,98"
2 185,CC(C)C(=O)C(C)C,"1,86"
2 186,CC1C=CC=C2C=CC=C(C)C=12,"4,26"
2 187,CN(C)C1C=CC(=CC=1)C(C1C=CC=CC=1)=C1C=CC(C=C1)=[N+](C)C,"0,62"
2 188,CC1=CC=C(C)C2C=CC=CC1=2,"4,37"
2 189,OC1C=CC(O)=C2C=CC=CC=12,"1,90"
2 190,CC1C=CC=C2C=1C=CC=C2C,"4,38"
2 191,[O-][N+](=O)C1=CC=CC(=C1O)[N+]([O-])=O,"1,37"
2 192,CC1C=CC2=CC=CC=C2C=1C,"4,31"
2 193,ON=C(C1C=CC=CC=1)C1C=CC=CC=1,"3,20"
2 194,CC1C=C2C(C=CC=C2C)=CC=1,"4,44"
2 195,OC1C=C2C(C=CC=C2O)=CC=1,"1,94"
2 196,CC1C=C2C=CC=CC2=C(C)C=1,"4,42"
2 197,OC1=CC=CC(Cl)=C1Cl,"2,84"
2 198,CC1C=CC=C(C)C=1O,"2,36"
2 199,[O-][N+](=O)C1C=CC=CC=1Br,"2,52"
2 200,CC(=O)C1=CC=CC=C1C(O)=O,"0,81"
2 201,CC(=O)C1=CC=CC=C1[N+]([O-])=O,"1,28"
2 202,NC1=CC=CC2N=C3C=CC=CC3=CC=21,"2,47"
2 203,NC1=CC=CC2=CC3=CC=CC=C3N=C21,"3,26"
2 204,CCC1C=CC=CC=1N,"1,74"
2 205,COC1C=CC=CC=1Br,"2,86"
2 206,CC1C=CC=CC=1OC,"2,74"
2 207,NC1C=CC=C2C=CC=NC2=1,"1,79"
2 208,OC1C=CC=C2N=CC=CC2=1,"1,85"
2 209,NC1=CC=NC2=CC=CC=C21,"1,63"
2 210,O=C1C2=CC=CC=C2N=C2C=CC=CN21,"2,08"
2 211,CC(=O)N(C)C1C=CC=CC=1,"1,12"
2 212,CN(C(=O)C(Cl)Cl)C1C=CC(O)=CC=1,"1,78"
2 213,OC(C(O)C1C=CC=CC=1)C1C=CC=CC=1,"1,91"
2 214,NN(C(=O)C1C=CC=CC=1)C1C=CC=CC=1,"2,30"
2 215,CC(=O)N(C)C1C=CC(O)=CC=1,"0,61"
2 216,CC(=O)C1C=CC=CC=1OC,"1,82"
2 217,COC1=CC=CC=C1C(O)=O,"1,59"
2 218,OC(=O)C1=CC=CC=C1NC(=O)C1C=CC=CC=1,"3,54"
2 219,CC(=O)OC1=CC=CC=C1C(=O)OC,"1,46"
2 220,NC1=CC2C=CC=NC=2C=C1,"1,28"
2 221,OC1=CC2C=CC=NC=2C=C1,"1,80"
2 222,NC1C=C2C=CC=CC2=NC=1,"1,63"
2 223,OC1=CC2=CC=CC=C2N=C1,"2,08"
2 224,OC1C=C2N=CC=CC2=CC=1,"1,98"
2 225,NC1=CC=C2C=CC=CC2=N1,"1,87"
2 226,OC1C=C(C=CC=1)C1C=CC=CC=1,"3,23"
2 227,CC(=O)NC1C=CC=CC=1OCC,"1,49"
2 228,NC1=CC2=CC3=CC=CC=C3N=C2C=C1,"2,62"
2 229,NC1=CC2=NC3=CC=CC=C3C=C2C=C1,"2,77"
2 230,CC1C=C2C=CC=CC2=CC=1C,"4,40"
2 231,CC1=CC2C=CC(C)=CC=2C=C1,"4,31"
2 232,OC1C=C2C=CC(O)=CC2=CC=1,"1,90"
2 233,C1=CN=CC=C1C1=CC=CC=N1,"1,58"
2 234,C1N=CC=CC=1C1=CC=CC=N1,"1,46"
2 235,CC(=O)OC(OC(C)=O)C1C=CC=CC=1,"1,62"
2 236,[O-][N+](=O)C1C=C2C=CC=CC2=CC=1,"3,24"
2 237,OC(=O)CC1=CC2=CC=CC=C2C=C1,"2,81"
2 238,CC1C=C2N=CNC2=CC=1C,"2,35"
2 239,S=C1NC2=CC=CC=C2N1,"1,66"
2 240,BrC1C=CC=CC=1Br,"3,64"
2 241,OC1=CC(Cl)=CC=C1Cl,"3,06"
2 242,CCC(O)CC,"1,21"
2 243,CC(C)=CC1C(C(=O)OC2CC(=O)C(CC=C)=C2C)C1(C)C,"4,78"
2 244,CC(=C)C(=O)OC(C)(C)C,"2,54"
2 245,CC(C)(C)C1C=C(O)C=CC=1,"3,30"
2 246,CC(C)(C)C1=CC=CC(=N1)C(C)(C)C,"4,14"
2 247,CC1C=C(C=CC=1)C(C)=O,"2,15"
2 248,OC(=O)C1C=CC=C(Br)C=1,"2,87"
2 249,[O-][N+](=O)C1C=CC=C(Br)C=1,"2,64"
2 250,[O-][N+](=O)C1C=C(O)C=C(C=1)[N+]([O-])=O,"2,36"
2 251,CC(=O)C1=CC(=CC=C1)OC,"1,84"
2 252,COC1C=C(C=CC=1)C(O)=O,"2,02"
2 253,CC(C)=C1CC=C(C)CC1,"4,47"
2 254,OC(=O)C1C=CC(Br)=CC=1,"2,86"
2 255,[O-][N+](=O)C1C=CC(Br)=CC=1,"2,55"
2 256,COCC1=CC=C(O1)[N+]([O-])=O,"0,89"
2 257,CC(=O)C1C=CC(=CC=1)C(O)=O,"1,61"
2 258,OCC1C=CN=CC=1,"0,06"
2 259,O=NC1C=CC=CC=1,"2,01"
2 260,OCC1C=CC=CN=1,"0,06"
2 261,CC1C=C(CO)C=CC=1,"1,60"
2 262,O=CC1C=CC=C(Cl)C=1,"2,26"
2 263,CN(C)C(=O)NC1C=CC=C(Cl)C=1,"2,00"
2 264,CC(=O)NC1C=C(C=CC=1)C(O)=O,"1,32"
2 265,OC(=O)COC1C=C(Cl)C=C(Cl)C=1,"2,84"
2 266,O=C(CCl)NC1C=CC=CC=1,"1,63"
2 267,CC(=O)NC1C=CC=C(Cl)C=1,"2,15"
2 268,CC(=O)NC1=CC(=CC=C1)OC,"1,30"
2 269,OC(=O)COC1=CC(Cl)=C(Cl)C=C1,"2,81"
2 270,OC(=O)COC1C=CC=C(Cl)C=1,"2,03"
2 271,CC(=O)NCC1C=CC=CC=1,"0,95"
2 272,CNCCC1C=CC=CC=1,"1,91"
2 273,CCC1C=CC(N)=CC=1,"1,96"
2 274,CC1=CC=C(CO)C=C1,"1,58"
2 275,NNC1C=CC(Br)=CC=1,"1,39"
2 276,CCCC(O)CCC,"2,22"
2 277,CCCC(O)CCCC,"2,68"
2 278,CCCCC(O)CC,"2,24"
2 279,CC1CCC(O)CC1,"1,79"
2 280,CC1CCC(=O)CC1,"1,38"
2 281,CC1C=C(Br)C=CC=1,"3,41"
2 282,NC1=CC(Br)=CC=C1,"2,10"
2 283,OC1=CC(Br)=CC=C1,"2,63"
2 284,CC1=CN=CC(C)=C1,"1,78"
2 285,NC1=CC(O)=CC=C1,"0,21"
2 286,COC1C=C(C=O)C=CC=1,"1,71"
2 287,CC(=O)NC1=CC(=CC=C1)OCC,"1,82"
2 288,OC1C=C(Cl)C=C(Cl)C=1,"3,62"
2 289,IC1C=CC=CC=1,"3,25"
2 290,NC1C=CN=CN=1,"-0,25"
2 291,CCCCC(C)=O,"1,38"
2 292,CC(C)CN=C=S,"2,82"
2 293,CC(=O)OCC=C,"0,97"
2 294,C=CCC=C,"2,48"
2 295,CCCCNC(N)=O,"0,41"
2 296,CCCCOC(N)=O,"0,85"
2 297,CCCCC=C,"3,39"
2 298,C=CCCC=C,"2,87"
2 299,CCC=CC=C,"3,16"
2 300,CCCCCF,"2,33"
2 301,C1CC=CC=C1,"2,47"
2 302,CCCCCC=C,"3,99"
2 303,CCCCN=C=S,"2,92"
2 304,CF,"0,51"
2 305,C=CBr,"1,57"
2 306,FCCl,"0,51"
2 307,CCC(C)(C)Cl,"2,52"
2 308,CC(C)(O)C(O)=O,"-0,36"
2 309,NC(=O)C(Cl)(Cl)Cl,"1,04"
2 310,CC(C)(C)[N+]([O-])=O,"1,17"
2 311,CC1OC(OC2CCC3(C)C(C2)CCC2C3CCC3(C)C4(COC(=O)C=C4)C(O)CC32O)C(O)C(OC)C1O,"0,59"
2 312,CCC(C)(C)C(O)=O,"1,90"
2 313,CC(C)(C(O)=O)C(O)=O,"0,39"
2 314,CCS(=O)(=O)CC,"-0,59"
2 315,CCCS(=O)(=O)CCC,"0,39"
2 316,BrC=C(Br)Br,"3,20"
2 317,OCC(Cl)Cl,"0,37"
2 318,CNC(N)=O,"-1,40"
2 319,CNC(N)=S,"-0,69"
2 320,COC(N)=O,"-0,66"
2 321,CCN(C)C,"0,70"
2 322,CC(Br)C(O)=O,"0,92"
2 323,CC(C)C(C)O,"1,28"
2 324,CC(Cl)[N+]([O-])=O,"1,10"
2 325,COC(=O)C(C)(C)C,"1,83"
2 326,COC(=O)C(Cl)(Cl)Cl,"2,03"
2 327,ONS(=O)(=O)C1C=CC=CC=1,"0,48"
2 328,CC1=CN=C(NS(=O)(=O)C2C=CC(N)=CC=2)N=C1,"0,34"
2 329,CCC(C)[N+]([O-])=O,"1,20"
2 330,CC(C)N(N=O)C(C)C,"1,38"
2 331,OC(=O)C1C(Br)=CC=CC=1Br,"3,58"
2 332,[O-][N+](=O)C1C(O)=CC=CC=1O,"1,56"
2 333,[O-][N+](=O)C1=CC=CC2=CC=CC(=C21)[N+]([O-])=O,"2,52"
2 334,C1=C2C=CC=CC2=C(C2=CC=CC=C21)C1C=CC=CC=1,"6,01"
2 335,[O-][N+](=O)C1C2=CC=CC=C2C=C2C=CC=CC2=1,"4,78"
2 336,[O-][N+](=O)C1=CC=C2CCC3=CC=CC1=C23,"3,85"
2 337,CC(O)CN1C=NC2=C1C(=O)N(C)C(=O)N2C,"-0,77"
2 338,[O-][N+](=O)C1=CC=CC(=C1C(O)=O)C(O)=O,"0,75"
2 339,C1=CC=CC=C1N(C1C=CC=CC=1)C1C=CC=CC=1,"5,74"
2 340,C1=CC=CC=C1P(C1C=CC=CC=1)C1C=CC=CC=1,"5,69"
2 341,CN1C=CC2=CC=CC=C12,"2,72"
2 342,OC1C=CC(Cl)=C2C=CC=CC2=1,"3,94"
2 343,CC(=O)OCC1OC(OC(C)=O)C(OC(C)=O)C(OC(C)=O)C1OC(C)=O,"0,63"
2 344,OC1N=C(C2=CC(Cl)=CC=C2NC1=O)C1C=CC=CC=1,"2,24"
2 345,CC(C)OC(=O)C1=CC=CC=C1C(=O)OC(C)C,"2,83"
2 346,[O-][N+](=O)C1=CC=CC2C1=CC=CC=2[N+]([O-])=O,"2,58"
2 347,CC1=CC2=C(C=C1)C(=O)C=CC2=O,"2,10"
2 348,CC1=CC(=O)C(OC)=C(OC)C1=O,"0,80"
2 349,CN1C2=NC(=O)NC2C(=O)NC1=O,"-1,08"
2 350,CC1C(=CC=CC=1[N+]([O-])=O)[N+]([O-])=O,"2,10"
2 351,NC1C(=CC=CC=1[N+]([O-])=O)[N+]([O-])=O,"1,79"
2 352,O=C1CC(=O)C2C=CC=CC1=2,"0,61"
2 353,NS(=O)(=O)C1=CC=CC2=CC=CC=C21,"1,55"
2 354,NNC(=O)C1=CC=CC=C1[N+]([O-])=O,"-0,54"
2 355,COC(=O)C1=CC=CC=C1[N+]([O-])=O,"1,66"
2 356,COC(=O)C1C=CC=CC=1C(=O)C1C=CC=CC=1,"2,70"
2 357,[O-][N+](=O)C1=CC2=CC=CC=C2C(=C1)[N+]([O-])=O,"2,83"
2 358,CC(=O)NC1C(=CC(C)=CC=1C)[N+]([O-])=O,"1,18"
2 359,CN1C(=O)C=CC2=CC=CC=C12,"1,45"
2 360,COC(=O)C1C=CC=CC=1OC,"2,04"
2 361,[O-][N+](=O)C1C=CC=C2N=CC=CC=12,"1,86"
2 362,[O-][N+](=O)C1=CC=CC2=CC=CN=C21,"1,40"
2 363,[O-][N+](=O)C1=CC2CC3C=CC=CC=3C=2C=C1,"3,37"
2 364,CCOC(=O)C(CC1C=CC=CC=1)C(=O)OCC,"2,76"
2 365,CCCOC(=O)C1=CC=CC=C1O,"3,80"
2 366,COC1C(Br)=CC(Br)=CC=1Br,"4,48"
2 367,CC(=O)OC1=CNC2=CC=CC=C12,"2,01"
2 368,NC1C=CC=C(Cl)C=1Cl,"2,82"
2 369,NC1C(Cl)=CC=CC=1Cl,"2,76"
2 370,OC1C(Br)=CC=CC=1Br,"3,36"
2 371,CC1C(O)=CC=C(O)C=1C,"1,36"
2 372,ClC1=CC(Cl)=C(Cl)C(Cl)=C1Cl,"5,17"
2 373,OC1=CC(Cl)=C(Cl)C(Cl)=C1,"4,01"
2 374,NC(=O)C1C=COC=1,"0,09"
2 375,NC(=O)C1=CC=CO1,"-0,11"
2 376,[O-][N+](=O)C1=CC=CO1,"0,66"
2 377,[O-][N+](=O)C1=CC=CS1,"1,55"
2 378,NC(=O)C1=CC=CC=C1Cl,"0,64"
2 379,CC1C=CC=CC=1N(C)C,"2,85"
2 380,[O-][N+](=O)C1C=C(C(O)=C(C=1)C(O)=O)[N+]([O-])=O,"1,71"
2 381,OC1C=CC(C(O)=O)=C(O)C=1O,"1,05"
2 382,NC(=O)C1=CC=CC=C1[N+]([O-])=O,"-0,12"
2 383,CC1C=C(C(=CC=1)[N+]([O-])=O)[N+]([O-])=O,"2,08"
2 384,[O-][N+](=O)C1C=CC(Cl)=CC=1[N+]([O-])=O,"2,18"
2 385,NC1=CC=CC2=CC3=CC=CC=C3C=C21,"3,69"
2 386,CC(=O)OC1C=CC=CC=1[N+]([O-])=O,"1,55"
2 387,COC(=O)C1C=CC=CC=1Cl,"2,38"
2 388,COC(=O)C1C=CC=CC=1I,"2,74"
2 389,CCC(=O)C1=CC=CC=C1O,"2,54"
2 390,NC1C=CC(C(O)=O)=C(N)C=1,"-0,31"
2 391,[O-][N+](=O)C1=CC=C(Cl)C=C1Cl,"3,07"
2 392,[O-][N+](=O)C1=CC2=C(C=C1)NC(=O)C2=O,"0,47"
2 393,COC(=O)C1=CC=CO1,"1,00"
2 394,CC1=CC=CC=C1CC,"3,53"
2 395,N#CC1C=CC=CC=1O,"1,61"
2 396,CC1C=CC=CC=1NC,"2,16"
2 397,CC1=CC=CC2=CC=CN=C21,"2,60"
2 398,ClC1C=CC=C2C=CC=NC2=1,"2,44"
2 399,NC1C=CC=C2N=CC=CC2=1,"1,16"
2 400,CN1C(=O)NC2N=CN(C)C=2C1=O,"-0,22"
2 401,CC(C)C(=O)C1C=CC=CC=1,"2,73"
2 402,CN(C)C(=O)C1C=CC=CC=1,"0,62"
2 403,COC1C=CC=CC=1CO,"1,13"
2 404,CCC1=CC=CC=C1[N+]([O-])=O,"2,58"
2 405,N#CC1=CC=CC=C1[N+]([O-])=O,"1,02"
2 406,[O-][N+](=O)C1=CC=CC=C1CO,"1,24"
2 407,CNC1C=CC=CC=1[N+]([O-])=O,"2,18"
2 408,CN1C2C(NC1=O)=NC(=O)NC2=O,"-1,18"
2 409,CC(=O)NC1C=CC(C)=CC=1[N+]([O-])=O,"1,49"
2 410,ClC1C=C2C=CC=NC2=CC=1,"2,73"
2 411,CC1=CC2=CC=CC=C2N=C1,"2,53"
2 412,CC1C=C2N=CC=CC2=CC=1,"2,47"
2 413,ClC1=CC=C2C=CC=CC2=N1,"2,71"
2 414,C1=CC2=CC=CC=C2N=C1C1C=CC=CC=1,"3,90"
2 415,O=NN(CC1C=CC=CC=1)C1C=CC=CC=1,"3,38"
2 416,CC1=CC2=CC3=CC=CC=C3C=C2C=C1,"5,00"
2 417,C1C2=CC=CC=C2CC2C=CC=CC=21,"4,25"
2 418,CC1C=CC(=CC=1)C1C=CC(C)=CC=1,"5,09"
2 419,[O-][N+](=O)C1=CC2=CC=CN=C2C=C1,"1,84"
2 420,[O-][N+](=O)C1=CC2N=CC=CC=2C=C1,"1,82"
2 421,CC(=O)OC1=CC=CC=C1OC,"1,38"
2 422,CNC(=O)C1C=CC=CC=1,"0,86"
2 423,NNC(=O)C1C=CC=CC=1,"0,19"
2 424,CCNC(=O)C1C=CC=CC=1,"1,28"
2 425,CCOC(=O)C1C=CC=NC=1,"1,32"
2 426,NC(CC(O)=O)C1C=CC=CC=1,"-1,40"
2 427,CN(CC1C=CC=CC=1)C1C=CC=CC=1,"4,22"
2 428,OC(=O)COC1=CC=CC=C1Cl,"1,86"
2 429,OC1C=CC=CC=1CC(O)=O,"0,85"
2 430,CC(=O)NC1=CC=CC=C1Br,"1,34"
2 431,CC(=O)NC1C=CC=CC=1O,"0,72"
2 432,CC1C=C2C=CNC2=CC=1,"2,68"
2 433,CCOC(=O)C1C=COC=1,"1,78"
2 434,CCOC(=O)C1=CC=CO1,"1,52"
2 435,CC1NC2=CC=CC=C2N=1,"1,43"
2 436,OC1NC2=CC=CC=C2N=1,"1,12"
2 437,CSC1=NC2=CC=CC=C2S1,"3,15"
2 438,NC1C=CC=CC=1Br,"2,11"
2 439,NC1C=CC=CC=1I,"2,32"
2 440,OC1C=CC(Br)=CC=1Br,"3,22"
2 441,CC1C=C(Cl)C=CC=1C,"3,82"
2 442,OC1=CC(Cl)=C(O)C=C1,"1,40"
2 443,CC1=CC=C(Cl)C(O)=C1,"2,90"
2 444,CN1C=CC(=O)NC1=O,"-1,20"
2 445,CC1NC(=O)NC1=O,"-0,91"
2 446,CC1=CSC=C1,"2,40"
2 447,O=C1CCCN1,"-0,85"
2 448,CN1C=NC=C1,"-0,06"
2 449,CC1C=C(C)C=C(C)C=1NC(=O)CN(CC)CC,"2,41"
2 450,[O-][N+](=O)C1C=C(C=CC=1O)C(O)=O,"1,85"
2 451,CCCC(O)C(O)=O,"0,45"
2 452,NCC1=CC=CO1,"0,37"
2 453,N#CC1=CC=CO1,"0,96"
2 454,CC1=CC(=CC=C1)C(N)=O,"1,18"
2 455,NC(=O)C1C=CC=C(Cl)C=1,"1,51"
2 456,NC(=O)C1C=CC=C(O)C=1,"0,39"
2 457,OC(=O)C1C=CC=C(I)C=1,"3,13"
2 458,[O-][N+](=O)C1C=C(Cl)C=C(Cl)C=1,"3,09"
2 459,[O-][N+](=O)C1=CC(Cl)=C(O)C(Cl)=C1,"2,94"
2 460,NC1C=C(C=C(C=1)[N+]([O-])=O)[N+]([O-])=O,"1,89"
2 461,NNC(=O)C1=CC(=CC=C1)[N+]([O-])=O,"0,23"
2 462,COC(=O)C1C=C(C=CC=1)[N+]([O-])=O,"1,89"
2 463,CCOC(=O)C1C=C(C=CC=1)[N+]([O-])=O,"2,35"
2 464,CC1CCC(CC1O)C(C)=C,"3,21"
2 465,NC1C=CC(=CC=1N)C(O)=O,"0,13"
2 466,[O-][N+](=O)C1C=CC(=CC=1O)C(O)=O,"1,98"
2 467,NC1C=C(C=CC=1C(O)=O)[N+]([O-])=O,"1,91"
2 468,N#CC1C=C(C=CC=1)[N+]([O-])=O,"1,17"
2 469,[O-][N+](=O)C1C=C(CO)C=CC=1,"1,21"
2 470,CN(C)C1=CC(=CC=C1)[N+]([O-])=O,"2,16"
2 471,COC(=O)C1C=CC(Br)=CC=1,"2,95"
2 472,COC(=O)C1C=CC(N)=CC=1,"1,36"
2 473,COC(=O)C1=CC=C(C=C1)[N+]([O-])=O,"1,89"
2 474,CC1=CC=C(C=C1)C(N)=O,"1,18"
2 475,NC(=O)C1C=CC(Cl)=CC=1,"1,55"
2 476,NC(=O)C1C=CC(O)=CC=1,"0,33"
2 477,OC(=O)C1C=CC(I)=CC=1,"3,02"
2 478,CCC1=CC=C(C=C1)C(O)=O,"2,89"
2 479,N#CC1C=CC(=CC=1)C(O)=O,"1,56"
2 480,OC(=O)C1C=CC(=CC=1)C=O,"1,76"
2 481,N#CC1C=CC(=CC=1)[N+]([O-])=O,"1,19"
2 482,[O-][N+](=O)C1C=CC(CO)=CC=1,"1,26"
2 483,CC(C)C1C=CC(=CC=1)C(N)=O,"2,14"
2 484,NC(=O)C1C=CC(=CC=1)[N+]([O-])=O,"0,82"
2 485,CN(C)C1C=CC(=CC=1)C(O)=O,"1,28"
2 486,CCOC1C=CC(=CC=1)C(O)=O,"2,39"
2 487,CC(=O)OCC1=CC=C(C=C1)[N+]([O-])=O,"1,73"
2 488,CC1=CC=C(C=O)O1,"0,67"
2 489,COC1C=CN=CC=1,"1,00"
2 490,CC1C=C(CC)C=CC=1,"3,98"
2 491,CCC1C=C(O)C=CC=1,"2,40"
2 492,OC1C=C(CO)C=CC=1,"0,49"
2 493,CCC(=O)NC1C=CC=CC=1,"1,61"
2 494,CC(=O)C(=CC1C=CC=CC=1)C(=O)OCC,"2,21"
2 495,[O-][N+](=O)C1C=CC(=CC=1)OC1C=CC=CC=1,"3,92"
2 496,OC1C=CC(CC2C=CC(O)=CC=2)=CC=1,"2,91"
2 497,CCNC(=O)NC1C=CC=CC=1,"1,64"
2 498,O=C(CC1C=CC=CC=1)NC1C=CC=CC=1,"2,70"
2 499,O=S(CC1C=CC=CC=1)CC1C=CC=CC=1,"1,99"
2 500,CCCCCC(=O)NC1C=CC=CC=1,"3,28"
2 501,CCOC1C=C(O)C=CC=1,"1,98"
2 502,OC1C=C(CC(O)=O)C=CC=1,"0,85"
2 503,CC(=O)NC1C=CC=C(Br)C=1,"2,31"
2 504,CC(=O)NC1C=C(O)C=CC=1,"0,73"
2 505,COC1=CC=C(C=O)C=C1O,"0,97"
2 506,CCCN(CCC)N=O,"1,36"
2 507,[O-][N+](=O)OCC(CO)O[N+]([O-])=O,"0,83"
2 508,NC(=O)C=CC1C=CC=CC=1,"1,43"
2 509,NC(=O)OCC1C=CC=CC=1,"1,20"
2 510,CC(=O)COC1C=CC=CC=1,"1,04"
2 511,NC(=O)COC1C=CC=CC=1,"0,76"
2 512,ClCCC1C=CC=CC=1,"2,95"
2 513,CN=CC1C=CC=CC=1,"1,64"
2 514,ON=CC1C=CC=CC=1,"1,85"
2 515,N#CNC1C=CC=CC=1,"1,87"
2 516,[N-]=[N+]=NC1C=CC=CC=1,"2,59"
2 517,CCSC1C=CC=CC=1,"3,20"
2 518,[O-][N+](=O)CC1C=CC=CC=1,"1,75"
2 519,ClC(Cl)=NC1C=CC=CC=1,"2,54"
2 520,NC(=O)OC1C=CC=CC=1,"1,08"
2 521,CC1=CC=C(CC(O)=O)C=C1,"1,86"
2 522,CC(=O)NC1C=CC(I)=CC=1,"2,71"
2 523,CC1=CC=C(C=C1)N=C=S,"3,92"
2 524,CCOC1C=CC(O)=CC=1,"1,81"
2 525,S=C=NCC1C=CC=CC=1,"3,16"
2 526,CCCNC1C=CC=CC=1,"2,45"
2 527,N#CN=NC1C=CC=CC=1,"2,30"
2 528,CCCOC1C=CC=CC=1,"3,18"
2 529,CC1C=CC(CC)=CC=1,"3,63"
2 530,N#CC1C=CC(Cl)=CC=1,"2,47"
2 531,OC1C=CC(CO)=CC=1,"0,25"
2 532,CC1C=CC(=CC=1)NC,"2,15"
2 533,COC1C=CC(Cl)=CC=1,"2,78"
2 534,CC(=O)C=CC1=CC=CO1,"1,35"
2 535,N#CC1C=CC(=CC=1)C#N,"0,93"
2 536,O=CC=CC1=CC=CO1,"1,15"
2 537,CCC(O)CCC,"1,65"
2 538,CCCC(=O)OC,"1,29"
2 539,CC(=O)NC(=O)NC,"-0,70"
2 540,[O-][N+](=O)OCC(O)CO[N+]([O-])=O,"0,71"
2 541,CCCCC(=O)OC,"1,96"
2 542,IC1C=CC(I)=CC=1,"4,11"
2 543,CC(=O)CCC(=O)OC,"-0,13"
2 544,COC(=O)C=CC(=O)OC,"0,22"
2 545,ICCI,"2,71"
2 546,CCNC,"0,15"
2 547,NNC=O,"-2,05"
2 548,CCSC,"1,54"
2 549,CSSC,"1,77"
2 550,CC(C)CC#N,"1,07"
2 551,CC=CC(C)=O,"0,52"
2 552,[O-][N+](=O)CCO,"-0,42"
2 553,CCNC(N)=O,"-0,74"
2 554,CCNC(N)=S,"-0,21"
2 555,CC(C)C[N+]([O-])=O,"1,40"
2 556,CC(C)SC(C)C,"2,84"
2 557,CC1=CC=C(C)N1,"1,47"
2 558,CC1=CC=C(C)O1,"2,24"
2 559,O=NN(CC(F)(F)F)CC(F)(F)F,"2,15"
2 560,NC1=CC(I)=CC=C1,"2,86"
2 561,OC1C=C(I)C=CC=1,"2,93"
2 562,ClCC1C=C(CCl)C=CC=1,"2,72"
2 563,N#CC1C=C(C=CC=1)C#N,"0,80"
2 564,BrC1C=C(Br)C=C(Br)C=1,"4,51"
2 565,NC1C=C(Cl)C=C(Cl)C=1,"2,90"
2 566,CC1CC(=O)NC(=O)N=1,"-0,77"
2 567,BrC1C=NC=CC=1,"1,60"
2 568,ClC1C=NC=CC=1,"1,33"
2 569,ClC1C=CN=CC=1,"1,28"
2 570,CN1CCCCC1,"1,30"
2 571,CCOC(=O)CCCCC(O)=O,"0,91"
2 572,CCCCC(C)O,"1,76"
2 573,CCCC[N+]([O-])=O,"1,47"
2 574,CCCOC(N)=O,"0,36"
2 575,CCCC#C,"1,98"
2 576,OCCCCl,"0,50"
2 577,ICCCI,"3,02"
2 578,CCCNC,"0,84"
2 579,COC(=O)CCCCC(=O)OC,"1,03"
2 580,CCCCC[N+]([O-])=O,"2,01"
2 581,N#CCCCCl,"0,56"
2 582,CCCCOC,"1,66"
2 583,CCOCCCl,"0,98"
2 584,C1C=CCC=C1,"2,30"
2 585,CC(C)COCC(C)C,"2,78"
2 586,CCCCCOC(C)=O,"2,29"
2 587,CCCCCC#N,"1,66"
2 588,CCCCOCC,"2,03"
2 589,CCCCSC#N,"2,03"
2 590,[O-][N+](=O)OCCO[N+]([O-])=O,"1,16"
2 591,CCCCCCCBr,"4,36"
2 592,CCCCCCCCl,"4,15"
2 593,CCOCCOCC,"0,66"
2 594,C1C=CC=CC=CC=1,"3,08"
2 595,N#CCCCCCCC#N,"0,59"
2 596,CCCCCCCCCCCCCC,"7,60"
2 597,CC(C)(C)C#N,"1,08"
2 598,CC12CC(O)C3C(CCC4(O)CC(CC(O)C43CO)OC3OC(C)C(O)C(O)C3O)C1(O)CCC2C1COC(=O)C=1,"-2,00"
2 599,CCC1(N=C(O)N=C1O)C1C=CC=CC=1,"1,53"
2 600,CN(C)C(=O)N(C)C,"0,19"
2 601,CC1C=CC=C(C)C=1C(O)=O,"2,21"
2 602,CC1=NC=C(CO)C(CO)=C1OC,"-0,10"
2 603,COC1C=CC=C(OC)C=1OC,"1,53"
2 604,ClC1C=CC(Cl)=C(Cl)C=1Cl,"4,57"
2 605,NC1C=CC(Cl)=C(Cl)C=1Cl,"3,33"
2 606,NC1=CC(Cl)=C(Cl)C(Cl)=C1Cl,"4,27"
2 607,ClC1C=C(Cl)C=C(Cl)C=1Cl,"4,61"
2 608,NC1=CC(Cl)=C(Cl)C(Cl)=C1,"3,32"
2 609,NC1C(Cl)=CC(Cl)=CC=1Cl,"3,52"
2 610,OC(=O)C1=CC=CN1,"0,85"
2 611,NC1C=CC(Cl)=CC=1C(O)=O,"1,57"
2 612,NC1=CC(=C(Cl)C=C1)[N+]([O-])=O,"2,06"
2 613,C1CCNC2C=CC=CC=21,"2,29"
2 614,C1=CC=CC=C1N1C=CC=C1,"3,08"
2 615,S=C(NC1C=CC=CC=1)C1C=CC=CC=1,"3,03"
2 616,BrC1C=C(Br)C(Br)=CC=1Br,"5,13"
2 617,NC1=CC(Cl)=C(Cl)C=C1Cl,"3,45"
2 618,OCC1=CC=CS1,"0,87"
2 619,NNC(=O)C1=CC=C(C=C1)[N+]([O-])=O,"0,35"
2 620,CC=CC1C=CC=CC=1,"3,35"
2 621,CC(=S)NC1C=CC=CC=1,"1,71"
2 622,BrCCCC1C=CC=CC=1,"3,72"
2 623,O=C1C=CC(C=C1)=NCl,"1,26"
2 624,ON=C1C=CC(=O)C=C1,"1,08"
2 625,CC(=O)NC(=O)NC(C)=O,"-0,68"
2 626,CCCCCOC(N)=O,"1,35"
2 627,CCSCCSP(=S)(OC)OC,"3,15"
2 628,NC(=O)CF,"-1,05"
2 629,CC1C=CC(=CC=1)S(=O)(=O)NC,"1,28"
2 630,CC(CCC(=O)NCC(O)=O)C1CCC2C3C(CCC21C)C1(C)CCC(O)CC1CC3O,"2,12"
2 631,CC(C)C1C=CC=CC=1N,"2,12"
2 632,CC1C=CC(=CC=1)C1C=CC=CC=1,"4,63"
2 633,CCCC1C=CC=CC=1O,"2,93"
2 634,CC1=CC(=O)C(=O)CO1,"-0,59"
2 635,[O-][N+](=O)C1C=CC=C(I)C=1,"2,94"
2 636,CN(C)C1N=C(N=C(N=1)N(C)C)N(C)C,"2,73"
2 637,NC(=O)C1C=C(C=CC=1)[N+]([O-])=O,"0,77"
2 638,CC(=O)C1=CC=C(C=C1)C(C)C,"2,98"
2 639,CCCC1=CC=C(O)C=C1,"3,20"
2 640,N#CCCC1C=CC=CC=1,"1,72"
2 641,C1OCCO1,"-0,37"
2 642,CCCCCC[N+]([O-])=O,"2,70"
2 643,N#CCCCCCC#N,"0,05"
2 644,OCCC(F)(F)C(F)(F)C(F)(F)C(F)(F)C(F)(F)C(F)(F)F,"4,58"
2 645,COC1=CN=C(NS(=O)(=O)C2C=CC(N)=CC=2)N=C1,"0,41"
2 646,CS(=O)(=O)C1C(F)=C(F)C(F)=C(F)C=1F,"1,11"
2 647,CC1C(F)=C(F)C(C(O)=O)=C(F)C=1F,"3,15"
2 648,CC(=O)NC1C(F)=C(F)C(F)=C(F)C=1F,"1,70"
2 649,CC(CC(O)=O)N1N=NC2=CC=CC=C12,"-0,20"
2 650,OC(=O)CCN1N=NC2=CC=CC=C12,"-0,63"
2 651,OC(=O)CCCN1N=NC2=CC=CC=C12,"0,01"
2 652,CC1C=C(O)C=C(C)C=1O,"1,00"
2 653,NC(=O)NC1=CC=CC=C1F,"0,88"
2 654,FC(F)(F)C1NC2C=C(Cl)C=CC=2N=1,"3,39"
2 655,O=S(=O)(NC1C=CC=CC=1)C(F)F,"1,95"
2 656,CC(N)(CC1=CC=C(O)C=C1)C(O)=O,"-1,89"
2 657,NC(=O)NC1C=CC(F)=CC=1,"1,04"
2 658,NCCCCC(O)=O,"-2,63"
2 659,CC1C=CC(=CC=1)S(=O)(=O)NC(=O)NC1CCCCC1,"2,90"
2 660,C1=CC=CC=C1C1NC=CN=1,"1,88"
2 661,CC1=CC(O/C(/O)=N/C)=C(C)C=C1C,"2,52"
2 662,CNNCC1C=CC(=CC=1)C(=O)NC(C)C,"0,06"
2 663,CP(C)C1C=CC=CC=1,"2,57"
2 664,CC(C)C1=CCC(=O)C(=O)C=C1,"1,89"
2 665,NC(=O)OCCCC1C=CC=CC=1,"1,96"
2 666,O=C1CCCCCCN1,"0,24"
2 667,O=C1CCCCN1,"-0,46"
2 668,FC(F)(F)C(F)(F)C(F)(F)C(F)(F)C(F)(F)F,"4,40"
2 669,OCCC(F)(F)C(F)(F)C(F)(F)C(F)(F)C(F)(F)C(F)(F)C(F)(F)C(F)(F)F,"5,70"
2 670,CN(C)P(=O)(N(C)C)N(C)C,"0,28"
2 671,CC(C)(CCC(O)=O)C(O)=O,"0,67"
2 672,NC(=O)CBr,"-0,52"
2 673,NC(=O)C(Cl)Cl,"0,19"
2 674,O=C(C(F)(F)F)C(F)(F)F,"1,46"
2 675,CN(N=O)C(N)=O,"-0,03"
2 676,CC(=O)N(CC)CC,"0,34"
2 677,CCOC(=O)N(C)C,"0,89"
2 678,CC(=O)CC(CCC)C(O)=O,"1,31"
2 679,CC(=C)C(=O)OCC(CCCC)CC,"4,54"
2 680,CCCCNC(=N)NC(N)=N,"-1,20"
2 681,CC#CC#CC#CC=CC(=O)OC,"3,85"
2 682,CCCCC#C,"2,73"
2 683,[O-][N+](=O)OCCOCCO[N+]([O-])=O,"0,98"
2 684,CCCCCCCCC(C)=O,"3,73"
2 685,CC1=CSC=N1,"0,97"
2 686,CC1NC=CN=1,"0,24"
2 687,[O-][N+]1C=CC=CC=1,"-1,20"
2 688,CN1C=CC=CC1=O,"-0,23"
2 689,O=C1C2C3CC1CC32,"0,81"
2 690,CN1C=CC(=O)C=C1,"-1,22"
2 691,CC1C=C(N)N=CC=1,"0,56"
2 692,CC1=NCCN1CCO,"0,04"
2 693,O=C1C=C(Cl)C(=O)C=C1,"0,84"
2 694,O=C1NC(=O)N=CC1I,"0,04"
2 695,O=I(=O)C1C=CC=CC=1,"-1,33"
2 696,CC1C=CC=C(C=1)NC,"2,19"
2 697,ON=CC1=CC=NC=C1,"0,77"
2 698,[O-][N+](=O)C1=CC=C(C=O)O1,"1,01"
2 699,NC(=O)C1C=CC(Br)=CC=1,"1,76"
2 700,CC(O)CC1C=CC=CC=1,"1,97"
2 701,[O-][N+](=O)C=CC1=CC=CO1,"1,56"
2 702,CN1C=NC2=C(N)N=CN=C12,"-0,03"
2 704,CC1=CC(C)=C(C)C(C)=C1C,"4,56"
2 705,CC1C(O)=CC(C)=C(O)C=1C,"1,69"
2 706,CC1C=CC(=C(O)C=1)[N+]([O-])=O,"2,31"
2 707,COC1=CC=CC=C1N(C)C,"1,63"
2 708,NS(=O)(=O)C1C=CC(Br)=CC=1,"1,36"
2 709,COC1C=CC(=CC=1)N(C)C,"1,42"
2 710,ClC(Cl)(Cl)SC1C=CC=CC=1,"3,78"
2 711,NC(=O)NC1C=CC=C(O)C=1,"0,36"
2 712,CC(=O)OC1C=CC=C(F)C=1,"1,74"
2 713,CC1=NC(=CN1CCO)[N+]([O-])=O,"-0,59"
2 714,CC(=CC1C=CC=CC=1)[N+]([O-])=O,"2,52"
2 715,CN(C)C(=S)NC1C=CC=CC=1,"1,04"
2 716,[O-][N+](=O)C=CC1C=CC(Cl)=CC=1,"2,44"
2 717,CCCCCCC1CCC(=O)O1,"2,72"
2 718,COC(OC)(OC)C1C=CC=CC=1,"2,27"
2 719,CCCN1C=NC2C1=NC=NC=2N,"0,74"
2 720,CCCCN1N=NC2=CC=CC=C12,"2,57"
2 721,CN1C(=O)N=C2NC(=O)NC2C1=O,"-0,57"
2 722,N=C(O)C(=CC1C=CC=CC=1)C#N,"1,56"
2 723,CCC(=O)NC1C=C(Cl)C(Cl)=CC=1,"3,07"
2 724,NS(=O)(=O)NCCC1C=CC=CC=1,"0,81"
2 725,N=C(O)C=CC1=CC=C(O1)[N+]([O-])=O,"0,65"
2 726,OCCOC1=CC=CC2=CC=CC=C21,"2,50"
2 727,CNC(=O)CCC(=O)C1=CN=CC=C1,"-0,69"
2 728,CC1=CC2C(C=C1)=[N+]([O-])C=CC=2[N+]([O-])=O,"1,43"
2 729,CC1=C(N=O)C(C)=NN1C1C=CC=CC=1,"2,28"
2 730,C1=CC=CC=C1C1NC2=CC=CC=C2N=1,"3,24"
2 731,OC(C1C=CC=CC=1)(C(F)(F)F)C(F)(F)F,"3,41"
2 732,CC1(C2CCCCC=2)C(O)=NC(=O)N=C1O,"1,60"
2 733,CC(C)(C)C1=CC(=O)C=C(C1=O)C(C)(C)C,"4,42"
2 734,CC1=CC=CC=C1NC(=O)C(C)NCCC,"2,11"
2 735,CC1=CC(NS(=O)(=O)C2C=CC(N)=CC=2)=NO1,"0,89"
2 736,CC1NC2C=C(C=CC=2S(=O)(=O)N=1)C(F)(F)F,"1,59"
2 737,OC(=O)C1C2=CC=CC=C2C=C2C=CC=CC2=1,"3,85"
2 738,CCC1(C(O)=NC(=O)N(C)C1=O)C1CCCCC=1,"2,25"
2 739,O=C(NP(=O)(N1CC1)N1CC1)C1=CC=C(F)C=C1,"0,86"
2 740,CC1C=CC(=CC=1)C(=O)C(C)CN1CCCCC1,"3,65"
2 741,CN(C)S(=O)(=O)N(SC(F)(Cl)Cl)C1C=CC(C)=CC=1,"3,90"
2 742,COP(=S)(OC)SCN1C(=O)C2C=CC=CC=2C1=O,"2,78"
2 743,CC(C)(C)C1=CC(=C(O)C(=C1)C(C)(C)C)C(C)(C)C,"6,06"
2 744,COC1C=C(CC2=CN=C(N)N=C2N)C=C(OC)C=1OC,"0,91"
2 745,CC(C)OP(=S)(OC(C)C)SCCNS(=O)(=O)C1C=CC=CC=1,"4,21"
2 746,NS(=O)(=O)C1C=C2C(=CC=1Cl)NC(CC1CCCC1)NS2(=O)=O,"1,27"
2 747,CCCCCC(O)C=CC1C(CCCCCCC(O)=O)C(=O)CC1O,"3,20"
2 748,[O-][N+](=O)C1C=C(C2=C(C=1)C(=O)C1=CC(=CC(=C21)[N+]([O-])=O)[N+]([O-])=O)[N+]([O-])=O,"2,40"
2 749,O=C1NCN(C2C=CC=CC=2)C21CCN(CCCC(=O)C1C=CC(F)=CC=1)CC2,"3,03"
2 750,NCC(F)(F)F,"0,24"
2 751,CP(=O)(OC)OC,"-0,61"
2 752,CCC(=O)N(C)C,"-0,11"
2 753,CCN(N=O)C(N)=O,"0,23"
2 754,CCSC(=O)N(CCC)CCC,"3,21"
2 755,CC(C)CN(N=O)C(N)=O,"1,04"
2 756,CC(C)=CC=C(C)C,"3,50"
2 757,N#CC=CC#N,"-0,25"
2 758,NC1CC1,"0,07"
2 759,CC(=O)C1CC1,"0,49"
2 760,CCN1CCCCC1,"1,75"
2 761,CC1CCCC(C)N1,"1,53"
2 762,COC1C=CC=CC=1Cl,"2,68"
2 763,N#CC1C=CC(O)=CC=1,"1,60"
2 764,C=CC(=O)C1C=CC=CC=1,"1,88"
2 765,C[Si](C)(C)C1C=CC=CC=1,"4,72"
2 766,CCC1C=CC(CO)=CC=1,"2,27"
2 767,CC1(C)CCCC(C)(C)N1,"2,15"
2 768,NC12CC3CC(C1)CC(C2)C3,"2,44"
2 769,OC12CC3CC(C1)CC(C2)C3,"2,14"
2 770,CC(C)(C)C1C=CC(N)=CC=1,"2,70"
2 771,C[Si](C)(C)CC1C=CC=CC=1,"4,13"
2 772,NC(=O)NC1C=CC=C(F)C=1,"1,29"
2 773,N=C1N=C(O)C2=CC=CC=C2O1,"0,27"
2 774,OC(=O)C1=CNC2=CC=CC=C12,"1,99"
2 775,OC1C(F)=C(F)C(F)=C(F)C=1F,"3,23"
2 776,NC1=CC2=CC=CC=C2C=C1N,"1,54"
2 777,C1CC(CCN1)C1C=CC=CC=1,"2,39"
2 778,CCOC(=O)C(O)C1C=CC=CC=1,"1,53"
2 779,C1CC2=CC=CC=C2C2=CC=CC=C21,"4,52"
2 780,CCOC(=O)C1=CNC2=CC=CC=C12,"3,04"
2 781,O=C(C1C=CC=CC=1)N1CCCCC1,"2,20"
2 782,CN(N=O)C(=O)NC1C=CC(F)=CC=1,"1,88"
2 783,CC1C2=CC=CC=C2C=C2C=CC=CC2=1,"5,07"
2 784,OC1=CC=CC=C1C=NC1C=CC=CC=1,"3,09"
2 785,CC(C)(C)C1=CC(=CC=C1)O/C(/O)=N/C,"2,93"
2 786,CN1C(=O)NC(=O)C(CC=C)(CC=C)C1=O,"1,55"
2 787,CCO[Si](OCC)(OCC)C1C=CC=CC=1,"2,99"
2 788,CC1C2=CC=CC=C2C(C)=C2C=CC=CC=12,"5,69"
2 789,CCOP(=S)(OCC)SCSC1C=CC(Cl)=CC=1,"5,33"
2 790,NC1NC(=S)C2N=CN(C3CC(O)C(CO)O3)C=2N=1,"-0,56"
2 791,CCOC(=O)C(=CC1C=CC(F)=CC=1)C(=O)OCC,"3,10"
2 792,O=P(C1C=CC=CC=1)(C1C=CC=CC=1)C1C=CC=CC=1,"2,83"
2 793,CC(C)(C)C(=O)C(C)(C)C,"3,00"
2 794,CCCN(N=O)C(N)=O,"0,30"
2 795,[N-]=[N+]=CC(=O)NCC(=N)O,"-1,26"
2 796,C=CC(=O)OCCO,"-0,21"
2 797,CN(C)CC(F)(F)F,"1,06"
2 798,ClCC#CCCl,"2,01"
2 799,CCCCCCCC(C)=O,"3,14"
2 800,CC1=CNC=N1,"0,23"
2 801,[O-][N+](=O)C1=CSC=C1,"1,55"
2 802,ClC1CCCCC1Cl,"3,21"
2 803,CSC1N=CC=CN=1,"1,01"
2 804,COC1C=C(O)C=CC=1O,"0,47"
2 805,NC(=O)C1C=CC(F)=CC=1,"0,91"
2 806,COC1C=C(CCl)C=CC=1,"2,68"
2 807,O=S1(=O)C=CC2=CC=CC=C12,"0,88"
2 808,C1=CC=CC=C1C1=CC=CS1,"3,74"
2 809,C1=NN=C(O1)C1C=CC=CC=1,"1,31"
2 810,NS(=O)(=O)C1C=CC(I)=CC=1,"1,59"
2 811,CC1=CC=C2C=CC=C(O)C2=N1,"2,33"
2 812,O=C1C=C(SS1)C1C=CC=CC=1,"3,01"
2 813,CC1=CC2=CC(C)=C(C)C=C2C=C1,"4,73"
2 814,CC(=O)OC1C=CC(=CC=1)[N+]([O-])=O,"1,50"
2 815,[O-][N+](=O)C=CC1=CC=C(O1)[N+]([O-])=O,"1,30"
2 816,COC1C=CC(C=CC(O)=O)=CC=1,"2,68"
2 817,O=C1CCCCCCCCCCC1,"4,10"
2 818,CC(=O)OC1C=CC=C2C=CC=CC2=1,"2,78"
2 819,OC(=O)CCC1=CNC2=CC=CC=C12,"1,75"
2 820,CCOC(=O)C1C=C(O)C(O)=C(O)C=1,"1,30"
2 821,N=C(S)N=NCC1=CC=C(O1)[N+]([O-])=O,"1,64"
2 822,OC1C=CC(=CC=1)OC1C=CC=CC=1,"3,35"
2 823,CC1C=CC=C2C3=CC=CC=C3C=CC2=1,"5,08"
2 824,CC1=CC2C3C=CC=CC=3C=CC=2C=C1,"5,15"
2 825,C1=CC=CC=C1C1=NC2=CC=CC=C2O1,"3,67"
2 826,CCNC1N=C(NC(C)C)N=C(N=1)SC,"2,98"
2 827,CC1=NC(=O)NC(=O)C1N(CCF)CCCl,"0,85"
2 828,[O-][N+](=O)C1C=CC(=CC=1)NC1C=CC=CC=1,"3,74"
2 829,CN(OC)C(=O)NC1C=C(C=CC=1)C(F)(F)F,"2,64"
2 830,COCCCNC1N=C(N=C(NC(C)C)N=1)SC,"2,82"
2 831,CCS(=O)(=O)C1=CC=C(C2C=CC=CC=21)S(N)(=O)=O,"1,24"
2 832,OC1N=C(C2=CC(Cl)=CC=C2NC1=O)C1=CC=CC=C1Cl,"2,39"
2 833,CN1C(=O)C(O)N=C(C2=CC(Cl)=CC=C12)C1C=CC=CC=1,"2,19"
2 834,CSC1=CC=CC=C1C1=NCC(O)=NC2C=CC(Cl)=CC1=2,"2,99"
2 835,CS(=O)(=O)C1C=CC(=CC=1)C(O)C(CO)NC(=O)C(Cl)Cl,"-0,27"
2 836,COC1=CC=CC=C1N1CCN(CCCC(O)C2C=CC(F)=CC=2)CC1,"2,74"
2 837,CC(=O)OCC1CSC2C(NC(=O)CC3C=CC=CC=3)C(=O)N2C=1C(O)=O,"0,20"
2 838,CC(C)C(/N=C(\\O)/OCC1C=CC=CC=1)/C(/O)=N/C(CC1C=CC(O)=CC=1)C(O)=O,"2,43"
2 839,CN1C2C3(CCN4CC=CC(CC)(C34)C(OC(C)=O)C2(O)C(=O)OC)C2=CC(=C(C=C12)OC)C1(CC2CC(O)(CN(C2)CCC2=C1NC1=CC=CC=C21)CC)C(=O)OC,"3,70"
2 840,CN(C)CC(=O)OC1C2(CC)C=CCN3CCC4(C23)C(N(C)C2=CC(OC)=C(C=C42)C2(CC3CN(CCC4C5=CC=CC=C5NC2=4)CC(O)(C3)CC)C(=O)OC)C1(O)C(=O)OC,"4,02"
2 841,N=C(CC#N)C(C#N)C#N,"-0,13"
2 842,CC(=C)C(=O)OCCO,"0,47"
2 843,CCCCN(N=O)C(N)=O,"1,04"
2 844,CC(=O)OC(C=C)OC(C)=O,"0,78"
2 845,CCCCCCCCC=C,"5,70"
2 846,BrC1=CSC=C1,"2,62"
2 847,CN1CCCC1=O,"-0,46"
2 848,CCC1=CC=CS1,"2,94"
2 849,O=CC1C=CN=CC=1,"0,43"
2 850,C1CC1C1C=CC=CC=1,"3,27"
2 851,OS(=O)C1C=CC=CC=1,"-3,54"
2 852,N#CC1C=CC=C(O)C=1,"1,70"
2 853,OCC1C=CC=C(Cl)C=1,"1,94"
2 854,OCC1C=CC(Cl)=CC=1,"1,96"
2 855,CN1C=CC(=O)N(C)C1=O,"-0,54"
2 856,CCC1C=CC(C)=CC=1C,"4,47"
2 857,CCCC[N+]1C=CC=CC=1,"-2,69"
2 858,[O-][N+](=O)C=CC1=CC=CS1,"1,96"
2 859,COC1C=CC(=CC=1)C#N,"1,70"
2 860,CC1=CC2=CC=CC=C2N1C,"2,82"
2 861,CC1C=CC=C(C)C=1OC(C)=O,"2,32"
2 862,CC1C(Cl)=C(Cl)C(Cl)=C(Cl)C=1Cl,"5,62"
2 863,COC1=CC=CC(C(O)=O)=C1O,"1,94"
2 864,CC(=O)NCCC1C=CC=CC=1,"1,19"
2 865,[O-][N+](=O)C1=CC(Cl)=C(Cl)C(Cl)=C1Cl,"3,93"
2 866,CC1C=CC2C=CC=C(C=2N=1)[N+]([O-])=O,"1,99"
2 867,CC(=O)NC1C=CC(Cl)=CC=1[N+]([O-])=O,"1,78"
2 868,[O-][N+](=O)C1C=CC(C=CC(O)=O)=CC=1,"2,12"
2 869,CC(C)(OC1C=CC(Cl)=CC=1)C(O)=O,"2,57"
2 870,CC(C)C(=O)NC1=CC(Cl)=C(Cl)C=C1,"3,72"
2 871,[O-][N+](=O)C1=CC(C=C[N+]([O-])=O)=CC=C1,"1,82"
2 872,C1=CC=CC=C1SSC1C=CC=CC=1,"4,41"
2 873,CCCCCCN1N=NC2=CC=CC=C12,"3,70"
2 874,C1=CC=CC=C1C1=NC2=CC=CC=C2S1,"4,26"
2 875,[O-][N+](=O)C1C=C(C=CC=1O)C1C=CC=CC=1,"3,71"
2 876,CCNC1N=C(NC(C)(C)C)N=C(N=1)SC,"3,56"
2 877,O/C(/NC1CCCCC1)=N\\C1C=CC=CC=1,"2,77"
2 878,OC1CC(OC1CO)N1C=NC2=C1NC=NC2=O,"-1,71"
2 879,CC1NS(=O)(=O)C2C=C(C(Cl)=CC=2N1)S(N)(=O)=O,"0,08"
2 880,CCN(CCNC(=O)C1C=C(Cl)C(N)=CC=1)CC,"1,70"
2 881,NC1N=CN=C2C=1N=CN2C1OC(CCl)C(O)C1O,"-0,06"
2 882,CCSCCSP(=O)(OC)OC,"1,02"
2 883,OC(C(F)(F)F)C(F)(F)F,"1,66"
2 884,CCC(=C)C=O,"1,24"
2 885,CC(=C)C(=O)OCC(C)O,"0,97"
2 886,CCCOP(OCCC)OCCC,"2,26"
2 887,CCCCN(CCCC)N=O,"2,63"
2 888,CCCN(C)N=O,"0,56"
2 889,CCCOC(=O)CCC(=O)OCCC,"2,16"
2 890,COC(=O)CCCO,"-0,06"
2 891,CN(C)CCNC(=O)C=C,"-0,25"
2 892,CCCCN(C)C,"1,70"
2 893,CC(=O)OCCBr,"1,11"
2 894,CCCCO[N+]([O-])=O,"2,15"
2 895,OCCCCCl,"0,85"
2 896,NCCCCCCC(O)=O,"-3,03"
2 897,CCCCCCCCCCCCN,"1,85"
2 898,CCCCCCCCCCCCCCCCCCCCCC(=O)OC,"10,20"
2 899,CN1C=CC=N1,"0,23"
2 900,O=NN1CCCC1,"-0,19"
2 901,O=C1CCCC=C1,"0,61"
2 902,COC1N=CC=CN=1,"0,23"
2 903,CC(=O)N1CCCC1=O,"-0,05"
2 904,O=NN1CCCCCC1,"0,92"
2 905,CC1C=CC=C2C=CNC2=1,"2,56"
2 906,OC1C(Cl)=C(Cl)C=CC=1Cl,"3,77"
2 907,OC1=CC(Cl)=CC(Cl)=C1Cl,"3,84"
2 908,CN1C=NC(=C1Br)[N+]([O-])=O,"0,36"
2 909,NC(=O)C1N=CC=CC=1O,"0,65"
2 910,CCC1C=CC=C(C)C=1C,"4,34"
2 911,NC1NC2=CC=CC=C2N=1,"0,91"
2 912,OC1=NC2=CC=CC=C2S1,"1,76"
2 913,CCC1C=C(C)C=C(C)C=1,"4,55"
2 914,CCC1=CC(C)=C(C)C=C1,"4,50"
2 915,CC(=O)SC1C=CC=CC=1,"2,23"
2 916,O=C1CCCCCCCN1,"0,67"
2 917,CC1C(=O)C=C(C)C(=O)C=1C,"1,82"
2 918,OC1=C(Cl)C(Cl)=CC(Cl)=C1Cl,"3,88"
2 919,NNC(=O)C1C=CC=CC=1O,"0,60"
2 920,CN1C(CO)=CN=C1[N+]([O-])=O,"-0,35"
2 921,OCC1CC1C1C=CC=CC=1,"1,95"
2 922,CN(CC1C=CC=CC=1)N=O,"1,55"
2 923,C=CC(=O)OC1C=CC=CC=1,"1,94"
2 924,CC(C)(C)C(=O)C1C=CC=CC=1,"3,00"
2 925,COC1C(Cl)=CC(Cl)=C(Cl)C=1Cl,"5,25"
2 926,COC1=CC=CC2C=CC=NC=21,"1,84"
2 927,OCCN1N=NC2=CC=CC=C12,"0,50"
2 928,COC1=CC(Cl)=C(Cl)C(Cl)=C1Cl,"4,50"
2 929,CNC(=O)N(C)C1C=CC=CC=1,"1,02"
2 930,O=C1C=C(ON1)C1C=CC=CC=1,"2,55"
2 931,C1=CC=CC=C1C1C=CN=CC=1,"2,59"
2 932,CCC1C=C2C=CC=CC2=CC=1,"4,38"
2 933,CC(C)OC(=O)C1C=CC=CC=1,"3,18"
2 934,COC(=O)NC1C=CC(Cl)=CC=1,"2,55"
2 935,CNC(=O)CCC1C=CC=CC=1,"1,17"
2 936,CC1=CC=C(C=C1)OCC(O)=O,"1,86"
2 937,O=C1C=CC(=O)N1C1C=CC=CC=1,"1,09"
2 938,COC(=O)C1=CNC2=CC=CC=C12,"2,57"
2 939,CNC(=O)OC1=CC=CC=C1C#N,"0,86"
2 940,CNC(=O)OC1C=C(C=CC=1)C#N,"0,97"
2 941,CC(=O)C=CC1=CC=C(C=C1)OC,"2,25"
2 942,CCP(=O)(OCC)SC1C=CC=CC=1,"2,11"
2 943,CCP(=S)(OCC)SC1C=CC=CC=1,"3,94"
2 944,COC1=C(OC)C(Cl)=C(Cl)C(Cl)=C1Cl,"4,86"
2 945,CN1C(=O)C2NC(=O)N=C2N(C)C1=O,"-0,52"
2 946,O=S(C1C=CC=CC=1)C1C=CC=CC=1,"2,06"
2 947,N#CC(C#N)N=NC1C=CC(Cl)=CC=1,"3,39"
2 948,C(OC1C=CC=CC=1)C1C=CC=CC=1,"3,79"
2 949,O=C1CCCCCCCCCCCN1,"2,92"
2 950,NC1=CC2=CC=CC=C2C2=CC=CC=C21,"3,56"
2 951,OC(=O)C1C=CC=CC=1C1C=CC=CC=1,"2,89"
2 952,CCOC(=O)C(N)CC1C=CC(O)=CC=1,"0,72"
2 953,CC1CSC(=NP(=O)(OCC)OCC)S1,"1,04"
2 954,COP(=O)(OC1C=CC(=CC=1)[N+]([O-])=O)OC,"1,33"
2 955,COC1=NN(CSP(=S)(OC)OC)C(=O)S1,"2,20"
2 956,NC1C=CN(C2CC(O)C(CO)O2)C(=O)N=1,"-1,77"
2 957,OC1CC(OC1CO)N1C=CC(=O)NC1=O,"-1,51"
2 958,CC1C=CC(=CC=1)C1NC2C=CC=NC=2N=1,"3,02"
2 959,ClC1C=CC(=CC=1)C1NC2C=CC=NC=2N=1,"2,95"
2 960,FC1C=CC(=CC=1)C1NC2C=CC=NC=2N=1,"2,52"
2 961,COP(=S)(OC)SCSC1C=CC(Cl)=CC=1,"4,82"
2 962,NC1N=CN=C2C=1N=CN2C1CC(O)C(CO)O1,"-0,55"
2 963,COP(=O)(OC(=CCl)C1C=C(Cl)C(Cl)=CC=1Cl)OC,"3,53"
2 964,COP(=O)(OC)SCN1N=NC2=CC=CC=C2C1=O,"0,78"
2 965,CC1=CC(=NC(=N1)C(C)C)OP(=O)(OCC)OCC,"2,07"
2 966,O/C(/NS(=O)(=O)C1C=CC(Cl)=CC=1)=N\\C1CCCCC1,"3,38"
2 967,[O-][N+]1CC(=O)NC2C=CC(Cl)=CC=2C=1C1C=CC=CC=1,"1,49"
2 968,CC(=O)C1C=CC(=CC=1)S(=O)(=O)NC(=O)NC1CCCCC1,"2,44"
2 969,CN(C)CCCN1C2=CC(Cl)=CC=C2[S+]([O-])C2=CC=CC=C12,"2,32"
2 970,CC12CCC3C(CCC43CCC(=O)O4)C1CCC1=CC(=O)CCC21C,"2,98"
2 971,CC12CCC3C(C=CC4=CC(=O)CCC43C)C1CCC12CCC(=O)O1,"2,68"
2 972,OCCN1CCN(CCC=C2C3C=CC=CC=3SC3C=CC(Cl)=CC=32)CC1,"4,18"
2 973,CC(=O)OCC(=O)C1(O)C(C)CC2C3CCC4=CC(=O)C=CC4(C)C3(F)C(O)CC12C,"2,82"
2 974,CC(C)CN(CC(C)C)N=O,"2,34"
2 975,CCOC(=O)CCCO,"0,43"
2 976,CCOC(=O)CNC(=O)C=[N+]=[N-],"-0,08"
2 977,CC(O)COC(=O)C=C,"0,35"
2 978,C[N+](C)(C)CCCl,"-3,80"
2 979,CP(=O)(OCCCCC)OCCCCC,"3,74"
2 980,CCCC[Si](C)(C)C,"4,20"
2 981,CCCC[SiH](C)C,"3,57"
2 982,NCCCCCCCC(O)=O,"-2,55"
2 983,BrC1=CC=CS1,"2,75"
2 984,O=CC1=CC=CN1,"0,64"
2 985,N#CC1=CC=CS1,"1,27"
2 986,CC1=CC(=O)C=C(C)O1,"0,10"
2 987,CC1C=CC=C(C)C=1OC,"3,02"
2 988,CN(C)C1C=C[N+]([O-])=CC=1,"-0,90"
2 989,CCC1=CC=CC(CC)=C1O,"3,03"
2 990,C1CCC(N1)C1C=CC=CC=1,"1,89"
2 991,COC1=CC2C=CNC=2C=C1,"2,06"
2 992,CCNC1N=C(Cl)N=C(N)N=1,"1,15"
2 993,CNC(=O)NC1=CC=CC=C1,"1,12"
2 994,C1=CC=CC=C1C1=CC=CC=N1,"2,63"
2 995,NCCNC(=O)C1C=CC=CC=1,"0,06"
2 996,CC(=O)C1C=CC(=CC=1)C(C)=O,"1,34"
2 997,O=C1C=C(Cl)C(=O)C2=CC=CC=C12,"2,29"
2 998,COC1=CC=CC=C1C=CC(O)=O,"2,54"
2 999,CNC1=NC(=NC(NC(C)C)=N1)SC,"2,38"
3 000,CSC1N=C(NCC)N=C(NCC)N=1,"2,80"
3 001,CC(=O)NCCC1=CNC2=CC=CC=C12,"1,41"
3 002,O=C1N=C(NC2=CC=CC=C21)C1C=CC=CC=1,"2,53"
3 003,O=C1NC2=CC=CC=C2CC1C1C=CC=CC=1,"2,93"
3 004,ClC1(Cl)C2(Cl)C3C4OC4C(Cl)C3C1(Cl)C(Cl)=C2Cl,"4,98"
3 005,CC1NC2=CC(Cl)=C(C=C2S(=O)(=O)N=1)S(N)(=O)=O,"0,03"
3 006,OC(=O)CCCC1C=CC(=CC=1)N(CCCl)CCCl,"0,93"
3 007,O=S1(=O)OCC2C(CO1)C1(Cl)C(Cl)=C(Cl)C2(Cl)C1(Cl)Cl,"3,66"
3 008,CCCCCCCCOC(=O)C1C=C(O)C(O)=C(O)C=1,"3,66"
3 009,NC(CC1C=CC(O)=CC=1)/C(/O)=N/C(CC1C=CC(O)=CC=1)C(O)=O,"-1,87"
3 010,CC(=O)NN,"-1,58"
3 011,OC(=O)CNCP(O)(O)=O,"-3,40"
3 012,CC(=O)C1=CC=CN1,"0,93"
3 013,FC1=CC(Br)=CC=C1,"2,92"
3 014,CSC1C=CC(O)=CC=1,"1,78"
3 015,CC1C=CC=CC=1CCC,"4,50"
3 016,CC1C=C(CCC)C=CC=1,"4,67"
3 017,CC1C=CC(CCC)=CC=1,"4,60"
3 018,C=CC1=CC=C(C=C1)C(O)=O,"2,18"
3 019,CN1C2N=CNC=2C(=O)NC1=O,"-0,50"
3 020,C1COP(OC2C=CC=CC=2)O1,"1,42"
3 021,CCCCCCC1C=CC=CC=1,"5,52"
3 022,[O-][N+]1C=CC(Cl)=C2C=CC(Cl)=CC=12,"1,85"
3 023,CCCCCCCC1C=CC=CC=1,"5,37"
3 024,COC(=O)C(N)CC1C=CC(O)=CC=1,"0,29"
3 025,CN=NC1=CC=C(C=C1[N+]([O-])=O)[N+]([O-])=O,"2,33"
3 026,C1=CC=C(S1)C1=CC=C(S1)C1=CC=CS1,"5,57"
3 027,CCCCCCCCCC1C=CC=CC=1,"7,11"
3 028,COC1C(OC)=C(CC(C)N)C=CC=1OC,"1,51"
3 029,COC1C=C(CC(C)N)C=C(OC)C=1OC,"1,21"
3 030,CC(N)CC1=CC(OC)=C(C=C1OC)OC,"1,74"
3 031,CCCCCCOC(=O)C1C=CC(O)=CC=1,"4,35"
3 032,CCCCOC(=O)C1C=C(O)C(O)=C(O)C=1,"2,41"
3 033,[O-][N+](=O)C1C=CC(CC2C=CN=CC=2)=CC=1,"2,88"
3 034,[O-][N+](=O)C1=CC=C(C=CC2N=CC=CN=2)O1,"1,34"
3 035,CCCCCCCOC(=O)C1C=CC(O)=CC=1,"4,83"
3 036,CN(C)S(=O)(=O)N(SC(F)(Cl)Cl)C1C=CC=CC=1,"3,70"
3 037,CCCCCCOC(=O)C1C=C(O)C(O)=C(O)C=1,"3,17"
3 038,O=C1CN=C(C2C=C(Cl)C=CC=2N1)C1C=CC=CC=1,"2,93"
3 039,O=C1C(=NC2C=CC=CC=2)C(Cl)C(=O)C2C=CC=CC1=2,"4,22"
3 040,CNC(=O)CSP(=O)(OC)OC,"-0,74"
3 041,CCN(CCCC)C(=O)SCCC,"3,83"
3 042,N#CCCN(CCC#N)N=O,"0,08"
3 043,CN(C)CC(O)=O,"-2,91"
3 044,COC(=O)CCCC(=O)OC,"0,62"
3 045,CCCCCCCCCCCCCCCCCCCC(=O)OC,"9,30"
3 046,CCCCCCCCC=CCCCCCCCCCCCC(=O)OC,"9,32"
3 047,BrC1C=CN=CC=1,"1,54"
3 048,CC1=CN=NC=C1,"-0,32"
3 049,IC1=CN=CC=C1,"1,80"
3 050,ClC1C=CC=NN=1,"0,10"
3 051,CN1C(=O)CCC1=O,"-0,95"
3 052,O=CC1=CC=CC=N1,"0,44"
3 053,[O-][N+]1C=CC(Cl)=CC=1,"-0,44"
3 054,CC(=O)C1C=CN=CC=1,"0,48"
3 055,CN(C)C1C=CN=CC=1,"1,34"
3 056,[O-][N+](=O)C1C=CN=CC=1,"0,33"
3 057,CC(=O)C1=CC=CC=N1,"0,85"
3 058,CCCC1C=CN=CC=1,"2,10"
3 059,NC1N=CN=C2N=NNC2=1,"-0,96"
3 060,CC1N=C(C)C(C)=NC=1C,"1,28"
3 061,[O-][N+]1C=CC(=CC=1)[N+]([O-])=O,"-0,55"
3 062,OC1=CC2CCCCC=2C=C1,"2,90"
3 063,CC1C=C2C=CC=CC2=CN=1,"2,68"
3 064,C1=CC=NN1C1C=CC=CC=1,"2,20"
3 065,NC1=CC(=CC=C1)S(O)(=O)=O,"-3,40"
3 066,COC(=O)C1C=CC(Cl)=CC=1,"2,87"
3 067,CN(C)CCC1C=CC=CC=1,"2,38"
3 068,CCCCNC1C=CC=CC=1,"3,58"
3 069,CCC1=CC=CC2C=CC=CC=21,"4,39"
3 070,CC(=O)C1=CSC2=CC=CC=C12,"2,78"
3 071,CC1=CC=CC=C1OC(=O)NC,"1,46"
3 072,COC1C=CC(=CC=1)S(N)(=O)=O,"0,47"
3 073,[O-][N+](=O)C1C=CC(C=NO)=CC=1,"1,95"
3 074,CC1C=CC=C(C=1)O/C(/O)=N/C,"1,70"
3 075,CC1C=CC(=CC=1)OC(=O)NC,"1,66"
3 076,CCCC(=O)NC1C=CC=CC=1,"2,05"
3 077,OC1=CC=C(C=C1)C1CCCCC1,"4,22"
3 078,O=N1C=CC(=CC=1)C1C=CC=CC=1,"0,93"
3 079,NC(=N)N1CC2=CC=CC=C2CC1,"0,75"
3 080,CCCC1=CC=C(C=C1)S(N)(=O)=O,"1,64"
3 081,COC1C=C(C=C(C=1)OC)C(O)=O,"2,19"
3 082,CCN(C1CCCCC1)C(=O)SCC,"3,92"
3 083,NCC(CC(O)=O)C1C=CC(Cl)=CC=1,"-0,96"
3 084,C=CC#CC1=CC=C(S1)C1=CC=CS1,"5,15"
3 085,CC(=O)C(CC1C=CC=CC=1)C(C)=O,"1,89"
3 086,CCCCC1=CC=C(C=C1)S(N)(=O)=O,"2,45"
3 087,COC1C=C(C=CC(O)=O)C=CC=1O,"1,51"
3 088,CC(=O)C1=CC=C(C=C1)OC(=O)NC,"1,01"
3 089,NC(=O)NC1=CC(=CC=C1)NC(N)=O,"0,58"
3 090,OC1C=CC(=CC=1)C(=O)C1C=CC=CC=1,"3,07"
3 091,O=N(=CC1C=CC=CC=1)C1C=CC=CC=1,"1,88"
3 092,CC(C)(C)C1C=C(O)C=C(C=1)C(C)(C)C,"4,64"
3 093,CCCCOC1C=CC(=CC=1)S(N)(=O)=O,"2,05"
3 094,CC(C)OC(=O)C1C=C(O)C(O)=C(O)C=1,"1,54"
3 095,NC1C=CC=CC=1SSC1C=CC=CC=1N,"3,05"
3 096,CCC(C)C1(CC(=C)Br)C(=O)NC(=O)NC1=O,"2,20"
3 097,CCOC(=O)CC(C)N1N=NC2=CC=CC=C12,"2,27"
3 098,CCCCCCOC1C=CC(=CC=1)S(N)(=O)=O,"2,93"
3 099,O=C1C(C2C=CC(Br)=CC=2)C(=O)C2=CC=CC=C12,"3,76"
3 100,O=C1C(C2C=CC(Cl)=CC=2)C(=O)C2=CC=CC=C12,"3,61"
3 101,C1=CC=C(N=C1C1C=CC=CN=1)C1C=CC=CN=1,"1,96"
3 102,OC1=C(C=C(Cl)C=C1Cl)C(=O)NC1C=CC(Cl)=CC=1,"5,15"
3 103,CC(=O)OCC(Cl)C#CC1=CC=C(C#CC#CC)S1,"4,60"
3 104,[O-][N+](=O)C1C=CC=CC=1SSC1C=CC=CC=1[N+]([O-])=O,"3,37"
3 105,CCCCCCCCCCCCCC[N+]1C=CC=CC=1,"1,32"
3 106,CC1C=CC(=CC=1)S(=O)(=O)NC(=O)NN1CCCCCC1,"2,69"
3 107,CN(C)CCN1C(=O)C2=CC=CC=C2NC2C=C(Cl)C=CC1=2,"3,73"
3 108,NS(=O)(=O)C1C=C2C(=CC=1Cl)NC(=NS2(=O)=O)C1C=CC=CC=1,"1,40"
3 109,CC1C(=O)C2C=CC(OC)=C(CN(C)C)C=2OC=1C1C=CC=CC=1,"3,65"
3 110,CC12CCC3C(CCC4CC(CCC43C=O)OC3OC(C)C(O)C(OC)C3O)C1(O)CCC2C1COC(=O)C=1,"1,05"
3 111,COP(=O)(C=C(Cl)Cl)OC,"1,40"
3 112,CC(=C)C(=O)OCCCOC(=O)C(C)=C,"1,86"
3 113,CC(=O)C1=CC=CO1,"0,52"
3 114,NC1=CC=C(S)C=C1,"1,31"
3 115,COC(=O)C1=CC=CN1,"1,17"
3 116,CS(=O)C1C=CC=CC=1,"0,55"
3 117,N#CC1C(Cl)=CC=CC=1Cl,"2,74"
3 118,OC1=CC(C=O)=C(O)C=C1,"0,54"
3 119,CC1=CC2=CC=CC=C2S1,"3,71"
3 120,CC(=O)NC1CCSC1=O,"-0,35"
3 121,CC1=CC(=O)C2CC1C2(C)C,"2,23"
3 122,OC1=CN=C2C=CC=CC2=N1,"0,80"
3 123,CN(C)C1C=CC(=CC=1)C#N,"2,20"
3 124,CS(=O)(=O)NC1C=CC=CC=1,"0,95"
3 125,ON=CCCC1C=CC=CC=1,"1,56"
3 126,OC1C(Cl)=C(Cl)C(Cl)=C(Cl)C=1O,"4,29"
3 127,CC(=CC1C=CC=CC=1)C(O)=O,"2,60"
3 128,NC(=O)CCCC1C=CC=CC=1,"1,41"
3 129,CN(C)CCCC1C=CC=CC=1,"2,73"
3 130,CC(=O)OC1C=CC(=CC=1)OC,"1,54"
3 131,OC(=O)C1C=CC2=CC=CC=CC2=1,"2,88"
3 132,CC(C(O)C1C=CC=CC=1)N(C)C,"1,70"
3 133,COC(=O)C1=CC2=CC=CC=C2N1,"2,45"
3 134,CCC(=CC1C=CC=CC=1)[N+]([O-])=O,"2,86"
3 135,CN(C)CCCCC1C=CC=CC=1,"3,15"
3 136,COC(=O)CNC(=O)C1C=CC=CC=1,"0,82"
3 137,CCOC(=O)C1C=CC2=CC=CC=CC2=1,"3,83"
3 138,CCC1NS(=O)(=O)C2C=C(Cl)C=CC=2N=1,"1,62"
3 139,CCNC1C(C2CC1CC2)C1C=CC=CC=1,"3,20"
3 140,N#CC1C2C=CC=CC=2C=C2C=CC=CC2=1,"4,26"
3 141,S=C(NC1CCCCC1)NC1CCCCC1,"3,69"
3 142,NC1=CC2CC3C=C(C=CC=3C=2C=C1)[N+]([O-])=O,"3,06"
3 143,C(NC1NC=NC2=NC=NC2=1)C1C=CC=CC=1,"1,57"
3 144,CCCC(C)C1(CC(=C)Br)C(O)=NC(=O)N=C1O,"2,09"
3 145,CC1=CC=C(C=C1)S(=O)(=O)N/C(/O)=N/N1CCCC1,"0,65"
3 146,COC1C=C(NS(=O)(=O)C2C=CC(N)=CC=2)N=CN=1,"0,70"
3 147,CC1(C)C(C)C(C)(C)C2=CC3COCC(C)C=3C=C12,"5,90"
3 148,O/C(/NS(=O)(=O)C1C=CC(Cl)=CC=1)=N\\N1CCCCC1,"0,84"
3 149,CNCCCN1C2=CC=CC=C2SC2C=CC(Cl)=CC1=2,"4,94"
3 150,NC1=NC(=N)NC2=NC(=N)C(=NC21)C1C=CC(O)=CC=1,"0,92"
3 151,O=C(NN1CCCCCC1)NS(=O)(=O)C1C=CC(Cl)=CC=1,"1,64"
3 152,CCC(COP(=O)(OC1C=CC=CC=1)OC1C=CC=CC=1)CCCC,"5,73"
3 153,CC1=C(O)C=CC(=C1[N+]([O-])=O)[N+]([O-])=O,"2,86"
3 154,CC1C=CC(=O)C(C)CC(CC=O)C(OC2OC(C)C(OC3CC(C)(O)C(O)C(C)O3)C(C2O)N(C)C)C(C)C(O)CC(=O)OC(CC)C(COC2OC(C)C(O)C(OC)C2OC)C=1,"1,63"
3 155,CC1N=C(O)N=C(O)C=1C=CC(O)=NC(CS(=O)CSC)CO,"-1,71"
3 156,CC1(C)C2CCC3(C)C(C(=O)C=C4C5CC(C)(CCC5(C)CCC34C)C(O)=O)C2(C)CCC1OC1OC(C(O)C(O)C1OC1OC(C(O)C(O)C1O)C(O)=O)C(O)=O,"2,80"
3 157,CN1CCN(CCCN2C3C=C(C=CC=3SC3C=CC=CC2=3)SCC)CC1,"5,41"
3 158,[O-][N+](=O)C1=CC2=C(C=C1)N=C(O)CN=C2C1C=CC=CC=1C(F)(F)F,"2,51"
3 159,CN(C)C1=CC=CC2C(=CC=CC=21)S(N)(=O)=O,"2,01"
3 160,CCCCC1CO1,"1,95"
3 161,N#CC1C=CC2=CC=CC=C2N=1,"1,60"
3 162,C1=CC=CN=C1C=CC1=CC=CC=N1,"2,11"
3 163,O=C(CCl)N1CCOCC1,"-0,60"
3 164,CN(C)CCCCC1=CN=CC=C1,"1,49"
3 165,CC(=O)C1C=CC(=CC=1)C#N,"1,22"
3 166,CC1C=CC(=CC=1)S(=O)(=O)NC(=O)NN1CCCCC1,"1,34"
3 167,O=C1NNC(=O)C2=CC=CC=C12,"0,11"
3 168,CP(=O)(OC(C)C)OC(C)C,"1,03"
3 169,S=C1N=CCC=N1,"-1,11"
3 170,CC1CC2C(CC=1)C(C)(C)OC1=CC(CCCCC)=CC(OC)=C12,"8,06"
3 171,NC(=O)C1=CC=CC=N1,"0,15"
3 172,NC(=O)C1C=CN=CC=1,"-0,28"
3 173,NC1=CC=CC=C1C1=CC=CC=C1N,"1,34"
3 174,NC1NC(N)=NN=1,"-1,61"
3 175,CC1=NOC(=N1)C1=CC=CC=N1,"0,89"
3 176,CC1CN(CC(C)O1)N=O,"0,32"
3 177,CCOC(=O)C(=O)NC1C=CC=CC=1,"1,48"
3 178,OC1CCCCC1O,"0,08"
3 179,OCC1OC(OC2C=CC=CC=2)C(O)C(O)C1O,"-0,75"
3 180,COC1=CC=CC(OC)=C1C(O)=O,"0,66"
3 181,CC1C=CC(=CC=1)S(=O)(=O)NC(=O)NCC,"1,14"
3 182,CC1C=C(C=C(C)C=1C)/N=C(/C)\\O,"2,50"
3 183,CN(C)C#N,"-0,15"
3 184,CC(=O)C1C=CSC=1,"1,24"
3 185,OCC1C2=CC=CC=C2C=C2C=CC=CC2=1,"3,04"
3 186,O=C1C(C2=CC(Cl)=CC=C2)C(=O)C2=CC=CC=C12,"3,61"
3 187,OC(=O)C1=CC2=CC=CC=C2N1,"2,31"
3 188,COC1=CC=CC=C1N1CCN(CCCC(=O)C2C=CC(F)=CC=2)CC1,"3,60"
3 189,CN(N)C(=O)C1C=CC=CC=1,"0,70"
3 190,OC1CN=C(C2=CC=C(F)C=C2)C2C=C(Cl)C=CC=2N=1,"2,90"
3 191,[O-][N+](=O)C1C=CC=CC=1F,"1,69"
3 192,CCCCOC1C=CC(=CC=1)C(O)=O,"3,57"
3 193,C1=CC=CC=C1C1C2=CC=CC=C2C(=C2C=CC=CC2=1)C1C=CC=CC=1,"8,46"
3 194,OC(=O)CCCC(=O)C1C=CC=CC=1,"1,49"
3 195,O=C1CCCCC1C1CCCCC=1,"3,17"
3 196,[O-][N+](=O)C1C=CC=CC=1/N=C(\\O)/CC1C=CC=CC=1,"2,73"
3 197,S=C=NC1C=CC(=CC=1)C1C=CC=CC=1,"4,66"
3 198,O=S(=O)(NC1C=CC(Cl)=CC=1)C(F)F,"2,84"
3 199,FC1C=CC=C(F)N=1,"1,17"
3 200,COCC1=CC=C(C=C1)C#N,"1,23"
3 201,CC1C=CC(=CC=1)C(O)C1C=CC=CC=1,"3,13"
3 202,CC(O)C1C=CC=CC=1,"1,42"
3 203,CC(=O)OC1=CC(=CC=C1)[N+]([O-])=O,"1,82"
3 204,NC1=NC=CC2=CC=CC=C21,"1,90"
3 205,NS(=O)(=O)C1=CC2=C(C=C1F)N=CNS2(=O)=O,"-0,29"
3 206,CCCCOC(=O)NC1C=CC=CC=1,"3,30"
3 207,CC1(C)N=C(N)N=C(N)N1C1C=CC(F)=CC=1,"0,37"
3 208,NS(=O)(=O)C1=CC2=C(C=C1Cl)NC(NS2(=O)=O)C(F)(F)F,"0,49"
3 209,CCC1=CC=CN1,"1,59"
3 210,OC(=O)C=CC=CC1C=CC=CC=1,"3,15"
3 211,CC(C)CC1C=CC(CC(O)=O)=CC=1,"3,35"
3 212,CCOC1=CC=CC2C=CC=NC=21,"2,25"
3 213,CC1C=C(C)N=CN=1,"0,62"
3 214,CC1(C)CC2C=CC=C(O)C=2O1,"2,08"
3 215,CNC(=O)OC1=CC=CC2CC(C)(C)OC1=2,"1,97"
3 216,CC(=O)C1C=CC(=CC=1)S(N)(=O)=O,"0,20"
3 217,CC(C)N=NC1C=CC(=CC=1[N+]([O-])=O)[N+]([O-])=O,"3,05"
3 218,COC1=CC(=C(O)C=C1)[N+]([O-])=O,"2,02"
3 219,CCOC(=O)C1C=CN=CC=1,"1,43"
3 220,CC1C=C(Cl)C=CC=1O,"2,78"
3 221,OP(O)(=O)C1C=CC=CC=1,"0,54"
3 222,CC1C=CC=CC=1C1NC2C=C(C=CC=2N=1)[N+]([O-])=O,"3,42"
3 223,N=C(O)N=NCC1C=CC=CC=1,"1,27"
3 224,CC=CC=C,"2,40"
3 225,CON(C)C(=O)NC1C=CC=CC=1,"1,29"
3 226,NC(=O)C1=CC(=CC=C1)S(N)(=O)=O,"-0,84"
3 227,NS(=O)(=O)C1C=CC(O)=CC=1,"0,06"
3 228,CCCN(CCC)C1C(=CC(=CC=1[N+]([O-])=O)C(F)(F)F)[N+]([O-])=O,"5,34"
3 229,CC12CCC(=O)C=C1CCC1C3CCC4(CCC(=O)O4)C3(C)CC(O)C21F,"2,40"
3 230,OCC1=CC2=CC=CC=C2C=C1,"2,21"
3 231,CC(C)C1C=C(C=CC=1[N+]([O-])=O)OP(=S)(OC)OC,"4,05"
3 232,[O-][N+](=O)C1C=C[N+]([O-])=C2C=CC(=CC2=1)[N+]([O-])=O,"0,90"
3 233,CN(C)NC(=O)CCC(O)=O,"-1,50"
3 234,CC1=CC=C(N)N=C1,"1,02"
3 235,NC1=CC=C2C=CC3=CC=CC4=CC=C1C2=C34,"4,31"
3 236,CC(=O)OC1=CC=CC=C1C(C)C,"2,78"
3 237,C/N=C(\\N)/NC#N,"-0,77"
3 238,CCNC1N=C(N=C(NC(C)C)N=1)OC,"2,69"
3 239,COC1N=C(NC(C)C)N=C(NC(C)C)N=1,"2,99"
3 240,CC(=O)C=CC1C=CC(F)=CC=1,"2,22"
3 241,CC1(CCCCC1)N/C(/O)=N/C1C=CC=CC=1,"3,60"
3 242,CCOC(=O)CC(C)N1N=C2C=CC=CC2=N1,"2,70"
3 243,[O-][N+]1=CC=CC2=CC=CC=C12,"0,36"
3 244,O=S1(=O)NC2=CC=CC=C2N1,"1,12"
3 245,CN1C(=CN=C1SC)[N+]([O-])=O,"0,94"
3 246,NC1=NN=C(CCC2C=CC=CC=2)O1,"1,19"
3 247,CC1C=CC=C(C#N)N=1,"0,84"
3 248,CN1C(N)=NC2=CC=CC=C12,"0,95"
3 249,[O-][N+](=O)C1=CC2C(=NCC(=O)NC=2C=C1)C1=CC=CC=C1Cl,"2,41"
3 250,CN1C2C=CC(=CC=2C(=NCC1=O)C1=CC=CC=C1F)[N+]([O-])=O,"2,06"
3 251,C=CCOP(=O)(OCC=C)OCC=C,"1,76"
3 252,N=C(S)N=NCC1C=CC=CC=1,"1,86"
3 253,COC1=CC=CC=N1,"1,34"
3 254,CC1C=CC=NN=1,"-0,35"
3 255,C1CC2C=CC(CCC3C=CC1=CC=3)=CC=2,"4,33"
3 256,N#CC1C=CN=CC=1C#N,"0,24"
3 257,COC(C)(C)C,"0,94"
3 258,S=C=NC1=CC2=CC=CC=C2C=C1,"4,34"
3 259,CCCCC1C=CC(O)=CC=1,"3,65"
3 260,CC1C=CC(/N=C(/C)\\O)=C(C)C=1C,"1,76"
3 261,OC(=O)C1C=CC(CCl)=CC=1,"2,12"
3 262,CC1C=C(C=CC=1)OCC(O)=O,"1,78"
3 263,CC(C)C1C=CC(=CC=1)OCC(O)=O,"2,69"
3 264,COC(=O)C1=CC2=CC=CC=C2O1,"2,53"
3 265,CNC(=O)ON=CC(C)(C)S(C)(=O)=O,"-0,57"
3 266,O=C(CCCN1CCN(CC1)C1=CC=CC=N1)C1C=CC(F)=CC=1,"3,30"
3 267,CC(NC1C=CC(=CC=1[N+]([O-])=O)[N+]([O-])=O)C(O)=O,"2,09"
3 268,CC(C)CC(NC1C=CC(=CC=1[N+]([O-])=O)[N+]([O-])=O)C(O)=O,"3,25"
3 269,CN(C)CCC=C1C2C=CC=CC=2COC2C=CC=CC=21,"4,29"
3 270,NC(=O)C1=CC2=CC=CC=C2N1,"1,61"
3 271,NC(=O)C1C=CC=C2NC=CC=12,"0,66"
3 272,NC(=O)C1=CC2C=CNC=2C=C1,"0,87"
3 273,CN1C=CN=C1[N+]([O-])=O,"-0,17"
3 274,CC12CCC(O)CC1CCC1C2CC(O)C2(C)C(CCC21O)C1COC(=O)C=1,"1,10"
3 275,NNC(=O)C1C=CC=C(Cl)C=1,"1,18"
3 276,O=C1SSC2=CC=CC=C21,"2,73"
3 277,O=S(=O)(NC1C=CC=CC=1)C1C=CC=CC=1,"2,58"
3 278,CCC1CCCCC1,"4,56"
3 279,C=CC(=O)OCCOCCOCCOC(=O)C=C,"0,96"
3 280,C1=NNN=C1C1C=CC=CC=1,"1,91"
3 281,CC1(C)OC(=O)C2=CC=CC=C12,"1,73"
3 282,N#CC1=CC(I)=C(O)C(I)=C1,"3,43"
3 283,CCCCCCCC(=O)OC1C(Br)=CC(=CC=1Br)C#N,"5,40"
3 284,CC(C)C(NC1C=CC(=CC=1[N+]([O-])=O)[N+]([O-])=O)C(O)=O,"2,88"
3 285,COC1=CC=CC=C1OC1C=CC=CC=1,"2,92"
3 286,CCN(CC)C(=O)C1C=CC=CC=1,"1,25"
3 287,OC1=CC=CC=C1/C(/O)=N/C1=CC=CC=C1Cl,"4,35"
3 288,O=C1C(Cl)=C(Cl)C=NN1C1C=CC=CC=1,"2,09"
3 289,N=C1C=NN(C(=O)C1Cl)C1C=CC=CC=1,"1,17"
3 290,CN=C1C=NN(C(=O)C1Cl)C1C=CC=CC=1,"1,19"
3 291,CCC(=O)C1C=CN=CC=1,"0,77"
3 292,OC(=O)C1N=C(Cl)C=CC=1Cl,"1,06"
3 293,C1C=CCO1,"0,46"
3 294,CNS(=O)(=O)C1C=CC(N)=CC=1,"-0,01"
3 295,CN(C)S(=O)(=O)C1C=CC(N)=CC=1,"0,67"
3 296,ClC1(Cl)C2(Cl)CC(CBr)C1(Cl)C(Cl)=C2Cl,"5,90"
3 297,COC1C=CC(Cl)=NN=1,"0,89"
3 298,ClC1N=CC=CN=1,"0,36"
3 299,C1N=C(N=CN=1)C1C=CC=CC=1,"1,93"
3 300,S=C=NC(C1C=CC=CC=1)(C1C=CC=CC=1)C1C=CC=CC=1,"7,02"
3 301,CC1=CC=CC2=C1CC1C=CC=CC2=1,"4,97"
3 302,CCCCCCCCC(=O)OC,"4,10"
3 303,COC(=O)CCCCCC(=O)OC,"1,38"
3 304,CC(=O)NC1C=CC(=CC=1)OC(F)(F)F,"2,62"
3 305,CC(C)C1C=CC2=C(CCC3C(C)(CCCC23C)C(O)=O)C=1,"4,80"
3 306,NC(=O)C1C=C(C=CC=1)C(N)=O,"-0,21"
3 307,ClC1=CC2OC3C=C(Cl)C(Cl)=CC=3OC=2C=C1Cl,"6,61"
3 308,C=CCOC1C=CC=CC=1,"2,94"
3 309,IC1N=C(I)NC=1I,"2,78"
3 310,CON(C)C(=O)NC1C=CC(Cl)=CC=1,"2,30"
3 311,CCOC(=O)C1CC(=O)NC(=O)N=1,"1,36"
3 312,O=C(NC1C=CC=CC=1)C1=CN=CC=C1,"1,73"
3 313,CCC1C=C(C)C=CC=1C,"4,43"
3 314,O=C(OC1C=CC(Cl)=CC=1)N1CCCC1,"3,38"
3 315,OC(=O)C1CC1,"0,63"
3 316,CCCCCC1NS(=O)(=O)C2=CC(=C(C=C2N1)C(F)(F)F)S(N)(=O)=O,"2,66"
3 317,CC(CC(=O)C1C=CC=CC=1)C(O)=O,"1,62"
3 318,CSC1C=CC=C(N)C=1,"1,45"
3 319,CC1NC2C=C(C=CC=2N=1)[N+]([O-])=O,"1,94"
3 320,CCC1=CC=CC=C1OCC(O)=O,"2,53"
3 321,OC(=O)CC1C=CC(I)=CC=1,"2,64"
3 322,COC1C=C(CC(O)=O)C=CC=1,"1,50"
3 323,[O-][N+](=O)C1C=CC(=CC=1)OCC(O)=O,"1,48"
3 324,OC(=O)COC1C=CC=C(Br)C=1,"2,22"
3 325,C=CCNC(=O)NCC=C,"0,64"
3 326,CN1C(N)=NC2C=C(C=CC1=2)OC,"0,87"
3 327,OCC1=CC(Cl)=C(Cl)C=C1,"2,74"
3 328,CC(C)OP(=O)OC(C)C,"0,45"
3 329,O=C1CN=C(C2=CC=CC=N2)C2C=C(Br)C=CC=2N1,"1,87"
3 330,CC(C)C1C=CC(=CC=1)[N+]([O-])=O,"3,45"
3 331,O=C1NC(=O)N=CC1Cl,"-0,35"
3 332,OC(=O)CCCC1C=CC=CC=1,"2,42"
3 333,O=C(NC1C=CC=CC=1)NC(=O)C1C=CC=CC=1,"3,39"
3 334,CC1=CC2NCNS(=O)(=O)C=2C=C1S(N)(=O)=O,"-0,22"
3 335,NS(=O)(=O)C1=CC2=C(C=C1Cl)NC(CCl)NS2(=O)=O,"0,11"
3 336,NS(=O)(=O)C1=CC2=C(C=C1Cl)NC(CC1=CC=CC=C1)NS2(=O)=O,"0,93"
3 337,CCC1NS(=O)(=O)C2C=C(C(Cl)=CC=2N1)S(N)(=O)=O,"0,30"
3 338,COC1C(Cl)=C(Cl)C(Cl)=C(Cl)C=1Cl,"5,45"
3 339,ClC1C=CC=C2C=1C=CC=C2Cl,"4,67"
3 340,ClC1C=CC(Cl)=C2C=CC=CC=12,"4,80"
3 341,C1=CC=CC=C1C1=NC=CS1,"2,77"
3 342,CC1(O)OC(=O)C2=CC=CC=C12,"0,81"
3 343,CC(=O)OC1=CC=CC=C1Br,"2,20"
3 344,CP(=O)(OCCCCCCCC)OCCCCCCCC,"6,13"
3 345,[O-][N+](=O)C1C=CC(=CC=1)OC1C=CC(Cl)=CC=1Cl,"4,64"
3 346,[O-][N+](=O)C1C=CC(=CC=1)OC1C(Cl)=CC(Cl)=CC=1Cl,"4,97"
3 347,O=C1NCN(C2C=CC=CC=2)C21CCN(CCCC(C1C=CC(F)=CC=1)C1C=CC(F)=CC=1)CC2,"5,86"
3 348,C1CN=C(NC2C=CC=CC=2)N1,"1,01"
3 349,CC12CCC3C(CCC4CC(O)CCC43C)C1CCC2O,"4,16"
3 350,COC(=O)C1=C(Cl)C(Cl)=C(C(Cl)=C1Cl)C(=O)OC,"4,28"
3 351,CCCCN(CC)C1C(=CC(=CC=1[N+]([O-])=O)C(F)(F)F)[N+]([O-])=O,"5,29"
3 352,O=COC1C=CC=CC=1,"1,26"
3 353,N#CCCCCCCCCC#N,"1,75"
3 354,CC(C)CC1=NC=C(C(C)CC)N(O)C1=O,"1,81"
3 355,CCOC(=O)C=CC1=CC=C(O1)[N+]([O-])=O,"2,10"
3 356,[O-][N+](=O)C1=CC=C(C=CC=O)O1,"0,96"
3 357,COC(=O)C=CC1=CC=C(O1)[N+]([O-])=O,"1,65"
3 358,COC(=O)C1C=C(C=CC=1)C(O)=O,"1,83"
3 359,N#CC1=CC(=CC=C1)C(O)=O,"1,48"
3 360,[O-][N+](=O)C1C=C(CC(O)=O)C=CC=1,"1,45"
3 361,COC1=CC=C(C=C1)OCC(O)=O,"1,23"
3 362,NC1C=C(CO)C=CC=1,"-0,05"
3 363,CC1C=CC=CC=1OCC(O)=O,"1,98"
3 364,CCC1=CC(=CC=C1)OCC(O)=O,"2,25"
3 365,CC(C)C1=CC(=CC=C1)OCC(O)=O,"2,59"
3 366,CCCCC1=CC(=CC=C1)OCC(O)=O,"3,18"
3 367,CC(C)(C)C1=CC(=CC=C1)OCC(O)=O,"2,96"
3 368,OC(=O)COC1C=CC(=CC=1)C1CCCCC1,"3,79"
3 369,OC(=O)COC1C=C(C=CC=1)C1C=CC=CC=1,"3,18"
3 370,OC(=O)COC1=CC2CCCC=2C=C1,"2,33"
3 371,OC(=O)COC1=CC2CCCCC=2C=C1,"2,67"
3 372,OC(=O)C1=CC(=CC=C1)OCC(O)=O,"1,11"
3 373,CC(=O)C1=CC=CC=C1OCC(O)=O,"1,25"
3 374,OC(=O)CC1C=CC=C(Cl)C=1,"2,09"
3 375,OC(=O)CC1C=CC(Cl)=CC=1,"2,12"
3 376,OC(=O)CC1C=CC=C(Br)C=1,"2,37"
3 377,OC(=O)CC1C=CC(Br)=CC=1,"2,31"
3 378,OC(=O)CC1C=CC=C(I)C=1,"2,62"
3 379,N#CC1C=C(CC(O)=O)C=CC=1,"1,18"
3 380,CC1=CC(=CC=C1)SCC(O)=O,"1,90"
3 381,CC(=O)C1=CC(=CC=C1)OCC(O)=O,"0,98"
3 382,CC(=O)C1C=CC(=CC=1)OCC(O)=O,"0,87"
3 383,N#CC1C=CC(=CC=1)OCC(O)=O,"0,93"
3 384,OC1C=CC=C(C=1)OCC(O)=O,"0,76"
3 385,OC1C=CC(=CC=1)OCC(O)=O,"0,65"
3 386,COC1C=CC=CC=1OCC(O)=O,"0,98"
3 387,[O-][N+](=O)C1C=CC=CC=1OCC(O)=O,"1,13"
3 388,[O-][N+](=O)C1=CC(=CC=C1)OCC(O)=O,"1,37"
3 389,O/C(=N\\C1=CC(=CC=C1)OCC(O)=O)/C1C=CC=CC=1,"1,99"
3 390,OC(=O)COC1C=CC(Br)=CC=1,"2,45"
3 391,OC(=O)C(I)OC1C=CC=CC=1,"2,33"
3 392,OC(=O)COC1C=C(I)C=CC=1,"2,44"
3 393,OC(=O)COC1C=CC(I)=CC=1,"2,69"
3 394,OC(=O)COC1=CC=CC=C1Br,"2,04"
3 395,N#CC1=CC(=CC=C1)OCC(O)=O,"0,95"
3 396,CC(=O)C1(O)C(C)CC2C3CCC4=CC(=O)C=CC4(C)C3(F)C(O)CC12C,"2,35"
3 397,CNC(=O)OCC1C=CC=C(COC(=O)NC)N=1,"0,24"
3 398,CC1N=CC(OP(O)(O)=O)=C(CO)C=1O,"-0,64"
3 399,NC1C=CC=CC=1C#N,"1,40"
3 400,N#CC=CC1C=CC=CC=1,"1,96"
3 401,C1CCCCN1N=CC1C=CC=CC=1,"3,04"
3 402,NC(=O)C1C=CC(=CC=1)C(F)(F)F,"1,71"
3 403,NC(=O)C1(CCN(CCCC(=O)C2=CC=C(F)C=C2)CC1)N1CCCCC1,"2,02"
3 404,N#CC1C(Cl)=C(Cl)C(Cl)=C(C#N)C=1Cl,"2,97"
3 405,NC1N=C(N)C2=CC=CC=C2N=1,"1,00"
3 406,CC1=CC(=CC=C1)S(N)(=O)=O,"0,85"
3 407,NC1C=CC=CC=1C(=O)NN,"-0,18"
3 408,C[N+]1C=CC(=CC=1)C1C=C[N+](C)=CC=1,"-4,50"
3 409,CCNC1N=C(Cl)N=C(NC(C)C)N=1,"2,61"
3 410,CC(C)NC1N=C(N=C(Cl)N=1)N(CC)CC,"3,94"
3 411,CCNC1N=C(N=C(Cl)N=1)N(CC)CC,"3,34"
3 412,COC1C(C(O)=O)=C(Cl)C=CC=1Cl,"2,21"
3 413,NC1C(Cl)=C(N=C(Cl)C=1Cl)C(O)=O,"1,90"
3 414,CC(C)N(C(=O)CCl)C1C=CC=CC=1,"2,18"
3 415,COC(=O)NC1=CC(Cl)=C(Cl)C=C1,"3,32"
3 416,CCCCC(COC(=O)COC1C=CC(Cl)=CC=1Cl)CC,"5,78"
3 417,CCCSC(=O)N(CCC)CCC,"3,84"
3 418,ClC1=CC=CC(=N1)C(Cl)(Cl)Cl,"3,41"
3 419,CN(C(=O)C1C=CC=CC=1)C1C=CC=CC=1,"2,36"
3 420,O=C(CC1C=CC=CC=1)NC1C=C(C=CC=1)C(F)(F)F,"3,84"
3 421,CCCCC(=O)CC(=O)CCCC,"3,56"
3 422,CNC(=O)OC1C=CC=CC=1,"1,24"
3 423,COC(=O)NC1C=CC(=CC=1)[N+]([O-])=O,"2,12"
3 424,C/C(/O)=N/C(CC1=CC=C(O)C=C1)C(=N)O,"-0,87"
3 425,NC1C=CC(=CC=1)S(=O)(=O)C1C=CC(=CC=1)[N+]([O-])=O,"2,04"
3 426,CCCCC1OC2=CC=CC=C2C=1C(=O)C1=CC(I)=C(OCCN(CC)CC)C(I)=C1,"7,57"
3 427,CC(C)N=C(O)C=CC1=CC=C(O1)[N+]([O-])=O,"1,34"
3 428,CCCCC1C(=O)NC(=O)NC1=O,"0,77"
3 429,OC1=CC2C=CNC=2C=C1,"1,11"
3 430,CN1C(=O)CN=C(C2C=C(F)C=CC1=2)C1C=CC(Cl)=CC=1,"3,10"
3 431,CCCCOC(=O)C1C=CC(=CC=1)C(=O)OCCCC,"5,53"
3 432,NC(=O)NC1C=CC(Br)=CC=1,"1,98"
3 433,NC(=O)NC1C=CC=C(Cl)C=1,"1,82"
3 434,OC1=CC=CC=C1C(=O)/N=C(\\O)/C1=CC=CC=C1O,"1,92"
3 435,CC1C(=CC=CC=1[N+]([O-])=O)C(O)=O,"2,16"
3 436,FC1C=CC(=CC=1)C1CCNCC=1,"2,37"
3 437,CN1CC(CN2C3=CC=CC=C3SC3C=CC=CC2=3)CC1,"5,23"
3 438,CN(C)C(=O)NC1C=CC(=CC=1)OC1C=CC(Cl)=CC=1,"3,70"
3 439,CC1CCCCC1NC(=O)NC1=CC=CC=C1,"3,80"
3 440,CCCCCCCC(O)=O,"-1,38"
3 441,COC1C=CC=C(Cl)C=1Cl,"3,24"
3 442,COC1C(Cl)=CC=CC=1Cl,"3,14"
3 443,S=C=NC1C=CC(Br)=CC=1,"4,03"
3 444,CC(C)(COC(=O)C(C)=C)COC(=O)C(C)=C,"2,79"
3 445,OC(=O)C1C2=CC=CC=C2C2C=CC=CC=21,"2,80"
3 446,NC(N)=NC1C=CC=CC=1,"0,53"
3 447,CC(C)(C)C(=O)OCC(=O)C1(O)C(C)CC2C3CC(F)C4=CC(=O)C=CC4(C)C3(F)C(O)CC12C,"3,86"
3 448,CCCCCN1C=NC2=C(N)N=CN=C12,"1,79"
3 449,CCSC(=O)N(CC(C)C)CC(C)C,"4,15"
3 450,NC(=O)C1C(Cl)=CC=CC=1Cl,"0,77"
3 451,O=C(NC1=CC(Cl)=C(Cl)C=C1)NC1C=CC=CC=1,"4,70"
3 452,C/C(/O)=N/C1=CC=C(O)C(C)=C1C,"0,57"
3 453,CN1C2=CC=C(C=C2C(=NCC1=O)C1C=CC=CC=1)[N+]([O-])=O,"2,16"
3 454,CC(C)C(C#N)C1=CC=C(Cl)C=C1,"3,41"
3 455,CC(=O)NC(CC1C=CC=CC=1)C(O)=O,"0,93"
3 456,O=C1NC(=O)C2C=CC(=CC1=2)C1C=CC=CC=1,"2,97"
3 457,CCOC(=O)CCC1C=CC=CC=1,"2,73"
3 458,CN1C(=O)CN=C(C2=CC=CC=C2F)C2C=C(F)C=CC1=2,"2,41"
3 459,CCOC(=O)C(=CC1C=CC=CC=1)C#N,"2,43"
3 460,CCCCCCCCC=CCCCCCCCC(O)=O,"7,64"
3 461,CCCCCCCCOC(N)=O,"2,84"
3 462,CC(C)N=C1C=C2C(CC1=NC1C=CC(Cl)=CC=1)=NC1=CC=CC=C1N2C1C=CC(Cl)=CC=1,"7,66"
3 463,CC1C=C(C=CC=1N(C)C)OC(=O)NC,"1,90"
3 464,CC1C=C(C=C(C)C=1SC)OC(=O)NC,"2,92"
3 465,BrC1N=C(Br)NC=1Br,"1,96"
3 466,OC1C=C2OCC3C(OC4C=C5OCOC5=CC=43)C2=CC=1,"2,61"
3 467,CC1C=NC=NC=1,"0,01"
3 468,NCCCC1C=CC=CC=1,"1,83"
3 469,FCCCC1C=CC=CC=1,"2,95"
3 470,CC1=CC(C=C)=C(C)C=C1,"4,16"
3 471,CC1C=CC(O)=CC=1[N+]([O-])=O,"2,18"
3 472,OCCC(F)(F)C(F)(F)C(F)(F)C(F)(F)F,"3,27"
3 473,COC(=O)CCCC1C=CC=CC=1,"2,77"
3 474,N#CCCCC1C=CC=CC=1,"2,21"
3 475,NC(CCCC1C=CC=CC=1)C(O)=O,"-0,36"
3 476,CC(=O)CCCCC(=O)OC,"0,55"
3 477,CC(=O)CCC1CC1,"1,50"
3 478,COCCCC1C=CC=CC=1,"2,70"
3 479,CC1C=C(C)C(=CC=1)NC(C)=O,"1,46"
3 480,CC1=CC(NC(C)=O)=C(C)C=C1,"1,47"
3 481,CC1=CC(=CC(C)=C1)NC(C)=O,"2,17"
3 482,ClC1C=C(C=CC=1)C1=CC(Cl)=CC=C1,"5,29"
3 483,ClC1C=CC(=CC=1)C1C=CC(Cl)=CC=1,"5,27"
3 484,ClC1=CC=C2C=CC=CC2=C1Cl,"4,42"
3 485,ClC1C=C2C(C=CC=C2Cl)=CC=1,"4,56"
3 486,ClC1C=CC=C2C=CC=C(Cl)C=12,"4,30"
3 487,ClC1C=C2C=CC=CC2=CC=1Cl,"4,42"
3 488,OC1=C2C=CC=CC2=C(Cl)C=C1Cl,"4,23"
3 489,CC(=O)NC1=CC=CC=C1NC(C)=O,"-0,03"
3 490,ClC1C(C2=C(Cl)C(Cl)=C(Cl)C(Cl)=C2Cl)=C(Cl)C(Cl)=C(Cl)C=1Cl,"8,38"
3 491,ClC1C=CC=CC=1C1C=CC=CC=1,"4,47"
3 492,ClC1C=C(C=CC=1)C1C=CC=CC=1,"4,64"
3 493,ClC1C=CC(=CC=1)C1C=CC=CC=1,"4,61"
3 494,OC(=O)CCC(=O)C1C=CC=CC=1,"1,30"
3 495,BrC1C=CC=CC=1C1C=CC=CC=1,"4,59"
3 496,CCCCOC(=O)C1=CC=CC=C1O,"4,63"
3 497,CCN(CC1=CN=CC=C1)CC,"1,01"
3 498,CN(C)CC1=CN=CC=C1,"0,49"
3 499,S=C1NCCCN1,"-0,68"
3 500,CN1C2=CC=CC=C2C(=O)C1=O,"0,58"
3 501,S=C=NC1C=CC(I)=CC=1,"4,22"
3 502,CC=CC#CC#CC#CC=CC(Cl)CO,"3,91"
3 503,O=C1NC2C=CC=CC=2N1C1CCN(CCCC(C2C=CC(F)=CC=2)C2C=CC(F)=CC=2)CC1,"6,30"
3 504,O=C1NC2C=CC=CC=2N1C1CCN(CCCC(=O)C2C=CC(F)=CC=2)CC1,"3,91"
3 505,COC(=O)COC1C=CC=CC=1,"1,41"
3 506,O=C1C=C(Br)C(=O)C2=CC=CC=C12,"2,44"
3 507,O=S(=O)(CF)NC1C=CC=CC=1,"1,35"
3 508,[O-][N+](=O)C1=CNN=C1,"0,59"
3 509,CCCNC1C(=CC(=CC=1[N+]([O-])=O)C(F)(F)F)[N+]([O-])=O,"3,65"
3 510,CC(C)C1=CC=CC(C(C)C)=C1O,"3,79"
3 511,CCCC1=CC(=CC=C1)OCC(O)=O,"2,71"
3 512,OC(=O)C1C=C(CC(O)=O)C=CC=1,"1,14"
3 513,COC1=CC(=CC=C1)OCC(O)=O,"1,38"
3 514,NCCCN1C2=CC=CC=C2SC2C=CC(Cl)=CC1=2,"4,47"
3 515,COC1=CC=C(C=C1Cl)OC,"2,69"
3 516,CCOP(=S)(OC1C=CC(=CC=1)[N+]([O-])=O)C1C=CC=CC=1,"4,78"
3 517,COP(=S)(OC1C=C(Cl)C(Br)=CC=1Cl)OC,"5,21"
3 518,CC(=O)NC1C=CC=CC=1C1C=CC=CC=1,"2,02"
3 519,BrC1C=C(C=CC=1)C1C=CC=CC=1,"4,85"
3 520,[O-][N+](=O)C1C=C(C=CC=1)C1C=CC=CC=1,"3,87"
3 521,CC(C)COC(N)=O,"0,65"
3 522,CCCCCCOC(N)=O,"1,85"
3 523,C(C1C=CC=CC=1)C1C=CN=CC=1,"2,62"
3 524,NC1C=CC(=CC=1I)C(O)=O,"2,36"
3 525,CC(=O)C1=CC=C(C=C1)N(C)C,"2,10"
3 526,CC1C=CC=C2C=1C(C)=CC=C2C,"4,90"
3 527,S=C=NC1C=CC(Cl)=CC=1,"3,91"
3 528,S=C=NC1C=CC=C(Br)C=1,"4,12"
3 529,OC1=CC=C(C=C1)N=C=S,"2,74"
3 530,[O-][N+](=O)C1C=CC(=CC=1)N=C=S,"3,62"
3 531,OC(=O)C1C=CC(=CC=1)N=C=S,"3,52"
3 532,CN(C)C1C=CC(=CC=1)N=C=S,"3,96"
3 533,CC1CC2C3CC(F)C4=CC(=O)C=CC4(C)C3(F)C(O)CC2(C)C1(O)C(=O)CO,"1,94"
3 534,ClC1C=C(Cl)C(Cl)=C(C2=C(Cl)C(Cl)=CC(Cl)=C2Cl)C=1Cl,"7,80"
3 535,CC1=CN(C2OC(CO)C(O)C2O)C(=O)N=C1N,"-2,01"
3 536,CC(=O)C1C=C(Br)C=CC=1,"2,47"
3 537,CC(=O)C1C=CC=CC=1Cl,"2,09"
3 538,CC(=O)C1=CC=CC=C1Br,"2,28"
3 539,CC(=O)C=CC1=CC=CC=C1F,"2,34"
3 540,CC1CCC(C)O1,"1,22"
3 541,COC(=O)NC1C=CC=C(Cl)C=1,"2,58"
3 542,CC(=O)NC1=CC(Cl)=C(Cl)C=C1,"3,00"
3 543,CCCC(=O)NC1=CC(Cl)=C(Cl)C=C1,"3,77"
3 544,CCCC/C(/O)=N/C1=CC(Cl)=C(Cl)C=C1,"4,17"
3 545,CC1CC2C3CCC4=CC(=O)C=CC4(C)C3(F)C(O)CC2(C)C1(OC(=O)CCCC)C(=O)CO,"3,60"
3 546,OC1=CC=C(C=C1)NC(=O)C(Cl)Cl,"1,60"
3 547,O=C1C(C2C=CC(=CC=2)C2C=CC=CC=2)C(=O)C2=CC=CC=C12,"4,79"
3 548,CC(=CC(=O)NC)OP(=O)(OC)OC,"-0,20"
3 549,CC(CO)CO,"0,24"
3 550,C[As](O)(O)=O,"-3,10"
3 551,CN(C)C(=O)NC1C=C(C=CC=1)C(F)(F)F,"2,42"
3 552,CC(=O)OC1C(OC(C)=O)C(COC(C)=O)OC1N1N=CC(=O)NC1=O,"-0,20"
3 553,COC1=CC(CCN)=CC(OC)=C1OCC1C=CC=CC=1,"2,40"
3 554,ClC1=NC(Cl)=C(Cl)C(Cl)=C1Cl,"3,53"
3 555,CCCCN1CCCCC1C(=O)NC1C(C)=CC=CC=1C,"3,41"
3 556,OC1C(Br)=CC(Br)=CC=1CO,"2,72"
3 557,CCCCCCCCC1C=CC=CC=1,"6,30"
3 558,COC(=O)NC1=CC(=CC=C1)[N+]([O-])=O,"2,00"
3 559,CC1C=CC=C(C)C=1NC(C)=O,"1,07"
3 560,CC1C=C(C=CC=1C)NC(C)=O,"2,10"
3 561,ClC1C=C2C=C(Cl)C=CC2=CC=1,"4,81"
3 562,CCOC(=O)C1=CC=CN1,"1,73"
3 563,CC1=CNC=C1C(=O)OCC,"2,14"
3 564,CC1=CC2=C(C=C1C)C(=O)C=CC2=O,"2,49"
3 565,O=C1C(=O)NC(=O)N1C1C=CC=CC=1,"0,60"
3 566,CCSC(=O)N1CCCCCC1,"3,21"
3 567,NN1CCCCC1,"-0,28"
3 568,COP(=O)(NC)OC1C=C(Cl)C(Cl)=CC=1Cl,"3,06"
3 569,COP(=O)(NCC)OC1C=C(Cl)C(Cl)=CC=1Cl,"3,18"
3 570,COP(=O)(NCCC)OC1C=C(Cl)C(Cl)=CC=1Cl,"3,70"
3 571,COP(=O)(NCCCC)OC1C=C(Cl)C(Cl)=CC=1Cl,"4,18"
3 572,COP(=O)(NCC(C)C)OC1C=C(Cl)C(Cl)=CC=1Cl,"3,86"
3 573,COP(=O)(NC(C)(C)C)OC1C=C(Cl)C(Cl)=CC=1Cl,"3,83"
3 574,COP(N)(=O)OC1C=C(Cl)C(Cl)=CC=1Cl,"2,53"
3 575,CC1C=C(C=CN=1)C#N,"0,81"
3 576,OC(=O)C1C=CC(=CC=1)OC1C=CC=CC=1,"3,91"
3 577,CC1C=CC(COC(C)=O)=CC=1,"2,44"
3 578,CNC1C=CC=C2C=CC=CC2=1,"2,88"
3 579,COC1C=CC=C2C=CC=CC2=1,"3,45"
3 580,CC1(C)C(O)C2(C)CC1CC2,"3,17"
3 581,CCCC1(CCC)C(=O)NC(=O)NC1=O,"1,75"
3 582,OC1=NC(CC2C=CC=CC=2)C(=O)N1CC1C=CC=CC=1,"2,84"
3 583,CN1CC(=O)N(C2C=CC=CC=2)C1=O,"0,14"
3 584,O=C1NCC(=O)N1C1C=CC=CC=1,"0,04"
3 585,NC(=S)C1C=CC=CC=1,"1,49"
3 586,ClC1C2C(=C(Cl)C(Cl)=C(Cl)C=2Cl)C(Cl)=C(Cl)C=1Cl,"8,50"
3 587,CC(=O)CCCC1C=CC=CC=1,"2,42"
3 588,NC1C=C(C=CC=1)C#N,"1,07"
3 589,CC1CC2C3CCC4=CC(=O)C=CC4(C)C3(F)C(O)CC2(C)C1(O)C(=O)COC(=O)CCCC,"3,87"
3 590,COP(=O)(OC)C1C=CC=CC=1,"0,95"
3 591,OCCC(F)(F)F,"0,39"
3 592,CCCCCCCCC#N,"3,12"
3 593,OC(=O)C1=CC=CC=C1OC1C=CC=CC=1,"3,11"
3 594,NC1C=CC=C2C=1C=CC=C2N,"0,89"
3 595,NC(=O)C1=CC=CC2=CC=CC=C21,"1,88"
3 596,O=S1(=O)NC(=NC2C=C(Cl)C=CC1=2)C(F)(F)F,"1,65"
3 597,FC1=CC=C(C=C1)N1CCNCC1,"1,28"
3 598,COP(=O)(OC1=CC(Cl)=C(C=C1)[N+]([O-])=O)OC,"1,83"
3 599,CC1C=C(C=CC=1[N+]([O-])=O)OP(=O)(OC)OC,"1,69"
3 600,CC(O)C(/N=C(\\O)/C1CC(CCC)CN1)C1OC(SC)C(O)C(O)C1O,"0,04"
3 601,CC(O)C(/N=C(\\O)/C1CC(CCC)CN1CC)C1OC(SC)C(O)C(O)C1O,"1,02"
3 602,S=C=NCCC1C=CC=CC=1,"3,47"
3 603,NS(=O)(=O)C1C=C2C(=CC=1Cl)NC(NS2(=O)=O)C1CC2CC1C=C2,"1,95"
3 604,CCOC(=O)C(=CC1=CC=CC=C1F)C(=O)OCC,"3,04"
3 605,[O-][N+](=O)C1C=C(F)C=C(F)C=1,"2,03"
3 606,OC(=O)CCCCC1C=CC=CC=1,"2,94"
3 607,CCC(CC)C(=O)NC(N)=O,"0,91"
3 608,CC(C)CC(=O)NC(N)=O,"0,45"
3 609,CS(=O)(=O)CC#N,"-1,42"
3 610,COP(=O)(OC(=CCl)C1C=CC(Cl)=CC=1Cl)OC,"3,13"
3 611,COC1C=CC(=CC=1)N=C=S,"3,58"
3 612,O=C1CN=C(C2C=C(C=CC=2N1)C(F)(F)F)C1C=CC=CC=1,"3,10"
3 613,S=C1CCCN1,"-0,05"
3 614,O=C1C=CC(=CCC1=O)N=O,"0,83"
3 615,CC1=CC(=O)C(=O)C(C)O1,"0,44"
3 616,OC1=NCC(=O)N1CC1C=CC=CC=1,"0,82"
3 617,CC(C)N(C(C)C)C(=O)SCC(Cl)=CCl,"4,49"
3 618,CC(C)N(C(C)C)C(=O)SCC(Cl)=C(Cl)Cl,"4,60"
3 619,CC1=CC(=CC=C1)OC1C=CC(=CC=1)[N+]([O-])=O,"4,40"
3 620,CC1=CC=C(C=C1Cl)NC(=O)C(C)CCC,"4,31"
3 621,CCOP(=S)(OCC)SCN1C(=O)OC2=CC(Cl)=CC=C12,"4,38"
3 622,CC(C)(C)C1=CC=C(C=C1)OC1CCCCC1OS(=O)OCC#C,"5,00"
3 623,CCCCOC(=O)C1(O)C2C=CC=CC=2C2C=CC=CC1=2,"3,70"
3 624,COC1C=CC(=CC=1)N1C(=O)CCC1=O,"0,15"
3 625,CCCOC(=O)C1C=CC=CC=1,"3,01"
3 626,COC1=CC=C(C=C1OC)C=CC(O)=O,"2,34"
3 627,OC1C=CC(Br)=CC=1CO,"1,72"
3 628,NC(=O)NC1C=C(Cl)C(Cl)=CC=1,"2,65"
3 629,ClC1C2=NNN=C2C(Cl)=C(Cl)C=1Cl,"4,17"
3 630,[O-][N+](=O)C1C=C2N=NNC2=CC=1,"1,95"
3 631,FC(F)(F)C1NC2=CC(Cl)=C(Cl)C=C2N=1,"3,49"
3 632,FC(F)(F)C1NC2=CC(Cl)=C(Cl)C(Cl)=C2N=1,"3,87"
3 633,FC(F)(F)C1NC2=C(N=1)C(Br)=C(Br)C(Br)=C2Br,"4,81"
3 634,FC(F)(F)C1NC2C=CC=C(Cl)C=2N=1,"2,93"
3 635,CC(=O)OC1C=CC(=CC=1)C(O)=O,"1,48"
3 636,C/C(/O)=N/C1=CC(=O)C2=CC=CC=C2C1=O,"1,29"
3 637,N=C1CC(=O)C2C=CC=CC=2C1=O,"1,77"
3 638,COC1=CC(=O)C2C=CC=CC=2C1=O,"1,35"
3 639,CC1=CC=C(C=C1)C(N)=S,"2,01"
3 640,COC1C=CC(=CC=1)C(N)=S,"1,63"
3 641,[O-][N+](=O)C1C=C(C=C2C=CC=C(C2=1)[N+]([O-])=O)[N+]([O-])=O,"2,30"
3 642,NC(=O)N(CCCl)N=O,"0,57"
3 643,CCCCF,"2,58"
3 644,OC(=O)C=CC1=CC2OCOC=2C=C1,"2,59"
3 645,CCC1(CC=C)C(=O)NC(=O)NC1=O,"0,95"
3 646,NC1C=CC(=CC=1O)C(O)=O,"0,50"
3 647,COC1C=C(CCO)C=CC=1O,"0,47"
3 648,CC(CCC=C(C)C)CC=O,"3,83"
3 649,ClC1(Cl)C2(Cl)C3(Cl)C4(Cl)C2(Cl)C2(Cl)C(Cl)(C3(Cl)C12Cl)C4(Cl)Cl,"6,89"
3 650,CCCCCCCCCCCCS(O)(=O)=O,"0,96"
3 651,ClC(Cl)C(C1=CC=CC=C1)C1=CC=CC=C1,"4,51"
3 652,COP(=O)(NC(C)CC)OC1C=C(Cl)C(Cl)=CC=1Cl,"3,99"
3 653,[O-][N+](=O)C1=CC(=C(O)C=C1)C(=O)NC1C=CC=CC=1,"3,66"
3 654,S=C=NC1C=CC=C(Cl)C=1,"3,36"
3 655,COC1C2=CC=CC=C2C=C2C=CC=CC2=1,"4,36"
3 656,COC1C=CC=C(Br)C=1,"3,03"
3 657,CCCCCCCCCC(CC)C1C=CC=CC=1,"8,10"
3 658,ClC1=NC=CC=C1Cl,"2,11"
3 659,ClC1C=CC=C(Cl)N=1,"2,15"
3 660,ClC1=CC(Cl)=C(Cl)N=C1Cl,"3,32"
3 661,CCCCNCC1C=CC=CC=1,"2,59"
3 662,OCCCC1NC2=CC=CC=C2N=1,"1,25"
3 663,CP(=O)(OCCCC)OCCCC,"3,26"
3 664,NC1C=CC(CC(N)C(O)=O)=CC=1,"-2,20"
3 665,CC1=CC=C(C)C(O)=C1C,"2,67"
3 666,OC1C=C(Cl)C=CC=1C=O,"2,49"
3 667,C=CCCCN,"0,81"
3 668,O=C1C2CC=CCC2C(=O)N1SC(Cl)(Cl)C(Cl)Cl,"3,80"
3 669,CC1C=CC(=CC=1C)OC(=O)NC,"2,09"
3 670,CCCCOCC1CO1,"0,63"
3 671,CN=C(O)ON=CC1C=CC=CC=1,"1,49"
3 672,CCOC(=O)C1N=CC=NC=1C(=O)OCC,"0,65"
3 673,CCN(CC)C(=O)CC1C=CC=CC=1,"2,40"
3 674,CN1C=NC2=CC=CC=C2C1=O,"0,69"
3 675,OC1=C(Br)C=C(Br)C(O)=C1Br,"4,37"
3 676,ClC1=CC(Cl)=C(C=C1)C1C=CC(Cl)=CC=1Cl,"6,29"
3 677,CCCC1C=CC(=CC=1)C(O)=O,"3,42"
3 678,CCCCOC1C=CC(CC(=O)NO)=CC=1,"2,08"
3 679,NS(=O)(=O)C1=CN=CC=C1,"-0,49"
3 680,CC1=CC2=NC3SC(=O)SC=3N=C2C=C1,"3,78"
3 681,CCCCCCCCCCCCNC(N)=N,"1,15"
3 682,COC1=CC=CC=C1C(N)=O,"0,86"
3 683,CC1=CC(=C(O)C=C1)N1N=C2C=CC=CC2=N1,"4,31"
3 684,C/C(/O)=N/C(CC1C=CC(O)=CC=1)C(=O)OC,"0,33"
3 685,CCCCCC(=O)NN,"0,48"
3 686,ClC1C=CC(=CC=1)OC1C=CC(Cl)=CC=1,"5,25"
3 687,O=C1C2=CC=CC=C2N=C2CCCCN21,"1,52"
3 688,COC1=NC=NC(NS(=O)(=O)C2C=CC(N)=CC=2)=C1OC,"0,70"
3 689,COC(=O)C1C=CN=CN=1,"-0,27"
3 690,NC1=CC=CC=C1C(N)=S,"0,99"
3 691,CC1C=CC=C(C=1)OCCN(C)C,"2,05"
3 692,ClC1=CN=CC(Cl)=C1,"2,56"
3 693,NC1C=CC(C(O)=O)=C(Cl)C=1,"1,33"
3 694,COC(=O)C1C=CC=CN=1,"0,36"
3 695,COC(=O)C1C=CN=CC=1,"0,87"
3 696,COC1C=C(Cl)C(Cl)=CC=1O,"3,26"
3 697,COP(=S)(OC1=CC=C(C=C1Cl)[N+]([O-])=O)OC,"3,58"
3 698,CC(=O)N1C=NC=C1,"-0,34"
3 699,CC1=CC2NC(=O)C(=O)NC=2C=C1C,"1,34"
3 700,CC(=O)C=CC1C=CC=C(F)C=1,"2,25"
3 701,CC(C)CCOC(=O)C1C=C(O)C(O)=C(O)C=1,"2,80"
3 702,NC1C=CC(C(O)=O)=C(Br)C=1,"1,49"
3 703,CC1C=C(C=CC=1N)C(O)=O,"1,37"
3 704,CC1C=C(N)C=CC=1C(O)=O,"1,14"
3 705,C=CCOC1C=C(N)C=CC=1C(O)=O,"1,25"
3 706,CCCOC1C=C(N)C=CC=1C(O)=O,"1,53"
3 707,COC1C=C(N)C=CC=1C(O)=O,"0,45"
3 708,CC12CCC(CC1CCC1C2CCC2(C)C(CCC21O)C1COC(=O)C=1)OS(O)(=O)=O,"-0,14"
3 709,CNC(=S)N(C)C,"0,10"
3 710,[O-][N+](=O)C1C=CC(=CC=1)OC1OC(CO)C(O)C(O)C1O,"-0,44"
3 711,CC(=C)C(=O)OCC1C=CC=CC=1,"2,53"
3 712,CCS(=O)(=O)CCSP(=S)(OCC)OCC,"1,87"
3 713,CCS(=O)CCSP(=S)(OCC)OCC,"1,73"
3 714,O=C1C2C3C=CC=CC=3C=CC=2C(=O)C2=CC=CC=C12,"4,40"
3 715,CCOP(=O)(OC1C=CC=CC=1)OCC,"1,64"
3 716,CP(=O)(N(C)C)N(C)C,"-0,67"
3 717,CC1(C)C=CC2=CC=CC=C2O1,"3,31"
3 718,C[N+]1=CC=CC2=CC=CC=C12,"-2,64"
3 719,[O-][N+](=O)C1C=CC(Cl)=CC=1C(O)=O,"2,13"
3 720,[O-][N+](=O)C1C=C(C(O)=O)C(Cl)=CC=1,"2,03"
3 721,OC(=O)C1CCN1,"-2,84"
3 722,CC1C(C)=NO[N+]=1[O-],"0,23"
3 723,CCC1C(=O)NC(=O)NC1=O,"-0,35"
3 724,CC1C=CC(=CC=1Cl)NCCN(CC)CC,"4,14"
3 725,NC(=S)C1C=CC(Cl)=CC=1,"2,40"
3 726,CCOC(=O)C1=CC=CC=N1,"0,87"
3 727,C/C(/O)=N/C1=CC(=CC=C1)SC,"2,14"
3 728,CCCCC1=CC(O)=C(O)C=C1,"2,96"
3 729,CCCCCC1=CC(O)=C(O)C=C1,"3,11"
3 730,COC(=O)C1=CC=C(Br)O1,"1,84"
3 731,CCCCOP(=O)(OC1C=CC=CC=1)OCCCC,"4,27"
3 732,[O-][N+](=O)C1=CN=CC=C1,"0,60"
3 733,CC1C=C2C=CC3=CC=CC=C3C2=CC=1,"4,86"
3 734,CCCCCCCCCC[N+]1C=CC=CC=1,"-0,72"
3 735,BrC1CC2CC1CC2,"3,54"
3 736,CC(O)CC1(CC=C)C(=O)NC(=O)NC1=O,"-0,05"
3 737,COC1C(O)=C(Cl)C(Cl)=C(Cl)C=1Cl,"4,59"
3 738,COC1C(O)=C(OC)C(Cl)=C(Cl)C=1Cl,"3,74"
3 739,CN(C=O)C(=O)CSP(=S)(OC)OC,"1,48"
3 740,CC(=O)CCC#C,"0,58"
3 741,CCO[Si](OCC)(C1C=CC=CC=1)C1C=CC=CC=1,"4,92"
3 742,FS(F)(F)(F)(F)C1C=CC=CC=1,"3,36"
3 743,[O-][N+](=O)C1=CC2C(=NCC(=O)NC=2C=C1)C1=CC=CC=C1F,"2,15"
3 744,CC1(C)CCCC(C)(C)N1O,"1,85"
3 745,CN1C(=O)CC(=O)NC1=O,"-0,85"
3 746,CC12C3OC(=O)C(=C)C3CCC(C)C1(O)CCC2=O,"0,83"
3 747,NC(CC1C=CC=CC=1)C(=O)NC(CC1C=CC=CC=1)C(O)=O,"-0,85"
3 748,NC(CC1C=CC=CC=1)C(=O)NC(CC1C=CC=CC=1)C(=O)NC(CC1C=CC=CC=1)C(O)=O,"-0,02"
3 749,CC1C=C(O)C=CC=1[N+]([O-])=O,"2,48"
3 750,CCS(=O)CSP(=S)(OCC)OCC,"1,78"
3 751,CCS(=O)(=O)CSP(=S)(OCC)OCC,"1,99"
3 752,CCS(=O)CSP(=O)(OCC)OCC,"1,78"
3 753,CCS(=O)(=O)CSP(=O)(OCC)OCC,"1,98"
3 754,CC1C=C(C=CC=1Cl)OC(=O)NC,"2,57"
3 755,CCOC1=NC(=NS1)C(Cl)(Cl)Cl,"3,37"
3 756,CCCCCO/C(/O)=N/C,"1,96"
3 757,CCOC(=O)C(SP(=S)(OC)OC)C1C=CC=CC=1,"3,69"
3 758,CC(=O)OC1=CC=CC2C=CC=NC=21,"2,03"
3 759,CCSCSP(=O)(OCC)OCC,"2,07"
3 760,COC(=O)NC1C=CC=CC=1,"1,75"
3 761,CN(C)C1C=CC(C=C[N+]([O-])=O)=CC=1,"2,67"
3 762,O=CNC1C=CC(Cl)=CC=1,"2,04"
3 763,O=S(=O)(NS(=O)(=O)C1C=CC=CC=1)C1C=CC=CC=1,"0,52"
3 764,CNC(=O)OC1C=CC(Cl)=CC=1,"2,01"
3 765,CC(=O)NC1C=C(Cl)C=CC=1Cl,"2,19"
3 766,CCOC(=O)NC1C=CC(Cl)=CC=1,"1,97"
3 767,CCN(CC)P(=O)(N(CC)CC)N(CC)CC,"2,53"
3 768,N#CC1C=C2C(=CC=1)SC1=CC=CC=C1N2CCCN1CCC(O)CC1,"3,52"
3 769,CC(=O)OC1C=CC(=CC=1)NC(C)=O,"0,93"
3 770,CNC(=O)OC1=CC=CC=C1C(C)(C)C,"2,65"
3 771,CNC(=O)OC1C=CC(=CC=1)C(C)(C)C,"3,06"
3 772,OC1=CC=CC=C1C(=O)NC1C=CC(Br)=CC=1,"4,51"
3 773,CN(C(=S)C1C=CC=CC=1)C1C=CC=CC=1,"3,12"
3 774,OCCCC1C=CN=CC=1,"0,58"
3 775,CCC1=CC=C(C=C1)O/C(/O)=N/C,"2,23"
3 776,CC1C=C(C=C(C=1)OC(=O)NC)C(C)C,"3,10"
3 777,CN(C)C1=CC(=CC=C1)OC(=O)NC,"1,43"
3 778,CNC(=O)OC1C=CC=CC=1C(C)C,"2,31"
3 779,CCC1=CC=CC=C1O/C(/O)=N/C,"1,93"
3 780,COP(=S)(OC1C=CC(=CC=1)C#N)OC,"2,71"
3 781,SC1=CC=CC=N1,"-0,13"
3 782,CCOP(=S)(OCC)SCN1N=NC2=CC=CC=C2C1=O,"3,40"
3 783,NC1=CC2C3=CC=CC=C3C=CC=2C2=CC=CC=C21,"4,99"
3 784,COC(=O)CNC(=O)C1=CC=C(C=C1)[N+]([O-])=O,"0,98"
3 785,O=C1CN=C(C2=CC=CC=C2F)C2C=C(Br)C=CC=2N1,"2,98"
3 786,O=C1CN=C(C2C=C(F)C=CC=2N1)C1C=CC=CC=1,"2,32"
3 787,OC1CN=C(C2=CC=CC=C2F)C2=CC=CC=C2N=1,"2,38"
3 788,O=C1CC(=O)N(C2C=CC=CC=2)N1C1C=CC=CC=1,"1,45"
3 789,CC1C=CC=C(O/C(/O)=N/C)C=1C,"1,95"
3 790,CC1=CC(=CC(C)=C1)OC(=O)NC,"2,23"
3 791,OC1C=CC(=CC=1)SC1C=CC(O)=CC=1,"3,34"
3 792,COC1C=C(Cl)C(Cl)=C(Cl)C=1O,"3,72"
3 793,CC1=CC(=CC=C1OP(=S)(OCC)OCC)SC,"4,16"
3 794,O=C1NC=NC2=NNN=C21,"-1,97"
3 795,CNC(=O)OC1C=C(C)C(C)=C(C)C=1,"2,66"
3 796,CCN1CCCC1=O,"-0,04"
3 797,CCCCCCCCCCCCN1CCCC1=O,"4,20"
3 798,NC1=CC=CC=C1OC1C=CC=CC=1,"2,46"
3 799,ClC1=CC=CC=C1OC1C=CC=CC=1,"4,45"
3 800,CC(=O)C1=CC(=CC=C1)OC(=O)N(C)C,"1,18"
3 801,[O-][N+](=O)N1CN(CN(CN(C1)[N+]([O-])=O)[N+]([O-])=O)[N+]([O-])=O,"0,16"
3 802,NC1=CC=C2C3C1=CC=CC=3C1=CC=CC=C21,"4,20"
3 803,CCCC1=CC=C(N)C=C1,"2,40"
3 804,N#CC(=CC1C=CC=CC=1)C#N,"2,18"
3 805,C/C(/O)=N/N=C(\\O)/NC1=CC=C(Br)C=C1,"1,38"
3 806,NCCC1C=CC=CN=1,"0,08"
3 807,OCCN1CCN(CCC=C2C3C=CC=CC=3SC3C=CC(=CC=32)C(F)(F)F)CC1,"4,51"
3 808,CCCCN1C=NC2=C(N)N=CN=C12,"1,25"
3 809,CC(=O)NC1C=CC=CC=1C(=O)OC,"1,65"
3 810,CC(=O)C1C=CC(=CC=1)NC(C)=O,"1,24"
3 811,CC(=O)NC1=NC=CS1,"0,76"
3 812,CCCCCCCCCCC(C)C1C=CC=CC=1,"8,19"
3 813,CCCCCCC(CCCCC)C1C=CC=CC=1,"8,01"
3 814,CCCCC(CCCCCCC)C1C=CC=CC=1,"8,01"
3 815,CCCCCCCCC(CCC)C1C=CC=CC=1,"8,07"
3 816,CNC(=S)NC1=CC=CC=C1,"0,85"
3 817,CC1C=CC=CC=1C(=O)N(CC)CC,"2,02"
3 818,CC1C=CC(=CC=1)C(=O)N(CC)CC,"2,38"
3 819,OC1CN=C(C2C=CC(=CC=2N=1)C(F)(F)F)C1C=CC=CC=1,"3,18"
3 820,OC1CN=C(C2=CC=CC=C2N=1)C1=CC=CC=C1C(F)(F)F,"2,47"
3 821,CNCC(F)(F)F,"0,55"
3 822,CNC(=S)NCC1C=CC=CC=1,"1,35"
3 823,CCNC(=S)NC1C=CC=CC=1,"1,42"
3 824,CN(C)C(=S)NCC1C=CC=CC=1,"1,59"
3 825,N#CCC1=CC=CO1,"0,85"
3 826,CC(=O)C1=CC2=C(C=C1)SC1C=CC=CC=1N2CCCN1CCN(CCO)CC1,"2,62"
3 827,CC1=CC(O/C(/O)=N/C)=C(Cl)C=C1Cl,"3,00"
3 828,NC1(CCCCC1)C(O)=O,"-1,87"
3 829,CN=C(O)C=CC1C=CC=CC=1,"1,81"
3 830,O=C(NC1C=C(Cl)C(Cl)=CC=1)C1CC1,"3,73"
3 831,NCC1=CC(O)=NO1,"-2,39"
3 832,COC1=CC(Cl)=C(Cl)C=C1OC,"3,11"
3 833,CCOP(=O)(CN(CCO)CCO)OCC,"-0,72"
3 834,CN(C)C(=S)N(C)C,"0,49"
3 835,OC1C=CC(=CC=1)C1(NC(=O)NC1=O)C1C=CC=CC=1,"1,70"
3 836,CN1C(=O)SC2=CC=CC=C12,"1,98"
3 837,C/N=C(\\O)/OCC1C=CC(Cl)=CC=1,"2,42"
3 838,N=C1C(Cl)C(=O)C2C=CC=CC=2C1=O,"2,12"
3 839,CC1C=CC(=C(C=1)O/C(/O)=N/C)C(C)(C)C,"3,14"
3 840,NC(CSC(C1C=CC=CC=1)(C1C=CC=CC=1)C1C=CC=CC=1)C(O)=O,"2,06"
3 841,COC1=CC=C(C=C1CC(C)N)OC,"1,72"
3 842,CC#CC#CC,"2,24"
3 843,CCOC(=O)C1=CC=CS1,"2,33"
3 844,CC1CC(=O)N=C(N=1)C(C)C,"0,55"
3 845,[O-][N+](=O)C1=CC=CC=C1OC1OC(CO)C(O)C(O)C1O,"-0,78"
3 846,CC1C=CC(C=C(C#N)C#N)=CC=1,"2,40"
3 847,CN(C)C1N=C(N)N=C(N=1)N(C)C,"1,20"
3 848,NC1C=CC(=CC=1)C(N)=O,"-0,41"
3 849,NC(=O)NNC(=O)C1C=CC=CC=1,"-0,50"
3 850,COC1C=CC=C(Cl)C=1,"2,98"
3 851,CC1=NC=CN=C1OC,"1,24"
3 852,CCCCCC1NS(=O)(=O)C2C=C(C(Cl)=CC=2N=1)S(N)(=O)=O,"2,01"
3 853,CCCC1NS(=O)(=O)C2C=C(C(Cl)=CC=2N=1)S(N)(=O)=O,"1,21"
3 854,OCCCC1=CN=CC=C1,"0,60"
3 855,OCCCC1C=CC=CN=1,"0,58"
3 856,O=C1NC(CC2C=CC=CC=2)C(=O)NC1CC1C=CC=CC=1,"1,59"
3 857,CCC1C(C)=CC=CC=1C,"4,28"
3 858,COC1C=C(N)C2=C(C(=O)C3=CC=CC=C3C2=O)C=1N,"3,50"
3 859,CCN(CCO)C1C=CC(=CC=1)N=NC1C=CC(=CC=1)[N+]([O-])=O,"4,30"
3 860,COC1=CC(=O)C=CC1=O,"-0,06"
3 861,CC1=NC=CN=C1SC,"1,81"
3 862,CC1C=NC=C(N=1)OC,"1,29"
3 863,O=C1CN=C(C2=CC=CC=C2F)C2C=C(Cl)C=CC=2N1,"2,70"
3 864,CN(C)C1=CC2C(=NCC(=O)N(C)C=2C=C1)C1C=CC=CC=1,"2,63"
3 865,CSC1C=CC2N=C(O)CN=C(C=2C=1)C1C=CC=CC=1,"2,92"
3 866,O=C1CN=C(C2C=C(Br)C=CC=2N1)C1C=CC=CC=1,"3,11"
3 867,O=C1CN=C(C2=CC=CC=C2Cl)C2C=C(Cl)C=CC=2N1,"3,15"
3 868,CC1(C)CC(=O)CC(C)(C)N1O,"0,12"
3 869,O=C1CN=C(C2=CC=CC=C2N1)C1C=CC=CC=1,"2,18"
3 870,CN1CCN=C(C2C=C(Cl)C=CC1=2)C1C=CC=CC=1,"4,41"
3 871,CC(C)NC1N=C(NCCO)N=C(Cl)N=1,"0,78"
3 872,CC1C=C(C)C=C(C)C=1C#[N+][O-],"3,21"
3 873,COC(=O)C1C=CC=C(Cl)C=1,"2,85"
3 874,CC1(C)OCCO1,"0,46"
3 875,C(C1CO1)N1CCN(CC2CO2)CC1,"-0,84"
3 876,CCOP(=S)(OC1=NC(Cl)=C(Cl)C=C1Cl)OCC,"4,96"
3 877,NC(CC1=CC=C(C=C1)[N+]([O-])=O)C(O)=O,"-1,25"
3 878,FC(F)(F)CN(CC(F)(F)F)C1C=CC=CC=1,"3,69"
3 879,CC1C=C(C=CC=1)OCC(O)CNC(C)C,"1,93"
3 880,COC1=CC=CC=C1NCCO,"1,50"
3 881,CC1=CC=C(CC#N)C=C1,"1,67"
3 882,NC1CC2=CC=CC=C2CC1,"2,08"
3 883,O=C1CN=C(C2=CC(Cl)=CC=C2N1CC1CC1)C1C=CC=CC=1,"3,73"
3 884,CCCCCC1C=CN=CC=1,"3,75"
3 885,ClC(Cl)(Cl)C(C1C=CC=CC=1)C1C=CC=CC=1,"4,87"
3 886,N#CC1=CC=NC2=CC=CC=C21,"1,98"
3 887,OC1C=CC(C=O)=CC=1Br,"1,83"
3 888,ClC1C=C(C=CC=1)C1C=CC(Cl)=CC=1,"5,15"
3 889,ClC1C=CC(=CC=1Cl)C1C=CC=CC=1,"5,29"
3 890,CS(=O)(=O)C1C=C(C=CC=1)[N+]([O-])=O,"0,50"
3 891,OC(=O)COC1=CC=CC2=CC=CC=C21,"2,60"
3 892,[O-][N+](=O)C1C=C(C=CC=1)OC(=O)C/N=C(\\O)/C1C=CC=CC=1,"2,46"
3 893,O/C(=N\\CC(=O)OC1C=CC=CC=1)/C1C=CC=CC=1,"2,31"
3 894,CSC1=CC=CC=C1N,"1,20"
3 895,CC1=CC=CC=C1OCC(=O)OC,"2,08"
3 896,NC(=O)NC1C=CC=C(Br)C=1,"2,08"
3 897,CN(C)C(=O)N(C1C=CC=CC=1)C1C=CC=CC=1,"2,80"
3 898,O=C(CC1C=CC=CC=1)NC1C=CC(Cl)=CC=1,"3,54"
3 899,CCNCC1=CN=CC=C1,"0,76"
3 900,C1CCN2CCCC2=N1,"-0,17"
3 901,OC(=O)C1=CC=C(CO)C=C1,"0,93"
3 902,[O-][N+](=O)C1C=C(C=CC=1O)C=O,"1,48"
3 903,N#CSCC1C=CC=CC=1,"1,99"
3 904,COC1=CC=CC=C1C1=NCC(O)=NC2C=CC(Cl)=CC1=2,"2,63"
3 905,NC(=O)C1C=CC(=CC=1)C#N,"0,48"
3 906,[O-][N+](=O)C1=CNC=N1,"-0,11"
3 907,CN1C=NC(=C1)[N+]([O-])=O,"-0,44"
3 908,CN1C=NC=C1[N+]([O-])=O,"0,13"
3 909,CC(=O)OC1=CC=CC=C1C(F)(F)F,"2,59"
3 910,OCCN1CCCCC1,"0,96"
3 911,C1=CC=CC=C1C1=CC=CN1,"2,76"
3 912,N#CCCOC1C=CC=CC=1,"1,61"
3 913,CC1=CN(C2C=CC(CO)O2)C(=O)NC1=O,"-0,72"
3 914,CC(=O)OC1=CC=CC=C1CC,"2,42"
3 915,CC(=O)OC1C=C(CC)C=CC=1,"2,45"
3 916,OC(C=CC1C=CC=CC=1)=NC1C=CC=CC=1,"3,61"
3 917,CON(C)C(=O)NC1C=CC(Br)=CC=1,"2,38"
3 918,CC(C)CC(N)C(=O)NC(CC1C=CC=CC=1)C(O)=O,"-1,15"
3 919,O=S(=O)(C(Cl)(Cl)Cl)C(Cl)(Cl)Cl,"3,30"
3 920,CC1=CC(O)=C(OC)C(OC)=C1O,"1,05"
3 921,CSC1C=CC(=CC=1)OP(=O)(OCC)OCC,"2,79"
3 922,CSC1C=CC(=CC=1)OP(=S)(OCC)OCC,"4,16"
3 923,CC1=CC=C(C=C1)N(CCO)CCO,"1,09"
3 924,CC1=CC=C(C=C1)NC=O,"1,61"
3 925,C[N+](CCCC)(CCCC)CCCC,"0,26"
3 926,OCCOCCN1CCN(CCCN2C3=CC=CC=C3SC3C=CC(=CC2=3)C(F)(F)F)CC1,"4,49"
3 927,[O-][N+](=O)C1=CC2=C(C=C1)C(=O)C1C=CC=CC2=1,"3,06"
3 928,CN1C(=O)N(C)C2=CC=CC=C12,"1,46"
3 929,CS(=O)(=O)C1C=CC=CC=1,"0,50"
3 930,O=S(=O)(CC1C=CC=CC=1)C1C=CC=CC=1,"2,05"
3 931,CC1C=C(C=CC=1[N+]([O-])=O)C(O)=O,"2,42"
3 932,CC1=CC(C(O)=O)=C(C=C1)[N+]([O-])=O,"1,63"
3 933,CCCCC(CCCC)C(O)=O,"3,20"
3 934,CC1ON=C(C=1C(=O)NC1C2SC(C)(C)C(C(O)=O)N2C1=O)C1C(Cl)=CC=CC=1Cl,"2,91"
3 935,COC1=C(OC)C(=O)C=CC1=O,"0,34"
3 936,COC1=C(OC)C(=O)C(=CC1=O)OC,"0,22"
3 937,COC1=C(OC)C(=O)C(OC)=C(OC)C1=O,"0,41"
3 938,NS(=O)(=O)C1C=C(C=CC=1)C#N,"0,24"
3 939,NS(=O)(=O)C1C=CC(=CC=1)C#N,"0,23"
3 940,COCCOC(=O)C=C,"0,56"
3 941,CC(=O)NC1CCC2=CC(OC)=C(OC)C(OC)=C2C2=CCC(=N)C(=O)C=C21,"0,30"
3 942,OC1C=C(C=CC=1)N=C=S,"3,23"
3 943,COC1C=C(C=CC=1)N=C=S,"3,68"
3 944,N#CC1C=CC=C(C=1)N=C=S,"3,13"
3 945,CCCCOC(=O)C1C=C(C=CC=1)C(=O)OCCCC,"4,26"
3 946,BrCC1CO1,"0,85"
3 947,CN(C)C1N=C(Cl)N=C(N=1)N(C)C,"2,31"
3 948,BrC1C=CSC=1Br,"3,53"
3 949,ClC1(Cl)CC1(C1C=CC=CC=1)C1C=CC=CC=1,"4,88"
3 950,C1C2CCC1C1OC21,"1,58"
3 951,NC(=O)C1C(O)=CC=CC=1O,"0,60"
3 952,CC(C)NC(=O)NS(=O)(=O)C1C=CC=CC=1,"1,34"
3 953,COC1C=NC=CN=1,"0,73"
3 954,N#CC1=CC=C(N1CCO)[N+]([O-])=O,"0,60"
3 955,COC1C=CC(=CC=1)C(=O)CCC(O)=O,"1,38"
3 956,[O-][N+](=O)C=CC1C=CC=CC=1Cl,"2,85"
3 957,[O-][N+](=O)C=CC1C=C(Cl)C=CC=1,"2,57"
3 958,[O-][N+](=O)C=CC1C=CC=CC=1[N+]([O-])=O,"1,80"
3 959,[O-][N+](=O)C=CC1C=CC(=CC=1)[N+]([O-])=O,"1,89"
3 960,[O-][N+](=O)C=CC1C=CC=C(O)C=1,"2,07"
3 961,CC(=O)C=CC1C=CC(O)=CC=1,"1,86"
3 962,CC1C=CC(=CC=1)C=CC(C)=O,"2,65"
3 963,CC(=O)C=CC1C=CC(Cl)=CC=1,"2,80"
3 964,[O-][N+](=O)C1C=CC(O)=CC=1O,"1,05"
3 965,CC(C)(C)C1CCCCC1,"5,04"
3 966,[O-][N+](=O)C=CC1C=CC(O)=CC=1,"2,12"
3 967,COC1C=C(C=CC=1)C=C[N+]([O-])=O,"2,37"
3 968,COC1C=CC(C=C[N+]([O-])=O)=CC=1,"2,20"
3 969,CCOC(=O)C1=CC2=CC=CC=C2O1,"3,05"
3 970,CNC(=O)NC(=O)C1C=CC=CC=1,"1,27"
3 971,CCC1=CC=CO1,"2,40"
3 972,[O-][N+](=O)C1=CC=CC(Cl)=C1Cl,"3,05"
3 973,NS(=O)(=O)C1=CC2=C(C=C1Cl)N=C(CC1C=CC=CC=1)NS2(=O)=O,"1,70"
3 974,CC(CO)NCC1C=CC=CC=1,"1,28"
3 975,BrCC(CBr)(CBr)CBr,"3,99"
3 976,CC1(C)CCC(C)(C)N1O,"1,00"
3 977,CC1=CC=C(C=C1)C=NO,"2,40"
3 978,O=C1C2=CC=CC=C2C(=O)N1CCCCBr,"2,96"
3 979,N#CC(=CC1=CC=CO1)C#N,"1,40"
3 980,CC(=O)OC1C=CC(CC)=CC=1,"2,56"
3 981,CC12CCC3C(CCC4(O)CC(CCC43CO)OC3OC(C)C(O)C(O)C3O)C1(O)CCC2C1COC(=O)C=1,"-0,62"
3 982,CC1=CC2N=CNS(=O)(=O)C=2C=C1S(N)(=O)=O,"-0,32"
3 983,CC12CCC(CC1CCC1C2CCC2(C)C(C(CC21O)OC=O)C1COC(=O)C=1)OC1CC(O)C(OC2CC(O)C(OC3CC(O)C(O)C(C)O3)C(C)O2)C(C)O1,"2,04"
3 984,CC1=CC=C(CCN)C=C1,"1,83"
3 985,ClC1C2OC3C(OC=2C(Cl)=C(Cl)C=1Cl)=C(Cl)C(Cl)=C(Cl)C=3Cl,"8,71"
3 986,CCC1=CN=C(NS(=O)(=O)C2C=CC(N)=CC=2)N=C1,"0,90"
3 987,CCCC(CCCC)C(O)=O,"3,01"
3 988,CCC(COC(=O)C(C)=C)(COC(=O)C(C)=C)COC(=O)C(C)=C,"4,39"
3 989,COC1C=CC(=CC=1)C(=O)NN,"0,25"
3 990,OCC(CBr)(CBr)CO,"1,06"
3 991,CC(C)CC(N)C(=O)NC(CC(C)C)C(O)=O,"-1,47"
3 992,CC(C)CC(NC(=O)C(N)CC1C=CC=CC=1)C(O)=O,"-1,17"
3 993,CC(OC1C=CC(Cl)=CC=1)C(O)=O,"2,31"
3 994,CN(C)S(=O)(=O)C1=CC2C(=CCCN3CCN(C)CC3)C3C=CC=CC=3SC=2C=C1,"3,78"
3 995,[O-][N+](=O)C1=CC(O)=C(O)C=C1,"1,66"
3 996,O=C1CC(=O)C=CC=C1,"0,81"
3 997,O=C1C=CSS1,"0,82"
3 998,COC(=O)NS(=O)(=O)C1C=CC(N)=CC=1,"-0,27"
3 999,OCC(O)C1=CC(O)=C(O)C=C1,"-1,01"
4 000,CCCC(=O)OCC1OC(CC1OC(=O)CCC)N1C=C(F)C(O)=NC1=O,"1,90"
4 001,N#CC1SC2=C(SC=1C#N)C(=O)C1C=CC=CC=1C2=O,"2,84"
4 002,S=C=NC(C1C=CC=CC=1)C1C=CC=CC=1,"5,09"
4 003,S=C1SSC=C1C1C=CC=CC=1,"3,20"
4 004,CC1SSC(=S)C=1C,"2,45"
4 005,CC1=CC(=S)SS1,"1,89"
4 006,CC1=CSSC1=S,"2,18"
4 007,S=C1SSC2=CC=CC=C21,"3,57"
4 008,NC(N)=NN=CC1C=CC=CC=1,"1,18"
4 009,C1=NNC(=N1)C1C=CC=CC=1,"1,54"
4 010,OCCCCC1C=CC=CC=1,"2,35"
4 011,CC1=NC=C(N1CC(C)O)[N+]([O-])=O,"0,22"
4 012,CN(C)C(=O)OC1=CC=CC=C1[N+]([O-])=O,"1,35"
4 013,CC(C)(C)[N+]([O-])=CC1C=CC=CC=1,"1,26"
4 014,OC1C=C(Cl)C=CC=1OC1=CC=C(Cl)C=C1Cl,"4,76"
4 015,CC(C)(C)C1C=CC(=CC=1)[N+]([O-])=O,"3,89"
4 016,COP(=S)(OC1C=CC(=CC=1)SC1C=CC(=CC=1)OP(=S)(OC)OC)OC,"5,96"
4 017,FC(F)(F)C1NC2=C(N=1)C(Cl)=CC(Cl)=C2Cl,"3,78"
4 018,COC1=CN=NC2=CC=CC=C21,"1,41"
4 019,CC1=CN(C2CCC(CO)O2)C(=O)NC1=O,"-0,60"
4 020,CC1C=CC=C(C)C=1NC(=O)CN1CCN(CCCC(C2C=CC(F)=CC=2)C2C=CC(F)=CC=2)CC1,"5,60"
4 021,COC1C=CC(=CC=1)C(N)=O,"0,86"
4 022,CC1=CC(N)=NC=N1,"0,19"
4 023,C1N=C(C=CN=1)C1C=CC=CC=1,"1,92"
4 024,NC(=O)C1C=C(C=CC=1)C#N,"0,52"
4 025,S=C1C=C(SS1)C1C=CC=CC=1,"3,67"
4 026,CC1OC(=O)C2=CC=CC=C21,"1,41"
4 027,CCC1=CC=C(C=C)C=C1,"4,19"
4 028,O=C1NC2=CC=CC=C2C1C1C=CC=CC=1,"2,59"
4 029,[O-][N+](=O)C1C=CC(=CC=1)N1C=CC=N1,"2,25"
4 030,CC1C=CC(=CC=1)C1=CSSC1=S,"3,73"
4 031,O=C1SSC=C1C1C=CC=CC=1,"2,64"
4 032,IC1=CNN=C1,"1,70"
4 033,CN(C)C(=O)N(C)N=O,"0,36"
4 034,COC1=CC=C2C3=C(OC)C(OC)=C(C=C3CCC(N)C2=CC1=O)OC,"1,10"
4 035,CC1CCCCN1CCCOC(=O)C1=CC(Cl)=C(Cl)C=C1,"4,31"
4 036,NC1=C(Cl)C(Cl)=CC(Cl)=C1Cl,"4,10"
4 037,C1OC1C1CCCCC1,"2,43"
4 038,CC1(C)SC2C(NC(=O)C3(N)CCCCC3)C(=O)N2C1C(O)=O,"1,31"
4 039,CN1C(=O)CN=C(C2C=C(C=CC1=2)C#N)C1C=CC=CC=1,"1,80"
4 040,CC(=O)C=CC1C=CC(=CC=1)[N+]([O-])=O,"1,90"
4 041,CCC[Si](C)(C)C,"3,84"
4 042,OC1N=C(O)C(CC2C=CC=CC=2)N=1,"0,60"
4 043,CCCC(=O)NN,"-0,62"
4 044,NC1C=C(C=CC=1)C(N)=O,"-0,33"
4 045,CC(C)NNC(=O)COC1C=CC(Cl)=CC=1,"2,02"
4 046,CCCCCCCCSCCO,"3,64"
4 047,CCC(C)C1=CC(=C(O)C=C1)[N+]([O-])=O,"3,84"
4 048,C1=CC=C(N=C1C1C=CC=CC=1)C1C=CC=CC=1,"4,82"
4 049,CC1=CC(=CC=C1SC)OC(=O)NC,"2,47"
4 050,OS(=O)(=O)C1C=C(Cl)C=CC=1OC1=CC=C(Cl)C=C1NC(=O)NC1C=C(Cl)C(Cl)=CC=1,"1,89"
4 051,CNC(=O)NC1=CC(Cl)=C(Cl)C=C1,"2,94"
4 052,CC1(C)NC(=N)NC(=N)N1C1C=CC(Br)=CC=1,"1,09"
4 053,CCNC1C=CC(=CC=1)S(=O)(=O)C1C=CC(N)=CC=1,"1,98"
4 054,COC1C=CC(C=N(=O)C2C=CC=CC=2)=CC=1,"1,94"
4 055,CCCCCC(=O)OCC(=O)C1(O)CCC2C3CCC4=CC(=O)CCC4(C)C3C(O)CC12C,"4,48"
4 056,CC1(C)C2C3=CC=CC=C3C=CC=2[N+](CCCCS(O)(=O)=O)=C1/C=C/C=C/C=C/C=C1\\N(CCCCS(O)(=O)=O)C2=CC=C3C=CC=CC3=C2C\\1(C)C,"-0,29"
4 057,CSC1N=C(N=C(N=1)C(Cl)(Cl)Cl)C(Cl)(Cl)Cl,"4,42"
4 058,FC(F)(F)C1NC2C=CC(Cl)=C(Cl)C=2N=1,"3,49"
4 059,C/C(/O)=N/C(CC)C(=O)OC,"-0,17"
4 060,CC(=O)NC(C)C(=O)OC,"-0,57"
4 061,CC(C)C(=O)NN,"-0,63"
4 062,CC1=CC=C(C=C1)C(=O)NN,"0,72"
4 063,CC1=CC(=O)SS1,"1,26"
4 064,CC1=CSSC1=O,"1,33"
4 065,CCC1(C2CC3CC(CC3)C=2)C(O)=NC(=O)N=C1O,"2,53"
4 066,O=C(CC1C=CC=CC=1)N1CCCCC1,"2,44"
4 067,CC(=O)C1CCC2C3CC(C)C4=CC(=O)CCC4(C)C3C(=O)CC21C,"2,75"
4 068,CC(=O)NC1=CC=C(CCCC)C=C1,"3,30"
4 069,CC(=O)NC1C=CC(CCCC)=CC=1[N+]([O-])=O,"3,10"
4 070,CC(=O)NC1C=CC(CC)=CC=1,"2,20"
4 071,FC(F)(F)C1NC2C=C(Br)C=CC=2N=1,"3,57"
4 072,OC1=CC=CC=C1C(=O)NC1C=CC(Cl)=CC=1,"4,50"
4 073,OC1C=CC(Br)=CC=1C(=O)NC1C=CC(Cl)=CC=1,"5,02"
4 074,CCCCCCCCCCCC(=O)OCCC,"6,11"
4 075,NC(=O)C(=CC1=CC=C(O1)[N+]([O-])=O)C1=CC=CO1,"0,15"
4 076,CCOC1=CC=CC=C1C(=O)N(CC)CC,"2,50"
4 077,CCOP(=S)(OP(=S)(OCC)OCC)OCC,"3,99"
4 078,CN(C)CC(C)CN1C2C=CC=CC=2S(=O)(=O)C2C=CC=CC1=2,"2,51"
4 079,CN(C)C(C)/C(/O)=N/C1C(=O)N(C2C=CC=CC=2)N(C)C=1C,"-0,05"
4 080,CCN(CCNC(=O)C1C=CC=CC=1)CC,"1,99"
4 081,NC1C(=CC=CC=1N)[N+]([O-])=O,"1,27"
4 082,COC(=O)C(=CC1=CC=CO1)C#N,"1,65"
4 083,NS(=O)(=O)C1C=C(C=CC=1)S(N)(=O)=O,"-0,55"
4 084,CC1CC2=CC(=O)CCC2C2CCC3(C)C(CCC3(C)O)C12,"3,19"
4 085,CN(C)C1C=NN(C(=O)C=1Cl)C1C=CC=CC=1,"1,55"
4 086,CCN(O)CC,"-0,17"
4 087,N#CC(C#N)N=NC1=CC=CC(Cl)=C1Cl,"3,85"
4 088,N#CC(C#N)N=NC1C=CC(=CC=1)[N+]([O-])=O,"2,37"
4 089,NC(=O)CC1C=CC=NC=1,"-0,71"
4 090,CC=CC(O)=O,"0,72"
4 091,NCC1=CC=CC=N1,"-0,21"
4 092,NCC1=CN=CC=C1,"-0,32"
4 093,NCC1C=CN=CC=1,"-0,38"
4 094,ClC1(Cl)C2(Cl)C3C=CCC3C1(Cl)C(Cl)=C2Cl,"5,51"
4 095,ClC1(Cl)C2(Cl)C3C(C(Cl)C(Cl)C3Cl)C1(Cl)C(Cl)=C2Cl,"6,20"
4 096,CCOP(=S)(OC1C=CC(N)=CC=1)OCC,"2,60"
4 097,CN(C1C=CC(=CC=1)OC(=O)C1=CC=CO1)C(=O)C(Cl)Cl,"2,24"
4 098,CC(C)N(CCC(C(N)=O)(C1=CC=CC=N1)C1C=CC=CC=1)C(C)C,"2,58"
4 099,OC(=O)C1=CC(=CC=C1)OC1C=CC=CC=1,"3,91"
4 100,CCOC1N=CC=CN=1,"0,74"
4 101,ClC1C=C(Cl)N=C(N=1)C1C=CC=CC=1,"4,17"
4 102,[O-][N+]1C=CC(=C2C=C(Cl)C=CC=12)[N+]([O-])=O,"1,41"
4 103,[O-][N+](=O)C1=CC=NC2=CC=CC=C12,"2,06"
4 104,CC1=CC(O)=C(C=C1)NC(=O)C1C=CC=CC=1,"3,08"
4 105,CC1C=C(C=CN=1)C(=O)NN,"-0,37"
4 106,O=C1OCC(=O)N1C1C=CC=CC=1,"0,93"
4 107,O=CN1CCCC1,"-0,32"
4 108,COC1C=C(N)C=CC=1C(=O)NCCN(CC)CC,"1,40"
4 109,CC(C#C)N(C)C(=O)NC1C=CC(Cl)=CC=1,"3,00"
4 110,CCC(C)C1=CC=CC=C1OC(=O)NC,"2,78"
4 111,CC1=CC(=CC=C1C(C)C)O/C(/O)=N/C,"3,11"
4 112,CC1C=C(C=CC=1N=NC1C=CC(=CC=1Cl)[N+]([O-])=O)N(CCO)CCO,"4,30"
4 113,CCOC(=O)C1=CC2=CC=CC=C2N1,"3,22"
4 114,OC1C=C(C=C2C=CC=CC=12)S(O)(=O)=O,"-0,18"
4 115,CC1N=C(C=C(NS(=O)(=O)C2=CC=C(N)C=C2)N=1)OC,"0,61"
4 116,NC1=NN=CO1,"-1,44"
4 117,CCC1=NN=C(N)O1,"-0,30"
4 118,O=P1(NCCCl)OCCCN1CCCl,"0,86"
4 119,N#CC(C#N)N=NC1C(Cl)=CC=CC=1Cl,"4,51"
4 120,CC12CCC(CC1CCC1C2CCC2(C)C(CCC21O)C1COC(=O)C1)OC1CC(O)C(OC2CC(O)C(OC3CC(O)C(O)C(C)O3)C(C)O2)C(C)O1,"2,90"
4 121,CC1CC2C3CCC(OC(C)=O)(C(C)=O)C3(C)CC(O)C2(F)C2(C)C=CC(=O)C=C21,"1,50"
4 122,COP1(=S)OCC2=CC=CC=C2O1,"2,67"
4 123,OC(=O)CN1C2=C(Cl)C=CC=C2SC1=O,"1,32"
4 124,CC(C)N(CC=C)C(C)=O,"1,14"
4 125,CN(C)CCCNC(=O)C=C,"0,00"
4 126,CC1C=CN=C2C(O)=CC=CC2=1,"2,41"
4 127,ON=CC1C=CC(Cl)=CC=1,"2,67"
4 128,CC(C)COC(=O)C1C=C(O)C(O)=C(O)C=1,"2,46"
4 129,NC1C=CC(=CC=1)C(N)=N,"-0,37"
4 130,CCCC(=O)OC1C(Br)=CC(=CC=1Br)C#N,"3,94"
4 131,C1=CC=C(O1)C1NC2=CC=CC=C2N=1,"2,67"
4 132,CC(=O)OCC(OC(C)=O)C(OC(C)=O)C(OC(C)=O)C(C=O)OC(C)=O,"0,63"
4 133,OC1CN=C(C2=CC=CC=C2N=1)C1=CC=C(C=C1)C(F)(F)F,"3,34"
4 134,CC(=O)NC1C(F)=CC=CC=1F,"0,69"
4 135,CN1C(=O)CN=C(C2=CC=CC=C2F)C2C=C(Cl)C=CC1=2,"2,75"
4 136,[O-][N+]1=CC=CC=C1SCC1C=CC=CC=1,"1,24"
4 137,CC(C)C(NC(=O)C(N)C(C)C)C(O)=O,"-2,82"
4 138,COC1CC(OC(C)C1O)OC1C(C)C(=O)OC(C)C(C)C(O)C(C)C(=O)C2(CO2)CC(C)C(OC2OC(C)CC(C2O)N(C)C)C1C,"1,69"
4 139,CN(C)CCCN1C2C=C(Cl)C=CC=2SC2C=CC(O)=CC1=2,"4,63"
4 140,CC(C)NCC(O)C1C=CC(=CC=1)NS(C)(=O)=O,"0,24"
4 141,NC(=O)C1=CC=CC=C1I,"0,93"
4 142,CC(C)OC1=CC(=CC=C1)OC(=O)NC,"1,96"
4 143,COC1=CC=CC=C1O/C(/O)=N/C,"0,81"
4 144,COC1=CC(=CC=C1)OC(=O)NC,"1,30"
4 145,COC1=CC=C(C=C1)OC(=O)NC,"1,20"
4 146,CNC(=O)OC1C=CC(=CC=1)SC,"1,92"
4 147,CNC(=O)OC1=CC=CC=C1Cl,"1,64"
4 148,CC1C=CC(C(C)C)=C(C=1)OC(=O)NC,"2,84"
4 149,NC(=O)C1C=CC(I)=CC=1,"1,99"
4 150,COC1=CC(N=NC2=C(Br)C=C(C=C2[N+]([O-])=O)[N+]([O-])=O)=C(C=C1N(CCOC(C)=O)CCOC(C)=O)NC(C)=O,"4,80"
4 151,CC(=O)OC1C=CC(=CC=1)NC(=O)C(Cl)Cl,"1,90"
4 152,OC1C=CC(=CC=1Cl)C(O)=O,"2,41"
4 153,CN1CCC(CC1)=C1C2N=CC=CC=2CCC2=CC=CC=C21,"3,59"
4 154,CC1=CC(O/C(/O)=N/C)=C(C)C=C1,"2,03"
4 155,CCCCOC1C=CC=C(C=1)OC(=O)NC,"2,96"
4 156,CCCCOC1C=CC(=CC=1)O/C(/O)=N/C,"2,86"
4 157,O=C(C=CC1=CC=CO1)C1=CC=CO1,"2,34"
4 158,CC(C)C(N)/C(/O)=N/C(CC(C)C)C(O)=O,"-2,07"
4 159,CCOC(=O)C(C#N)N=NC1C=CC=CC=1Cl,"3,38"
4 160,NC(=O)C1=CC=CC=C1Br,"0,77"
4 161,NC1=NN=CS1,"-0,57"
4 162,[O-][N+](=O)C1=CC=C(O)C2N=CC=CC1=2,"1,99"
4 163,CCOCC1CO1,"0,36"
4 164,CC1(C)N=C(N)N=C(N)N1C1C=CC=CC=1,"0,28"
4 165,CCC1=CC(=CC=C1)O/C(/O)=N/C,"2,20"
4 166,CS(=O)(=O)C1C=CC(=CC=1)C(O)=O,"0,67"
4 167,OC1C2CC3C(C13)C2O,"-0,42"
4 168,O=C(C=CC(=O)C1C=CC=CC=1)C1C=CC=CC=1,"3,16"
4 169,CCOC(=O)C(=O)C1=CC=CS1,"1,77"
4 170,OC1C=CC(=CC=1)C(C1C=CC=CC=1)C1C=CC(O)=CC=1,"4,30"
4 171,CNC(=O)OC1=CC2=CC=CC=C2C=C1,"2,56"
4 172,C/N=C(\\O)/OC1C=CC(=CC=1)C(C)C,"2,57"
4 173,C/N=C(\\O)/OC1C=C(Cl)C=CC=1,"2,03"
4 174,COC1=CC(N)=C(Br)C=C1C(=O)NCCN(CC)CC,"2,83"
4 175,COC1C=C(N)C(=CC=1/C(/O)=N/CCN(CC)CC)[N+]([O-])=O,"2,11"
4 176,CC1C=CC(=CC=1)S(=O)(=O)C1C=CC(N)=CC=1,"2,40"
4 177,C1CCCCN1C1C=CC=CC=1,"2,98"
4 178,C1CCCN1C1C=CC=CC=1,"3,56"
4 179,NC1=NC=NC2=C1N=CN2C1CCC(CO)O1,"-0,25"
4 180,CN(C(N)=S)C1C=CC=CC=1,"0,85"
4 181,CC(=O)OC1C(OC(C)=O)C(COC(C)=O)OC1N1C=CC(=O)NC1=O,"-0,36"
4 182,O=C(NP(=O)(N1CC1)N1CC1)C1C=CC=CC=1,"0,81"
4 183,ICCCC1C=CC=CC=1,"3,90"
4 184,COC1OC(=O)C2=CC=CC=C21,"1,00"
4 185,OC1C=CC(=CC=1)C1=CC(=O)C2=CC=CC=C2O1,"3,20"
4 186,OC(=O)CN1N=NC2=CC=CC=C12,"-1,88"
4 187,OC(=O)CN1N=C2C=CC=CC2=N1,"-1,64"
4 188,CCSC1N=C(NC(C)C)N=C(NC(C)C)N=1,"3,81"
4 189,CC(=O)NC1=CC(=C(O)C=C1)C(C)(C)C,"2,36"
4 190,CC1C=CC(NC2NCCN=2)=C(Cl)C=1,"1,80"
4 191,CC1C=CC=C(Cl)C=1NC1NCCN=1,"1,71"
4 192,CC1C=C(Cl)C=CC=1NC1NCCN=1,"1,80"
4 193,CC1=CC(Cl)=C(NC2NCCN=2)C(Cl)=C1,"1,92"
4 194,CC1=CC(Cl)=CC(Cl)=C1NC1NCCN=1,"2,38"
4 195,CC1C=C(Cl)C(NC2NCCN=2)=C(C)C=1,"2,10"
4 196,CC1C=C(Cl)C=C(C)C=1NC1NCCN=1,"2,50"
4 197,CC1C=C(C)C=C(C)C=1NC1NCCN=1,"2,32"
4 198,CC(=O)CP(=O)(OC)OC,"-0,86"
4 199,CN1C(=NC=C1[N+]([O-])=O)C1C=CC(F)=CC=1,"1,83"
4 200,ClC1C=CC=C(Cl)C=1NC1NCCN=1,"1,59"
4 201,BrC1C=CC=C(Br)C=1NC1NCCN=1,"1,96"
4 202,OC1=C(C=C(Cl)C=C1Cl)C(=O)NC1C=CC=CC=1,"4,01"
4 203,NC1=CC=C(C=N1)[N+]([O-])=O,"0,65"
4 204,CN1C(=O)NC(C2C=CC=CC=2)(C2C=CC=CC=2)C1=O,"2,28"
4 205,FC(F)(F)C1NC2C=C(Cl)C=C(Cl)C=2N=1,"3,49"
4 206,FC(F)(F)C1NC2C(N=1)=C(Cl)C=CC=2Cl,"2,87"
4 207,CC(C)(C(O)=O)N1N=NC2=CC=CC=C12,"-0,20"
4 208,CC1C2NC3=CC=CC=C3C=2C=C2C=NC=CC2=1,"4,06"
4 209,C(C1C=CC=CC=1)N1C=NC=C1,"1,60"
4 210,CCC1(C(C)CC(C)O)C(O)=NC(=O)N=C1O,"0,35"
4 211,CC(C)(C)OC(N)=O,"0,48"
4 212,CCCCCCCOC(=N)O,"2,36"
4 213,CCN(CC(O)C1C=CC=CC=1)CC,"2,02"
4 214,NC1N=CN=C2C=1N=CN2CC1C=CC=CC=1,"1,70"
4 215,CC1=CC2=CC=CC=C2O1,"3,22"
4 216,NS(=O)(=O)C1=CC2=C(C=C1Cl)NC(NS2(=O)=O)C(Cl)(Cl)Cl,"0,82"
4 217,NC(CC1C=CC=CC=1)CC1C=CC=CC=1,"3,35"
4 218,CCCCCCCI,"4,70"
4 219,CS(=O)(=O)NC1C=CC(Cl)=CC=1,"1,85"
4 220,CC(=O)OC(COC1=CC=CC2=CC=CC=C21)CNC(C)C,"4,34"
4 221,NC1=NC(Cl)=NC2=C1N=CN2C1CC(O)C(CO)O1,"0,02"
4 222,CC#CC#CC#CC1C=CC=CC=1,"4,91"
4 223,OCC1OC(OCC2C=CC=CC=2)C(O)C(O)C1O,"-0,70"
4 224,CCNC(=O)C1C=CC=NC=1,"0,31"
4 225,[O-][N+](=O)C1=C(Cl)N=CN=C1Cl,"2,29"
4 226,CCC1=CSSC1=O,"1,90"
4 227,CN1CCCNCC1,"-0,40"
4 228,CC(=O)C(=CC1C=CC=CC=1)C(C)=O,"1,59"
4 229,CN(C)N=NC1N=CNC=1C(N)=O,"-0,24"
4 230,OCCCCCC1C=CN=CC=1,"1,39"
4 231,C[Se]C1C=CC=CC=1,"2,87"
4 232,CC(=O)C1(OC(=O)CC)C(C)CC2C3CCC4=CC(=O)C=CC4(C)C3(F)C(O)CC12C,"3,09"
4 233,CC(=O)C1(OC(=O)CC)C(C)CC2C3CCC4=CC(=O)C=CC4(C)C3(F)C(=O)CC12C,"3,09"
4 234,O=S(=O)(OC1C=CC=CC=1)C1C=CC=CC=1,"3,06"
4 235,CN1C2C3CC4C(CC)C(O)N3C3CC2(C(O)C43)C2C=CC=CC1=2,"1,81"
4 236,COCC(C1C(=O)C2=CC=CC=C2OC1=O)C1C(=O)C2=CC=CC=C2OC1=O,"1,38"
4 237,C(C1C=CC=CC=1)N1C=CN=N1,"1,27"
4 238,NS(=O)(=O)C1C=CC(=CC=1)C1C=CC=CC=1,"2,24"
4 239,COC(=O)C1C=CC=CC=1C(O)=O,"1,13"
4 240,CC1C=CC(O)=C(CO)C=1,"0,97"
4 241,CCC1(CCC(C)C)C(=O)NC(=S)NC1=O,"2,98"
4 242,OC(=O)C1=CC=CN=C1NC1C=C(C=CC=1)C(F)(F)F,"4,43"
4 243,CC(C)C(=O)NC1C=CC=CC=1,"1,95"
4 244,CC1C(=O)C2=CC=CC(CC=C)=C2OC=1C1C=CC=CC=1,"4,67"
4 245,OCC1=COC=C1,"0,30"
4 246,CC(=O)NC(CO)C(O)C1=CC=C(C=C1)[N+]([O-])=O,"-0,03"
4 247,O=C1C2=CC=CC=C2N=C2CCCCCN21,"2,00"
4 248,N#CC1C=NC(=O)NC1=O,"-0,93"
4 249,CCC(C)N=C=S,"2,81"
4 250,CS(=O)(=O)NC1C=CC(=CC=1)S(N)(=O)=O,"-0,40"
4 251,CC(C)COCCO,"0,75"
4 252,CCCOC(=O)C1=CC(O)=NC(O)=N1,"1,10"
4 253,NC(=O)CC1=CC=CS1,"0,33"
4 254,COC1C=CC(=CC=1)OC(=O)C1C=CC(N)=CC=1O,"3,07"
4 255,CCCCCC(=O)NC1C2SC(C)(C)C(C(O)=O)N2C1=O,"2,37"
4 256,CN(C)CCN1C(=O)C2C=CC=CC=2N(C)C2C=CC=CC1=2,"2,50"
4 257,N#CC1=CC=CN1,"1,13"
4 258,NC1=NC(=NC(N)=N1)C1C=CC(Cl)=CC=1,"2,33"
4 259,NC1=NC(=NC(N)=N1)C1=CC(Cl)=CC=C1,"2,33"
4 260,COC1=CC=C(CCCC(O)=O)C=C1,"2,33"
4 261,CC(=O)OC1=CC=CC=C1Cl,"2,18"
4 262,CN1C=NC(=C1N)[N+]([O-])=O,"-1,00"
4 263,CCCCCCCC(CCCCC)C1C=CC=CC=1,"8,56"
4 264,CCCCC(CCCCCCCC)C1C=CC=CC=1,"8,56"
4 265,CCCCCCCCCC(CCC)C1C=CC=CC=1,"8,62"
4 266,CCCCCCCCCCC(CC)C1C=CC=CC=1,"8,65"
4 267,CCCCCCCCCCCC(C)C1C=CC=CC=1,"8,77"
4 268,CCCCCC(CCCCCCCC)C1C=CC=CC=1,"9,16"
4 269,CCCCC(CCCCCCCCC)C1C=CC=CC=1,"9,16"
4 270,CCCCCCCCCCC(CCC)C1C=CC=CC=1,"9,25"
4 271,CCCCCCCCCCCC(CC)C1C=CC=CC=1,"9,29"
4 272,CCCCCCCCCCCCC(C)C1C=CC=CC=1,"9,29"
4 273,CCCCCCCC(CCC)C1C=CC=CC=1,"7,59"
4 274,CCCCCCCCC(CC)C1C=CC=CC=1,"7,53"
4 275,CCCCCCCCCC(C)C1C=CC=CC=1,"7,63"
4 276,CCCCCC(CCCC)C1C=CC=CC=1,"6,90"
4 277,CCCC(CCCCCC)C1C=CC=CC=1,"7,00"
4 278,CCCCCCCCC(C)C1C=CC=CC=1,"7,06"
4 279,CCCCCC(CCCCC)C1C=CC=CC=1,"7,45"
4 280,CCCCC(CCCCCC)C1C=CC=CC=1,"7,45"
4 281,NC(=S)C1N=CC=CN=1,"-0,34"
4 282,OCC1OC(C(O)C1O)N1C=NC2C(NC(=O)C3C=CC=CC=3)=NC=NC1=2,"-0,10"
4 283,NC1=NC(N)=NC2=C1N=CN2C1CC(O)C(CO)O1,"-0,52"
4 284,OC1CC(OC1CO)N1C=NC2=C(NC(=O)C3=CC=CC=C3)N=CN=C12,"0,22"
4 285,[O-][N+](=O)C1=CN=C(C2C=CC(F)=CC=2)N1CCO,"1,33"
4 286,CCCCN(CC)N=O,"1,63"
4 287,NC(=O)C1=CC=CN1,"0,09"
4 288,CC1C(=CC(=CC=1[N+]([O-])=O)C(N)=O)[N+]([O-])=O,"0,68"
4 289,CN(C(=N)O)C1C=CC=CC=1,"0,42"
4 290,O=C1CC=NC=N1,"-1,38"
4 291,CC12CCC(CC1CCC1C2CCC2(C)C(C(O)CC21O)C1COC(=O)C=1)OC1CC(O)C(OC2CC(O)C(OC3CC(O)C(O)C(C)O3)C(C)O2)C(C)O1,"1,67"
4 292,NS(=O)(=O)CC1C=CC=CC=1,"0,13"
4 293,CC(=O)OC1CC(=O)OC(C)CC2OC2C=CC(=O)C(C)CC(CC=O)C(OC2OC(C)C(OC3CC(C)(O)C(OC(=O)CC(C)C)C(C)O3)C(C2O)N(C)C)C1OC,"3,04"
4 294,CCCCCOC(=O)C1C=C(O)C(O)=C(O)C=1,"2,67"
4 295,NC1=NC2=CC=CC=C2O1,"1,53"
4 296,NC1=NC=CO1,"-0,18"
4 297,CCN(CC)N=NC1N=CN=C1C(N)=O,"0,78"
4 298,BrC1C=NC=NC=1,"0,72"
4 299,BrC1N=CC=CN=1,"0,50"
4 300,CNC1=CC=CC=N1,"1,12"
4 301,CCC1C=C(C=CN=1)C(O)N=N,"0,12"
4 302,COC1C=CC(=CC=1)C(=O)CCCC(O)=O,"1,63"
4 303,CC(C)(C)NCCO,"0,41"
4 304,CCCCCCCC(CC)C1C=CC=CC=1,"7,00"
4 305,NC(=S)C1C=NC=CC=1,"0,67"
4 306,[O-][N+]1=CC=C(NO)C2C=CC=CC1=2,"0,00"
4 307,[O-][N+]1=CC=C(Cl)C2=CC=CC=C12,"1,08"
4 308,OC1C=CC(Cl)=CC=1C(=O)NC1C=CC=CC=1,"4,05"
4 309,CN(C)CCC(C1C=CC=CC=1)C1C=CC=CC=1,"4,31"
4 310,CCCCC1C=CC(=CC=1)N1C(N)=NC(N)=NC1(C)C,"2,66"
4 311,CC(=C)C(=O)OC(C)C,"2,25"
4 312,CSC1N=C(N=[N+]=[N-])N=C(NC(C)C)N=1,"3,00"
4 313,O=C(CN1CCCCC1)NC1C=CC=CC=1,"2,71"
4 314,CC1(C)C(O)CC2C1(O)C(O)CC13CC(C)(O)C(CCC1C2(C)O)C3O,"0,27"
4 315,OC(=O)C1C=CC=C(Cl)N=1,"1,50"
4 316,CC1(C)SC2C(NC(=O)C(C3C=CC=CC=3)C(O)=O)C(=O)N2C1C(O)=O,"1,13"
4 317,CC1N=C(C2C=C(Cl)C=CC=2NC1=O)C1C=CC=CC=1,"2,08"
4 318,ClC1=CC=CC=C1NC1NCCN=1,"1,60"
4 319,CCC1=CC=CC(CC)=C1NC1NCCN=1,"2,48"
4 320,OC1C(CO)OC(OC2C=CC(Cl)=CC=2)C(O)C1O,"0,26"
4 321,CC1(C)SC2C(/N=C(\\O)/C(O)C3C=CC=CC=3)C(=O)N2C1C(O)=O,"1,40"
4 322,CC(N)CC1C=C2OCOC2=CC=1,"1,64"
4 323,CCC1(CC)OC(=O)C2=CC=CC=C12,"2,69"
4 324,ClC1C=NC=C(Cl)N=1,"1,53"
4 325,COC1=CN=CC(=N1)OC,"1,58"
4 326,C1CN(CCN1)C1=CC=C2C=CC=CC2=N1,"2,04"
4 327,CC1(C)SC2C(NC(=O)C(C)(C)OC3C=CC=CC=3)C(=O)N2C1C(O)=O,"2,76"
4 328,OCC1=CC=CC2=CC=CC=C21,"2,37"
4 329,C1=CC=CC=C1OC1=CC=CC=N1,"2,39"
4 330,CCOC(=O)C1=CC(=C(Cl)C=C1NCC1=CC=CO1)S(N)(=O)=O,"2,67"
4 331,CC1C=CC(NC2NCCN=2)=C(C)C=1,"1,79"
4 332,OP(=O)(OC1C=CC(Cl)=CC=1)OC1C=CC(Cl)=CC=1,"2,64"
4 333,O=C(OC1C2C=CC1C=C2)C1C=CC=CC=1,"3,03"
4 334,CC1=CC(=CC=C1SC)OP(=O)(OCC)OCC,"3,28"
4 335,CC(C)OC1C=CC=CC=1O,"2,09"
4 336,CCOP(=S)(OC1C=C(Cl)C(Br)=CC=1Cl)OCC,"6,15"
4 337,OC(=O)CCC1NS(=O)(=O)C2=CC=CC=C2N=1,"-0,18"
4 338,CC1C=C(C2=CC=CC=C2[N+]=1[O-])[N+]([O-])=O,"1,25"
4 339,O=C1CC2CCCCC2CC1,"1,97"
4 340,OC1CC(OC1CO)N1C=CC(NC(=O)C2=CC=CC=C2)=NC1=O,"0,67"
4 341,CC1C(=CC=CC=1[N+]([O-])=O)OC,"2,68"
4 342,CCCCCCN1CCCC1=O,"2,60"
4 343,CN(C)/C(/O)=N/C1=CC(O)=CC=C1,"0,51"
4 344,CC1=CC(=NO1)C(O)=O,"0,68"
4 345,CC1C=CC=C(C)C=1NC1NCCN=1,"1,45"
4 346,OC1=NC(=O)N(CC2C=CC=CC=2)C=C1F,"0,89"
4 347,COC(=O)CSC1C=CC(=CC=1[N+]([O-])=O)[N+]([O-])=O,"2,05"
4 348,O=C1CC(C2=CC=CC=C2N1)C1C=CC=CC=1,"2,79"
4 349,COC1=CC(CC2C=NC(=N)NC2=N)=C(Br)C=C1OCCC,"2,84"
4 350,O=C1CCC(CC1)C1C=CC=CC=1,"2,30"
4 351,CN1C=NC(=C1Cl)[N+]([O-])=O,"1,06"
4 352,CN1C=NC(Cl)=C1[N+]([O-])=O,"0,69"
4 353,OC1C=C(Cl)C(Cl)=C(Cl)C=1Cl,"4,21"
4 354,C1CC=CCCC=CCCC=C1,"5,50"
4 355,CCC(C)C1C=CC(=CC=1)OCC(O)=O,"3,12"
4 356,CCOC1C=CC(CC(O)=O)=CC=1,"1,95"
4 357,CC1C=CC=C(O)C=1[N+]([O-])=O,"2,29"
4 358,COC1C(Cl)=CC(F)=CC=1C(=O)NCCN(CC)CC,"3,18"
4 359,NC1=CC2C(=NCC(=O)NC=2C=C1)C1C=CC=CC=1,"1,00"
4 360,O=C(NC1C=CC=CC=1)OC1C=CC=CC=1,"3,30"
4 361,CCCNC(=O)NS(=O)(=O)C1C=CC=CC=1,"1,44"
4 362,CCC1OC=CC(=O)C1=O,"0,63"
4 363,OC(=O)C1=CC(=O)C2C=CC=CC=2O1,"1,63"
4 364,CC1C=C(C=C2C=1N=C(O)CN=C2C1C=CC=CC=1)[N+]([O-])=O,"2,44"
4 365,FC1=CN=CC=N1,"0,29"
4 366,CN1C(=O)CN=C(C2C=C(N)C=CC1=2)C1C=CC=CC=1,"1,46"
4 367,COC1=CC2N=CC=CC=2C=C1,"2,37"
4 368,[O-][N+](=O)C1=CC2C=CSC=2C=C1,"2,92"
4 369,ON=C1C=CC(=O)C2=CC=CC=C12,"2,27"
4 370,BrC1=CC2N=CC=CC=2C=C1,"2,92"
4 371,CC1=NON=C1C,"0,71"
4 372,C1CCCCC1N(SC1=NC2C=CC=CC=2S1)C1CCCCC1,"4,80"
4 373,[O-][N+](=O)C1C=CC=CC=1C1=NCC(O)=NC2C=CC(=CC1=2)[N+]([O-])=O,"1,61"
4 374,C=CC(=O)OCC(COC(=O)C=C)(COC(=O)C=C)COC(=O)C=C,"2,11"
4 375,OCC1OC(C(O)C1O)N1C=NC2=C(S)N=CN=C12,"-0,60"
4 376,CN1C(CN=NC(=N)S)=NC=C1[N+]([O-])=O,"0,65"
4 377,CNCC(O)C1C=C(OC)C(O)=CC=1,"-0,64"
4 378,CC(=O)NC1C=CC(=CC=1)OC(=O)C1=CC=CC=C1OC(C)=O,"2,15"
4 379,O=C1N=NC(C2=CC=CC=C21)C1C=CC=CC=1,"2,48"
4 380,[O-][N+](=O)C1=NC=CN1CCO,"-0,47"
4 381,CC(C)CNC(=O)NC1C=CC(Cl)=C(Cl)C=1,"4,48"
4 382,COC1=NC=NC(NS(=O)(=O)C2C=CC(N)=CC=2)=C1OC(C)C,"1,03"
4 383,COC1C(=NC=NC=1NS(=O)(=O)C1C=CC(N)=CC=1)OCC,"1,18"
4 384,C1=NC2=CC=CC=C2N=C1C1C=CC=CC=1,"3,48"
4 385,CN1CC=C(CC1)C1C=CC(Cl)=CC=1,"3,32"
4 386,NC1C=NC=CN=1,"-0,07"
4 387,CC1N=CC=CN=1,"-0,05"
4 388,CC(C)NCC(O)C1=CC=C(C=C1)[N+]([O-])=O,"1,28"
4 389,CC1CCC(=O)N1C,"-0,07"
4 390,N=NC1C(C(=O)C2C=CC=CC=21)C(=O)C(C1C=CC=CC=1)C1C=CC=CC=1,"3,62"
4 391,CC(C(O)=O)C1C=C(F)C(=CC=1)C1C=CC=CC=1,"4,16"
4 392,CC1NS(=O)(=O)C2=CC(Cl)=CC(Br)=C2N=1,"1,65"
4 393,CCN(CC)C1=CC(=CC=C1)S(O)(=O)=O,"-1,60"
4 394,[O-][N+](=O)C1=CC(=CC=C1NC1C=CC=CC=1)S(=O)(=O)NC1C=CC=CC=1,"4,60"
4 395,CCOP(=S)(OCC)N1C(=O)C2C=CC=CC=2C1=O,"3,48"
4 396,NC1=CC(N)=C(Cl)C=C1,"0,85"
4 397,NC1=CN=NC2=CC=CC=C21,"1,04"
4 398,C=CCCBr,"2,53"
4 399,NC(=O)C1C=NC2=CC=CC=C2N=1,"0,98"
4 400,CNS(=O)(=O)C1C=CC=CC=1,"0,92"
4 401,NC1C=C2C=CNC2=CC=1,"0,70"
4 402,CC=CC=CC,"2,80"
4 403,COC(=O)C1C=C(Cl)C=CC=1N,"3,30"
4 404,[O-][N+](=O)C1=CN=C(N1)[N+]([O-])=O,"0,20"
4 405,CN1C=C(N=C1[N+]([O-])=O)[N+]([O-])=O,"-0,17"
4 406,CSC1=NC(=NC2N=C(CC(=O)C=21)C1C=CC=CC=1)C1C=CC=CC=1,"0,93"
4 407,O=C(CC1C=CC=CC=1)NC1=CC=CC=C1F,"2,62"
4 408,O=C(CC1C=CC=CC=1)NC1C=CC=C(F)C=1,"3,10"
4 409,O=C(CC1C=CC=CC=1)NC1C=CC(F)=CC=1,"2,86"
4 410,CC(=O)NC1C=CN=CC=1,"0,50"
4 411,CC(=O)NC1=CC=CC=N1,"0,61"
4 412,CC(=O)C1=CC=CC=C1NC(C)=O,"1,50"
4 413,CC1OCCSC=1C(=O)NC1C=CC=CC=1,"2,14"
4 414,OCC1CC2CC1CC2,"1,99"
4 415,CC1ON=C(C=1C(=O)NC1C2SC(C)(C)C(C(O)=O)N2C1=O)C1=C(F)C=CC=C1Cl,"2,58"
4 416,OC(=O)CONC(=O)C1C=CC=CC=1,"-0,27"
4 417,COC(=O)CNC(=O)C1C=CC(N)=CC=1,"-0,23"
4 418,CC1OCCS(=O)(=O)C=1C(=O)NC1C=CC=CC=1,"0,76"
4 419,COC1C=C2C=CC=NC2=CC=1,"2,20"
4 420,OCCCCC1C=CN=CC=1,"0,90"
4 421,COC1=CC(=NC=N1)OC,"0,96"
4 422,OCC1OC(OC2CCCCC2)C(O)C(O)C1O,"-0,63"
4 423,N#CSC1C=CC=CC=1,"2,54"
4 424,O=C1CCCN1CC1C=CC=CC=1,"1,25"
4 425,CCOC(=O)C(=CC1C=CC=CC=1)C(=O)OCC,"3,13"
4 426,C=CCSC1C=CC=CC=1,"3,51"
4 427,CC12CCC(CC1CCC1C2CC(O)C2(C)C(CCC21O)C1COC(=O)C1)OC1CC(O)C(OC2CC(O)C(OC3CC(O)C(O)C(C)O3)C(C)O2)C(C)O1,"1,36"
4 428,O=C1CC(=O)ON1C1C=CC=CC=1,"0,54"
4 429,NC1=CC(=C(N)C=C1)[N+]([O-])=O,"0,53"
4 430,ON1C=NC2=CC=CC=C2C1=O,"-0,45"
4 431,NC1C=CC(I)=CC=1C(O)=O,"2,06"
4 432,CCNC(=O)CBr,"0,34"
4 433,OC1C=CC(Cl)=CC=1CO,"1,44"
4 434,BrC1C=C2C=CC=CC2=NC=1,"3,03"
4 435,BrC1C=C2C=CC=NC2=CC=1,"2,83"
4 436,CC1NN=CC=1[N+]([O-])=O,"1,02"
4 437,CCCCC1C=CN=CC=1,"3,13"
4 438,[O-][N+](=O)C1C=CC(CCBr)=CC=1,"2,90"
4 439,OCCC1C=CN=CC=1,"0,10"
4 440,[O-][N+](=O)C1C=CC=C(Cl)C=1C(O)=O,"1,56"
4 441,COC1C=CC(N)=CC=1Cl,"1,85"
4 442,NC(=S)C1=CC=CC=N1,"1,24"
4 443,NC1=CC(Cl)=C(Cl)C=C1N,"2,00"
4 444,OC(=O)COC1=CC=CC=C1C1C=CC=CC=1,"2,83"
4 445,N=NC(C1C=CC=CC=1)C1C=CC=CC=1,"2,79"
4 446,NC1C=CC(=CC=1)C(=O)NN,"-0,75"
4 447,NNC(=O)C1C=CC(O)=CC=1,"-0,33"
4 448,COC1=CC=C(CC2=CN=C(N)N=C2N)C=C1OC,"0,97"
4 449,CC(=O)OC1C(O)CC(OC1C)OC1C(O)CC(OC1C)OC1C(O)CC(OC2CCC3(C)C4CC(O)C5(C)C(CCC5(O)C4CCC3C2)C2COC(=O)C=2)OC1C,"2,00"
4 450,CC1=CC=CC=C1C1=NCC(=O)N(C)C2C=CC(Cl)=CC=21,"3,03"
4 451,CC1=CC=CC=C1C1=NCC(=O)NC2C=CC(Cl)=CC=21,"3,12"
4 452,COC1C=C(C=CC=1)C1=NCC(O)=NC2C=CC(Cl)=CC1=2,"3,14"
4 453,COC1C=CC2N=C(O)CN=C(C=2C=1)C1C=CC=CC=1,"2,24"
4 454,CC(C)NC1=CC=CC=C1C(=N)O,"2,07"
4 455,CCCCNC1=CC=CC=C1C(N)=O,"2,33"
4 456,C1=NN=NN1C1C=CC=CC=1,"1,09"
4 457,COC(=O)C1=CC=CS1,"1,83"
4 458,NNC(=O)C1=CC2C=CC=NC=2C=C1,"0,35"
4 459,O=C1OC(C2=CC=CC=C21)C1C=CC=CC=1,"2,64"
4 460,[O-][N+](=O)C1C=C2C=NNC2=CC=1,"2,03"
4 461,[O-][N+](=O)C1=CC2CC3C=C(C=CC=3C=2C=C1)[N+]([O-])=O,"3,35"
4 462,CC(=O)OCC1C=CC(Cl)=CC=1,"2,59"
4 463,OC(CN1CCCC1)C1C=CC=CC=1,"1,38"
4 464,CN1C(=O)C2C(=NC(=O)N2C)N(C)C1=O,"-0,37"
4 465,C=CCC1=CC=CC=C1OCC(=O)NN,"2,86"
4 466,CC1C(=O)C2=CC=CC=C2C(=O)C=1OC,"2,14"
4 467,CC(=O)NC1=CC2=CC=CC=C2N=C1,"1,92"
4 468,NC1NC2=CC=C(Cl)C=C2N=1,"1,88"
4 469,N=C(S)N=NCC1=CC=CO1,"1,64"
4 470,NC1C=NC2=CC=CC=C2N=1,"1,50"
4 471,O=C(C1=CN=CC=C1)C1C=CC=CC=1,"1,88"
4 472,CC1=CC=C(C=C1O)[N+]([O-])=O,"2,47"
4 473,CC1=CC=C(C=C1)NC(=O)CN1CCCCC1,"2,96"
4 474,CN(N=O)C1CCCCC1,"1,43"
4 475,CC(=O)C=CC1=CC=C(C=C1)N(C)C,"2,66"
4 476,CCCOC1C=CC(=CC=1)C(O)=O,"3,09"
4 477,CCOC(=O)C1=CC=C(C=C1)S(N)(=O)=O,"1,17"
4 478,COC1C=CC(=CN=1)[N+]([O-])=O,"1,55"
4 479,CC(=C(C#N)C#N)C1C=CC=CC=1,"2,10"
4 480,CC1C=CC=C(C=1)C(=O)N(C(C)C)C(C)C,"3,00"
4 481,ClC1=CC2=NC=CN=C2C=C1,"2,10"
4 482,NC(=O)C1C=CC=NN=1,"-0,73"
4 483,NC(=O)CC1=CC=CC=N1,"-0,65"
4 484,CC(=O)OC1C=C(C=CC=1)OC,"1,61"
4 485,NS(=O)(=O)C1=CC=CC=C1[N+]([O-])=O,"0,34"
4 486,N#CC1=CNC2=CC=CC=C21,"2,32"
4 487,CCCNC(=O)C1C=CC(=CC=1)S(N)(=O)=O,"0,51"
4 488,CCNC(=O)CC1C=CC=CC=1,"1,00"
4 489,NC1=NN=NN1C1C=CC=CC=1,"0,69"
4 490,NC1=CC=C(Cl)N=N1,"0,35"
4 491,NC1N=CC=CN=1,"-0,22"
4 492,COC1C=CC(=CC=1)NC=O,"1,03"
4 493,CS(=O)(=O)C1C=CC(N)=CC=1,"-0,12"
4 494,O=CC1C=CC2=CC=CC=C2N=1,"2,14"
4 495,CC1=CC=CC=C1C(O)C1C=CC=CC=1,"3,06"
4 496,CC(=O)OCN1C(=O)C2=CC=CC=C2C1=O,"1,06"
4 497,N#CC1CC1,"0,68"
4 498,CC(CC)C1=CC=CC(C(C)CC)=C1O,"4,36"
4 499,CC(=O)OC1CC(OC(C)C1O)OC1C(O)CC(OC1C)OC1C(O)CC(OC2CCC3(C)C4CC(O)C5(C)C(CCC5(O)C4CCC3C2)C2COC(=O)C=2)OC1C,"1,97"
4 500,CCCCCCCCCCOC1C=CC(=CC=1)C(O)=O,"6,29"
4 501,CC1=CN=CC(N)=N1,"0,35"
4 502,CC1=CN=C(C=N1)C(N)=O,"-0,25"
4 503,CC1=CN=CC(=N1)C(N)=O,"-0,13"
4 504,[O-][N+](=O)C1=CC=C2C=CC3=CC=CC4=CC=C1C2=C43,"5,06"
4 505,OC(=O)C1=CC(=O)C2C=C3CCCCC3=CC=2O1,"3,40"
4 506,CC1C=C(C=CC=1Br)NS(=O)(=O)C1=CC=CC=C1[N+]([O-])=O,"1,03"
4 507,CCCOC(=O)NC1C=CC=CC=1,"2,80"
4 508,CC1C=CC(O)=C2N=CC=CC2=1,"2,37"
4 509,CC(C(O)=O)(C1C=CC=CC=1)C1C=CC=CC=1,"2,69"
4 510,CS(=O)C1=CC2=C(C=C1)N=C(O)CN=C2C1C=CC=CC=1,"0,80"
4 511,CC1C=C2C(N=C(O)CN=C2C2C=CC=CC=2)=C(C)C=1,"2,94"
4 512,CC1=CC2C(=NCC(=O)NC=2C=C1)C1C=CC=CC=1,"2,62"
4 513,CCN1C(=O)CN=C(C2C=C(Cl)C=CC1=2)C1C=CC=CC=1,"3,21"
4 514,OC(=O)CCCCCC1C=CC=CC=1,"3,27"
4 515,[O-][N+]1ON=C(C=1C1C=CC=CC=1)C1C=CC=CC=1,"3,64"
4 516,C=CCSCC1NS(=O)(=O)C2C=C(C(Cl)=CC=2N1)S(N)(=O)=O,"1,17"
4 517,CC1CC2C3CCC4=CC(=O)C=CC4(C)C3(F)C(O)CC2(C)C1(OC(=O)CC)C(=O)COC(=O)CC,"4,07"
4 518,CC1=CN=CC(NC(C)=O)=N1,"0,38"
4 519,COP(=S)(OC1=NC(Cl)=C(Cl)C=C1Cl)OC,"4,31"
4 520,CC1C=CC(=CC=1)NC(=O)OC,"2,29"
4 521,CN(C)C1N=CC=CN=1,"1,07"
4 522,O=NN1CCNCC1,"0,18"
4 523,CNCCC1C=CC=CN=1,"0,68"
4 524,O=C(NC1C=CC=CC=1)N(C1C=CC=CC=1)C1C=CC=CC=1,"3,28"
4 525,OC1=CC=CC=C1C(=O)NC(=O)C1C=CC=CC=1,"1,38"
4 526,C=CCCCCN,"1,33"
4 527,CC1C(=CC=CC=1OC)OC,"2,87"
4 528,CCCCNC(=O)NO,"0,32"
4 529,CN(C)C1C=CC=CN=1,"1,65"
4 530,NCCCCNC(=O)C1C=CC=CC=1,"0,58"
4 531,CCNC(=O)NO,"-0,76"
4 532,CCCNC(=O)NO,"-0,22"
4 533,CC(=O)OC1=CC=CC=C1C#N,"1,33"
4 534,CC(C)(C)C1C=C(O)C=CC=1[N+]([O-])=O,"3,65"
4 535,CN(C)O,"-1,15"
4 536,CC1=NSN=C1C,"1,28"
4 537,CC1=CC2OC=C(CC(=O)NC3=CC4=CC=CC=C4C=C3)C=2C=C1,"0,69"
4 538,COC(=O)C=COC1C=CC=CC=1,"2,68"
4 539,CC(C)NCC(O)COC1=CC=CC=C1OC,"1,69"
4 540,CCOC(=O)C1C=CSC=1,"2,32"
4 541,CC1=CC=NO1,"0,45"
4 542,COC1C=C(C=CC=1)C(=O)NN,"0,40"
4 543,CN1CCN(CC1)C1=NC2=CC(Cl)=CC=C2NC2C=CC=CC=21,"3,23"
4 544,CC1(C)C2CC(CC2)C1=C,"4,22"
4 545,COC1C=C(C=CC=1)C(N)=O,"0,85"
4 546,NC(=O)C1=CC=CS1,"0,52"
4 547,NC(=O)C=CC1=CC2OCOC=2C=C1,"1,40"
4 548,NNC(=O)C1=CC=CC=C1Cl,"0,14"
4 549,NNC(=O)C1C=CC=C(O)C=1,"-0,08"
4 550,C/N=C(\\O)/OC1C=CC(=CC=1)[N+]([O-])=O,"1,47"
4 551,CN(C)C(=O)CC1CCCCC1,"2,19"
4 552,O=C1NC(=O)OC1CC1C=CC=CC=1,"1,20"
4 553,OC1=NC(=O)OC1C1C=CC=CC=1,"1,09"
4 554,CN1C(=O)OC(C2C=CC=CC=2)C1=O,"1,06"
4 555,CC(=O)NC1C=CC=NC=1,"0,41"
4 556,OC(=O)CC1=CC(Br)=C(C=C1)OCC1C=CC=CC=1,"3,51"
4 557,OC1CC2CCC1C2O,"0,40"
4 558,CC1C=CC(Cl)=CC=1NC(C)=O,"1,82"
4 559,CC1=NC(=O)N(C(=O)C1Cl)C(C)(C)C,"1,89"
4 560,CC1N=CC=NC=1C,"0,54"
4 561,CCNC1N=C(Cl)N=C(NC(C)(C)C)N=1,"3,21"
4 562,NNC(=O)C1C=CC(Br)=CC=1,"1,28"
4 563,CC(C)(C)C1=CC=CC=N1,"2,40"
4 564,CC1CC2OC(=O)C(=C)C2C(O)C2(C)C1C=CC2=O,"0,36"
4 565,CC1CC2OC(=O)C(=C)C2CC2(C)C1C=CC2=O,"1,17"
4 566,CC1CC2C(CC=1)C(C)(C)OC1=CC(CCCCC)=CC(O)=C12,"7,41"
4 567,OCC1C=CC(O1)N1C=CC(=O)NC1=O,"-1,07"
4 568,O=C1CCC(N1)C1C=NC=CC=1,"-0,30"
4 569,CC1=CN(C2C=CC(CO)O2)C(=O)NC1=S,"0,09"
4 570,OCC1CCC(O1)N1C=CC(=O)NC1=O,"-1,00"
4 571,NCCCCC1=CN=CC=C1,"0,88"
4 572,CCCC(C)O,"1,19"
4 573,COC1C=CC(=CC=1)OC1OC(CO)C(O)C(O)C1O,"-0,73"
4 574,OCC1OC(OC2=CC3=CC=CC=C3C=C2)C(O)C(O)C1O,"0,76"
4 575,CC(=O)C=CC1=CC=CC=C1O,"2,19"
4 576,COC1C=CC(=CC=1)NC1C=CN=C2C=C(Cl)C=CC2=1,"4,94"
4 577,CCCCC(O)C(O)=O,"0,81"
4 578,CCCCC1OC(=O)C2=CC=CC=C21,"2,80"
4 579,CN(C)C1C=CC(=CC=1)C(N)=O,"1,14"
4 580,C(C1C=CC=CC=1)N1C=NC=N1,"0,92"
4 581,CN1N=CC2=CC=CC=C2C1=O,"0,61"
4 582,COC1=CC=CC=C1OC1OC(CO)C(O)C(O)C1O,"-1,04"
4 583,CC1=CC(=CC=C1)OC1OC(CO)C(O)C(O)C1O,"-0,20"
4 584,COC1C=CN=CN=1,"0,54"
4 585,NCCCNC(=O)C1C=CC=CC=1,"0,30"
4 586,[O-][N+](=O)CCC1C=CC=CC=1,"2,08"
4 587,S=C1SSC2CCCCCC=21,"3,27"
4 588,CC1C(=S)SSC=1CC,"2,95"
4 589,O=C1NC(=O)C2(CCC2)C(=O)N1,"-0,27"
4 590,CN=C(O)ON=CC(C)(C)[N+]([O-])=O,"0,36"
4 591,COC1C=C(Cl)C(Cl)=CC=1Cl,"3,85"
4 592,CC1(C)CCCC(C)(C)N1N=O,"2,49"
4 593,CNC(=O)OC1C=C(C=CC=1)[N+]([O-])=O,"1,39"
4 594,CN1C(=O)NC2N=CNC=2C1=O,"-0,27"
4 595,CC(=O)C1C=C(C=CC=1)C#N,"1,16"
4 596,CC(=O)C1=CC=CC=C1NC(=O)C(Cl)Cl,"2,65"
4 597,CSC1=NC2=CC=CC=C2C=N1,"2,50"
4 598,[O-][N+](=O)C1=CC2C=CNC=2C=C1,"2,53"
4 599,COC1C=C(C=CC=1)C1C(=O)C2=CC=CC=C2C1=O,"2,88"
4 600,COC(=O)C1CC(=O)NC(=O)N=1,"0,63"
4 601,[O-][N+](=O)C1N=C(Br)NC=1Br,"2,82"
4 602,CN(C)C1C=CC(=CC=1)S(N)(=O)=O,"0,76"
4 603,COC(=O)C1=NC=CN=C1C(=O)OC,"-0,02"
4 604,COC(=O)C1C=NC=CN=1,"-0,23"
4 605,CC1=CC(Cl)=CC=C1N=CN(C)C,"2,89"
4 606,N=C(O)NC1=CC(=CC=C1)OCC(O)=O,"0,26"
4 607,CCOC(=O)C(=C(C(=O)OCC)C(=O)OCC)C(=O)OCC,"2,63"
4 608,COC1=CC(C=C[N+]([O-])=O)=CC=C1O,"1,88"
4 609,CC(C)NC1N=C(N)N=C(Cl)N=1,"1,51"
4 610,COC1=CC=CC(=N1)OC,"2,30"
4 611,COC1=CC2NC(N)=NC=2C=C1,"0,57"
4 612,CCOC(=O)NNC1C=CC=CC=1,"1,22"
4 613,[O-][N+](=O)C1=CC=C(C=NO)O1,"0,30"
4 614,OCCNC(=O)C1=CN=CC=C1,"-0,11"
4 615,CCC1(CCC(C)C)C(=O)NC(=O)N(C)C1=O,"2,45"
4 616,O=C1C=NCC=N1,"-1,49"
4 617,[O-][N+](=O)C1C=C(Cl)C=CC=1C(O)=O,"2,08"
4 618,[O-][N+](=O)C1=CC=C(C=CC(O)=O)O1,"0,68"
4 619,OCNC(=O)C1C=CC=CC=1,"0,40"
4 620,NC1=CC(=CC=C1Cl)[N+]([O-])=O,"2,23"
4 621,CC1=CC2NC(N)=NC=2C=C1,"1,11"
4 622,CCCCOC(=O)C(N)CC1C=CC(O)=CC=1,"1,80"
4 623,CC1=CC(=O)C=C(Br)C1=O,"1,21"
4 624,OCCC1=CN=CC=C1,"0,12"
4 625,CCC[N+]1=CC=CC2=CC=CC=C12,"-2,52"
4 626,NC1=CC2=NC=CN=C2C=C1,"0,90"
4 627,CN(C)CCC1=CC=CC=N1,"1,12"
4 628,CCCCCCCC(=O)NN,"1,00"
4 629,NC(=O)C1=CC=C(C=C1)S(N)(=O)=O,"-0,83"
4 630,NC(=O)NC1C=CC(=CC=1)C(O)=O,"0,73"
4 631,CC(=O)NC1=CC=CC=C1SC,"1,53"
4 632,CC(=O)NC1C=CC(=CC=1)OC1C=CC=CC=1,"3,13"
4 633,CC(=O)OC1C=C(C=CC=1)NC(C)=O,"1,03"
4 634,O=C(C1C=CN=CC=1)C1C=CC(Cl)=CC=1,"2,61"
4 635,N#CC1C=CC(=CC=1)NC=O,"1,08"
4 636,OC1=CC=CC=C1OCC(O)=O,"0,85"
4 637,C(C[N+]1C=CC=CC=1)C1C=CC=CC=1,"-2,35"
4 638,NS(=O)(=O)C1C=CC(=CC=1)[N+]([O-])=O,"0,64"
4 639,N=C(O)OCCC1C=CC=CC=1,"1,50"
4 640,CCOC(=O)C(=CC1=CC(=CC=C1)[N+]([O-])=O)C(=O)OCC,"2,71"
4 641,CNS(=O)(=O)C1C=CC(Cl)=CC=1,"1,92"
4 642,CC(C)C1C=CC(=CC=1)S(N)(=O)=O,"1,84"
4 643,CC1C=C(O)C=C(C)C=1NC(C)=O,"0,31"
4 644,CC(=O)NC1=CC(=CC=C1)OCC(O)=O,"0,48"
4 645,CN1C=NC(=C1S(N)(=O)=O)[N+]([O-])=O,"-0,74"
4 646,NC1=CC=CC2=C1CC1=CC=CC=C21,"3,18"
4 647,NC1C=C(C=C(Cl)C=1O)[N+]([O-])=O,"1,53"
4 648,CC(=O)NC(CC1=CC=C(O)C=C1)C(=O)NC,"-0,32"
4 649,NC1=CC=C(C=C1)C1CCCCC1,"3,65"
4 650,O=P(N1CCCC1)(N1CCCC1)N1CCCC1,"1,67"
4 651,OP(O)(=O)CN(CP(O)(O)=O)CP(O)(O)=O,"-3,53"
4 652,[N-]=[N+]=NC1C=CC(=CC=1)C(O)=O,"2,54"
4 653,CC1=CSC(C=CC2=CC=C(O2)[N+]([O-])=O)=N1,"1,53"
4 654,COC1C=CC(=CC=1)OCCOCCOC1C=C(C)C(Br)=CC=1C,"0,56"
4 655,ClC1C=C(C=CC=1)OC1C=CC=CC=1,"4,75"
4 656,CC(C)NCC(O)COC1=CC=CC=C1OCC=C,"2,10"
4 657,CC1=CC(=O)OC2C3C=COC=3C=CC=21,"2,32"
4 658,O=C1C(C2C=CC=CC=2)C(=O)NC1=O,"2,26"
4 659,CN1C(=O)C=NC2=CC=CC=C12,"0,79"
4 660,CC(=O)NC1C=NC2=CC=CC=C2N=1,"1,53"
4 661,NC(=O)C1=CC2=CC=CC=C2N=C1,"1,06"
4 662,ClC1=NC(=NC2=CC=CC=C21)C1C=CC=CC=1,"4,47"
4 663,CC1=CCC(CC1=O)C(C)=C,"2,36"
4 664,[O-][N+](=O)C1=CC(=C(O)C=C1)C(=O)NC1C=CC(Cl)=CC=1,"2,54"
4 665,[O-][N+](=O)C1=CC=CC(=C1O)C(=O)NC1C=CC(Cl)=CC=1,"2,16"
4 666,CC(=O)CCCCN1C(=O)N(C)C2N=CN(C)C=2C1=O,"0,29"
4 667,[O-][N+](=O)C1=CN(CCN2CCOCC2)C=N1,"-0,38"
4 668,[O-][N+](=O)C1=CN=CN1CCN1CCOCC1,"0,07"
4 669,CCN(CC(=O)NC1CCC2=CC=CC=C21)CC,"2,74"
4 670,ClC1C=CC(Cl)=NC=1Cl,"2,77"
4 671,OC1=NC(Cl)=C(Cl)C=C1Cl,"3,21"
4 672,CN(C)C(=O)C1=CC=CC=C1Cl,"1,54"
4 673,CC(C)C1=CC=CC=C1[N+]([O-])=O,"3,34"
4 674,COC1=CC=CC=C1C1NC2=CC=CC=C2N=1,"3,02"
4 675,OC(=O)CC1C=CC(=CC=1)OCC1C=CC=CC=1,"2,72"
4 676,CC1=CC(=CC(C)=C1)C1C(=O)C2=CC=CC=C2C1=O,"4,02"
4 677,OC(C=O)C(O)C(O)C(O)C(O)=O,"-2,57"
4 678,IC1C=CC2=CC=CC=C2N=1,"3,04"
4 679,[O-][N+](=O)C1C=CC(=CC=1)N1CCCCC1,"3,26"
4 680,CC1OCCSC=1/C(/O)=N/C1=CC=CC=C1C1C=CC=CC=1,"2,54"
4 681,COC(CN1CCCC1)C1C=CC=CC=1,"1,88"
4 682,CC1OCCSC=1C(O)=O,"0,04"
4 683,FC(F)(F)C1NC2C=C(Br)C(Br)=CC=2N=1,"4,15"
4 684,CCCC(N)C(O)=O,"-2,11"
4 685,[O-][N+]1C=C(O)C=CC=1,"-0,61"
4 686,[O-][N+](=O)C1C=C2N=C(NC2=CC=1Cl)C(F)(F)F,"3,21"
4 687,CC(C)(C)C(=O)NC1C=CC=CC=1,"1,99"
4 688,NC1C=CC(=CC=1)S(=O)(=O)C1C=CC(Br)=CC=1,"2,85"
4 689,COC(=O)C(=CC1C=CC=CC=1)C(=O)OC,"2,24"
4 690,O=C1C(CC(=O)C2C=CC=CC1=2)=NC1C=CC=CC=1,"2,84"
4 691,C1=CC=CC=C1NC1=CC=CC=N1,"2,75"
4 692,CC(=O)OC1C=CC(CC(N)C(O)=O)=CC=1,"-1,33"
4 693,NC1=CC2CC3C=C(Br)C=CC=3C=2C=C1,"3,92"
4 694,OC(=O)CCN1C=CC2=CC=CC=C12,"2,20"
4 695,CC1C=C(Cl)C(Cl)=CC=1Cl,"4,56"
4 696,ClC1=CC(=CC=C1)N1CCNCC1,"2,11"
4 697,OC1C(Cl)=CC(Cl)=CC=1CO,"2,30"
4 698,CNC(=O)OC,"-0,06"
4 699,C/C(/O)=N/C1C=NNC=1,"-0,38"
4 700,O=NN1CCC(CC1)C1C=CC=CC=1,"2,59"
4 701,N#CCCN(CCO)C1C=CC(=CC=1)N=NC1C=CC(=CC=1Cl)[N+]([O-])=O,"4,00"
4 702,CC(C)CC(/N=C(\\O)/C(N)CO)C(O)=O,"-2,49"
4 703,OC1C=C2OC(=CC(=O)C2=CC=1)C1C=CC=CC=1,"3,62"
4 704,CC(=O)NC1C=CC(=CC=1)OCC(O)CNC(C)C,"0,79"
4 705,C1CCN2CCCCCC2=N1,"1,38"
4 706,CCC(=O)OCC(=O)C1(O)CCC2C3CCC4=CC(=O)CCC4(C)C3C(O)CC12C,"2,80"
4 707,CCCC(=O)OCC(=O)C1(O)CCC2C3CCC4=CC(=O)CCC4(C)C3C(O)CC12C,"2,91"
4 708,CCCCC(=O)OCC(=O)C1(O)CCC2C3CCC4=CC(=O)CCC4(C)C3C(O)CC12C,"3,62"
4 709,CCCCCCCC(=O)OCC(=O)C1(O)CCC2C3CCC4=CC(=O)CCC4(C)C3C(O)CC12C,"5,49"
4 710,C1CN2N=CC=C2N1,"-0,25"
4 711,O=C1C(C2C=CC(=CC=2)C(F)(F)F)C(=O)C2=CC=CC=C12,"3,78"
4 712,CC1(C)CC(C)CC(C1)(OOC(C)(C)C)OOC(C)(C)C,"6,53"
4 713,CC(=O)OC1C(COC(C)=O)OC(C1OC(C)=O)N1C=CC(=N)N=C1O,"-0,80"
4 714,CCCCCCCCCCCC1C=CC=CC=1,"8,14"
4 715,CN(C)C(=O)C=CC1=CC=C(O1)[N+]([O-])=O,"0,82"
4 716,CCN=C(O)C=CC1=CC=C(O1)[N+]([O-])=O,"1,39"
4 717,[O-][N+](=O)C1=CC=C(C=CC2NC=CN=2)O1,"1,32"
4 718,CCOC(=O)C(=CC1=CC=CC=C1Cl)C(=O)OCC,"3,15"
4 719,CCOC(=O)C(=CC1=CC(Cl)=CC=C1)C(=O)OCC,"3,49"
4 720,COC1=CC=CC=C1C=C(C(=O)OCC)C(=O)OCC,"3,29"
4 721,COC1C=CC(C=C(C(=O)OCC)C(=O)OCC)=CC=1,"3,28"
4 722,COCC1C=CC(COC)=CC=1,"1,28"
4 723,COC1C=C(C=C(C(=O)OCC)C(=O)OCC)C=CC=1,"3,18"
4 724,OC1CN(CC2C=CC=CC=2)C(=O)N=1,"0,76"
4 725,CC(=O)C1C=C(C=CC=1)C(C)=O,"1,43"
4 726,CCC/C(/O)=N/C(=O)C1CCC1,"0,41"
4 727,CCOC(=O)C(=CC1C=CC(Cl)=CC=1)C(=O)OCC,"3,96"
4 728,NC1C=CC(=CC=1)S(=O)(=O)NC1C=CC(=CC=1)[N+]([O-])=O,"2,14"
4 729,ClC1C=C(C=CC=1)OC1C=CC(Cl)=CC=1,"5,13"
4 730,CN1C=C2C=CC(=CC2=N1)[N+]([O-])=O,"1,76"
4 731,CN1N=CC2C=CC(=CC1=2)[N+]([O-])=O,"1,95"
4 732,CN(C)CC(O)C1C=CC=CC=1,"1,54"
4 733,N#CC1=CN=CC(Cl)=N1,"0,79"
4 734,CC1=CC=C(C=C1)NC(=O)CC1C=CC=CC=1,"3,05"
4 735,C/C(/O)=N/C1CCC2=CC3OCOC=3C(OC)=C2C2=CC=C(OC)C(=O)C=C21,"1,60"
4 736,CC1C(=NO[N+]=1[O-])C1C=CC=CC=1,"2,17"
4 737,CC1=NO[N+]([O-])=C1C1C=CC=CC=1,"2,16"
4 738,ClC1C=CC(=CC=1)OC1=CC=CC=C1Cl,"5,03"
4 739,COC1C=NC=C(N)N=1,"0,73"
4 740,OC(=O)C(O)CC(O)=O,"-1,26"
4 741,C#CCN(CC#C)CC#C,"1,27"
4 742,CC1C=CC(=CC=1)C1=CC(=S)SS1,"4,26"
4 743,CCOC(=O)C1C=NC=CN=1,"0,28"
4 744,OC(=O)CC[Se]CC1C=CC=CC=1,"1,67"
4 745,CN(C)C(=S)NN,"-0,30"
4 746,C/C(/O)=N/C(=O)C1CCC1,"-0,40"
4 747,CC1C=C(N)C=CC=1Br,"2,53"
4 748,CC1C=CC=C(C=1)C(=O)N(C)C,"1,60"
4 749,COC1=C(Cl)C(Cl)=CC(Cl)=C1Cl,"4,68"
4 750,CC1C=CC(=CC=1)C(=O)N(C(C)C)C(C)C,"2,50"
4 751,CCCCOC(=O)C1C=NC=CC=1,"2,27"
4 752,O=C1CCC(=O)N1C1C=CC(Cl)=CC=1,"0,96"
4 753,O=C1NC(=O)C2(CC2)C(=O)N1,"-0,53"
4 754,CN1C=NC(=C1S(=O)(=O)OC1C=CC=CC=1)[N+]([O-])=O,"1,08"
4 755,[O-][N+](=O)C1=CC=CC2C=CNC=21,"2,63"
4 756,NS(=O)(=O)C1=CC=CC=C1Cl,"0,74"
4 757,[O-][N+](=O)C1N=CNC=1Br,"0,85"
4 758,[O-][N+](=O)C1N=CNC=1Cl,"0,78"
4 759,CS(=O)(=O)NC1=CC(=CC=C1)NS(C)(=O)=O,"0,07"
4 760,CN(C)C(=O)OC1C=CC=CC=1,"1,56"
4 761,CC1=CC(=CC=C1O)N=O,"1,71"
4 762,CN(C)C(N)=S,"-0,43"
4 763,CN(C)C(=O)C1C=CC=NC=1,"-0,48"
4 764,CC(=O)NC1C=CC(Cl)=CC=1Cl,"2,18"
4 765,COC1C=C(CC2C=NC(=N)NC2=N)C(=CC=1OC)OC,"1,17"
4 766,COC1=C(OC)C(CC2C=NC(=N)NC2=N)=CC=C1OC,"1,52"
4 767,N=C1NC(=N)N=CC1CC1=CC(Cl)=C(Cl)C=C1Cl,"3,79"
4 768,CC1=CC(OC)=C(C=C1CC1=CN=C(N)N=C1N)OC,"1,23"
4 769,CC12CCC3C(CC4(CC4)C4=CC(=O)CCC43C)C1CCC12CCC(=O)O1,"3,15"
4 770,CNC(=O)OC1C=CC=CC=1C1OCCO1,"0,67"
4 771,CP(=S)(OCC)OCC,"2,08"
4 772,ClC1C=CC(=CC=1)OC1C=CC=CC=1,"4,70"
4 773,COC1=CC2OC(C)(C)C=CC=2C2=C1C(=O)C1C=CC=CC=1N2C,"3,67"
4 774,O=C1OC(CC2C=CC=CC=2)C2=CC=CC=C21,"3,12"
4 775,ClC1=CC(Cl)=C(C=C1)C1C=CC(Cl)=CC=1,"5,62"
4 776,NC1C=CC(=CC=1)S(=O)(=O)C1C=CC=CC=1,"1,76"
4 777,NC1N=CN=C2C=1N=CN2C1C=CC(CO)O1,"-0,50"
4 778,CCCCN(C)N=O,"1,08"
4 779,CC(=O)NC1=CC(Cl)=C(C=C1)OC,"1,81"
4 780,CN(N=O)C(=O)OC1=CC=CC2=CC=CC=C21,"2,85"
4 781,ClC1C=C2C(=CC=1Cl)C1=CC(Cl)=C(Cl)C=C21,"6,14"
4 782,NCC(=O)NCC(=O)NCC(=O)NCC(=O)NCC(O)=O,"-3,31"
4 783,COC(=O)C(N)CC1C=CC(O)=C(O)C=1,"-0,21"
4 784,CCC1=CSSC1=S,"2,67"
4 785,CC1=CSC(N=C(N)N)=N1,"1,24"
4 786,CN(C)C1C=CC(Cl)=NN=1,"0,98"
4 787,NC1C=CC(=CC=1)S(=O)(=O)C1C=CC(Cl)=CC=1,"2,57"
4 788,CC1=CC(O)=C(C=C1Cl)[N+]([O-])=O,"2,93"
4 789,CC1C=CC(=CC=1Cl)NC(C)=O,"2,69"
4 790,CN1C=CC=C1C(=O)NC,"0,71"
4 791,CC1=CC2=NC=CN=C2C=C1C,"2,29"
4 792,O=C(NC1C=CC=CC=1)C1C=CC(=CC=1)C(=O)NC1C=CC=CC=1,"3,72"
4 793,NCCN1CCCC1,"0,08"
4 794,CN(C)C(=O)NC1C=CC(=CC=1)[N+]([O-])=O,"1,51"
4 795,CN(C)C(=O)NC1=CC(=CC=C1)[N+]([O-])=O,"1,46"
4 796,CC1C=CC(=CC=1)NC(=O)N(C)C,"1,33"
4 797,COC1C=CC(=CC=1)NC(=O)N(C)C,"0,83"
4 798,CC(C)(C)C(=O)NC1=CC(Cl)=C(Cl)C=C1,"3,88"
4 799,CN(CC1(C)CCCO1)S(=O)(=O)C1C=C(C(Cl)=CC=1)S(N)(=O)=O,"1,54"
4 800,CN(C)N=NC1C=CC(=CC=1)C(O)=O,"2,33"
4 801,S=C1CCCCCN1,"0,75"
4 802,O=S(CCl)C1C=CC=CC=1,"1,47"
4 803,O=S(=O)(CCl)C1C=CC=CC=1,"1,24"
4 804,CCCCCCCCCCCCCCCCCC[N+]1C=CC=CC=1,"3,68"
4 805,[O-][N+](=O)C1C=CC2=CC=CC=CC2=1,"2,59"
4 806,CC(=O)C1C=CC2=CC=CC=CC2=1,"2,87"
4 807,O=CC1C=CC2=CC=CC=CC2=1,"2,64"
4 808,CCCCC(=O)OCC1OC(CC1OC(=O)CCCC)N1C=C(F)C(O)=NC1=O,"2,72"
4 809,NCCCN1CCN(CC1)CCCN,"-1,43"
4 810,CCOC1C=CC=C(C=1)O/C(/O)=N/C,"1,75"
4 811,CN(C)N=NC1C=CC=CC=1,"2,59"
4 812,CC1C(CCC(=O)OC)C(N=C1C(C)=O)=C1CC(=O)C2=C1NC(CC1=NC(=CC3=NC(=O)C(C)=C3CC)C(C)=C1CC)=C2C,"0,27"
4 813,CC1=CC=CC=C1OC1OC(CO)C(O)C(O)C1O,"-0,16"
4 814,CC1=CN(C2CC(O)C(CO)O2)C(=O)N=C1S,"-0,07"
4 815,CC12CCC(CC1CCC1C2CCC2(C)C(C(CC21O)OC(C)=O)C1COC(=O)C=1)OC1CC(OC(C)=O)C(OC2CC(OC(C)=O)C(OC3CC(OC(C)=O)C(OC(C)=O)C(C)O3)C(C)O2)C(C)O1,"3,46"
4 816,CC(=O)OC1CC2(O)C3CCC4CC(CCC4(C)C3CCC2(C)C1C1COC(=O)C=1)OC1CC(O)C(OC2CC(O)C(OC3CC(O)C(O)C(C)O3)C(C)O2)C(C)O1,"2,16"
4 817,CN(C)C(=O)OC1C=CC(=CC=1)[N+]([O-])=O,"1,50"
4 818,CCCCOC1C=CC(=CC=1)[N+]([O-])=O,"3,50"
4 819,CC1CCCCN1N=O,"0,71"
4 820,CC1C=NC2=CC=CC=C2N=1,"1,61"
4 821,[O-][N+](=O)C1C=CC(=CC=1)C1=CC=C(C=NN2CC(=O)NC2=O)O1,"1,70"
4 822,NC1=CC=CC=C1OC1OC(CO)C(O)C(O)C1O,"-1,23"
4 823,CC(CC)NC1N=C(NCC)N=C(Cl)N=1,"2,61"
4 824,CSC1N=C(NC(C)C)N=C(NC(C)C)N=1,"3,51"
4 825,CCCC(C)(C)C(=O)NC1C=CC(Cl)=CC=1,"3,83"
4 826,CN(C)C(=O)C1=CC(=CC=C1)OC,"1,00"
4 827,COC1C=CC(=CC=1)C(=O)N(C)C,"0,96"
4 828,COC1=CC=CC=C1C(=O)N(C)C,"0,71"
4 829,CSC1C=CC(=CC=1)OP(=O)(OCCC)OCCC,"3,67"
4 830,COC1=CN=CC=C1,"0,99"
4 831,CN(C)C(=O)OC1C=CC(Cl)=CC=1,"2,27"
4 832,CN(C)C(=O)OC1=CC=CC=C1Br,"2,17"
4 833,CC1=CC=CC=C1OC(=O)N(C)C,"1,86"
4 834,CC1C=CC=C(C=1)OC(=O)N(C)C,"2,05"
4 835,CC1C=CC(=CC=1)OC(=O)N(C)C,"2,03"
4 836,COC1=CC(=CC=C1)OC(=O)N(C)C,"1,60"
4 837,COC1=CC=C(C=C1)OC(=O)N(C)C,"1,53"
4 838,CC(=O)CC(=O)C(C)(C)C,"1,67"
4 839,NC1=NC(N)=NC=C1CC1C=CC=CC=1,"1,58"
4 840,CC(CC(=O)C1C=CC(=CC=1)C1C=CC=CC=1)CC(O)=O,"3,82"
4 841,ONC(=O)NC1=CC=CC=C1,"0,41"
4 842,CC(=O)NC1CCC2=CC(OC)=C(O)C(OC)=C2C2=CC=C(OC)C(=O)C=C21,"0,48"
4 843,CC1C=CC(Cl)=C(Cl)C=1Cl,"4,56"
4 844,C/N=C(/O)\\OC1C=CC=CC=1[N+]([O-])=O,"1,02"
4 845,CC(=O)NC(CC1C=CC=CC=1)C(N)=O,"-0,04"
4 846,COC1=CC=C(C=C1)C(C(Cl)Cl)C1=CC=C(C=C1)OC,"4,47"
4 847,CC(C)C1C(O)=NC(=O)N=C1O,"-0,02"
4 848,O=C1CCC(=O)N1C1=CC=CC=C1Cl,"0,56"
4 849,CCNC(=O)C1C=CC(=CC=1)OC,"1,14"
4 850,NCC1=CC=C(C=C1)[N+]([O-])=O,"1,06"
4 851,BrC1=NNC(Br)=N1,"2,24"
4 852,CC1=NC(C)=NC=C1NS(=O)(=O)C1C=CC(N)=CC=1,"0,59"
4 853,NC(=S)N=NCC1C=C(O)C=CC=1,"1,61"
4 854,OC(=O)CCN1C(=O)C=CC1=O,"0,04"
4 855,NC(CC1C=CC(Cl)=CC=1)C(O)=O,"-0,47"
4 856,CCC(=O)CC(=O)CC,"1,12"
4 857,CCN(O)C(N)=O,"-0,10"
4 858,CN(O)C(N)=O,"-0,46"
4 859,[O-][N+]1=CC(=CC2=CC=CC=C12)[N+]([O-])=O,"0,56"
4 860,CC1CCCCC1O,"1,82"
4 861,CCCCCCCCCC[N+](C)(C)C,"-0,16"
4 862,CC(=O)NC1C=CC(=CC=1)N(C)C,"1,00"
4 863,CC(=O)NC1C=C(C=CC=1)C(C)=O,"1,06"
4 864,CC1C(Cl)=CC=CC=1NC(C)=O,"1,82"
4 865,CC1=C(N=CN1C)[N+]([O-])=O,"-0,11"
4 866,CC(=O)C=CC1=CC(=CC=C1)[N+]([O-])=O,"1,88"
4 867,COC1=CC=CC=C1C(=O)NN,"0,25"
4 868,CC(=O)NC1=CC(=CC=C1)N(C)C,"1,29"
4 869,NC1C=CN(C2C=CC(CO)O2)C(=O)N=1,"-1,55"
4 870,NC1C=CN(C2CCC(CO)O2)C(=O)N=1,"-1,30"
4 871,NC(=O)CN1CCCC1=O,"-1,54"
4 872,O=C(CC1C=CC=CC=1)NC1C=CC(Br)=CC=1,"3,70"
4 873,BrC1C=CC(=CC=1)C1C=C2C=CC=CN2C=1,"5,43"
4 874,ClC1C=CC(=CC=1)C1C=C2C=CC=CN2C=1,"5,20"
4 875,CC1C=CC(=CC=1)C1C=C2C=CC=CN2C=1,"4,96"
4 876,COC1C=CC(=CC=1)C1C=C2C=CC=CN2C=1,"4,20"
4 877,CC(C)NC(C)(C)C,"1,56"
4 878,N=C1NC(=N)N=CC1CC1=CC(Cl)=C(Cl)C(Cl)=C1,"3,64"
4 879,CCC1=CC(C=C)=CC=C1,"4,11"
4 880,CC1=CC=C(C=C[N+]([O-])=O)C=C1,"2,66"
4 881,CN(C1CCCCC1)C1CCCCC1,"3,71"
4 882,CCC1C=CC(=CC=1)C1C(=O)C2=CC=CC=C2C1=O,"3,92"
4 883,OC1=CC2=CC=CC=C2N=C1C1C(=O)C2C=CC=CC=2C1=O,"5,00"
4 884,CC(C)(C)OCCO,"0,39"
4 885,CN1C(=O)C(NC=O)C(=N)N(C)C1=O,"-0,64"
4 886,CCOC(CP(=O)(OCC)OCC)OCC,"0,69"
4 887,S=C=NC1C=CC(=CC=1)N=NC1C=CC=CC=1,"5,55"
4 888,S=C=NC1=CC2=CC3=CC=CC=C3C=C2C=C1,"5,70"
4 889,[O-][N+]1=CC=CC2=C1C=CC=C2[N+]([O-])=O,"0,49"
4 890,CN(C)CC(C1C=CC=CC=1)C1C=CC=CC=1,"3,58"
4 891,CC1=CC=CC=C1C(=O)NN,"0,22"
4 892,NC(CC1C=CC=CC=1)C(=O)N1CCCC1C(O)=O,"-1,23"
4 893,CCCOC(=O)C1=CN=CC=C1,"1,94"
4 894,CN1C(COC(N)=O)=NC=C1[N+]([O-])=O,"-0,38"
4 895,FC(F)(F)C1NC2=CC(Br)=C(Br)C(Br)=C2N=1,"4,08"
4 896,ClC1NC2=C(N=1)C(Cl)=C(Cl)C(Cl)=C2Cl,"4,53"
4 897,ClC1N=C(Cl)NC=1Cl,"1,85"
4 898,CC(=O)OC1CC(OC(C)C1OC=O)OC1C(CC(OC1C)OC1C(CC(OC2CC3CCC4C(CCC5(C)C(C(CC54O)OC=O)C4COC(=O)C=4)C3(C)CC2)OC1C)OC=O)OC=O,"3,16"
4 899,CCC1(O)C2C=C3C4=NC5C=CC=CC=5C=C4CN3C(=O)C=2COC1=O,"1,74"
4 900,CSC1NC2C=C(Cl)C=CC=2N=1,"3,22"
4 901,CC(C)NCC(O)COC1C=CC=CC=1,"1,72"
4 902,CC(C)=CC1C(C(=O)OCN2C(=O)C3CCCCC=3C2=O)C1(C)C,"4,73"
4 903,CC(=CC(=O)OC(C)C1C=CC=CC=1)OP(=O)(OC)OC,"3,30"
4 904,CN(C)C=C1OC(=O)C(C#N)=C1C1C=CC=CC=1,"1,07"
4 905,CC(C)=CCNC1=NC=NC2=C1N=CN2C1OC(CO)C(O)C1O,"1,30"
4 906,CCNCC(=O)NC1=C(C)C=CC=C1C,"1,32"
4 907,ClC1=CC=C(C=C1)C1NCCS1,"2,10"
4 908,CCC(CC)C1NS(=O)(=O)C2=CC=CC=C2N=1,"1,88"
4 909,CCC(CC)C(=O)NC1=CC=CC=C1S(N)(=O)=O,"1,62"
4 910,CC1N=C(N)N=C(N)C=1C1=CC(Cl)=C(Cl)C=C1,"2,82"
4 911,CC(=C)C1CC(=O)C(C)CC1,"2,85"
4 912,CN(C)P1(=O)N(C)CCN1C,"0,02"
4 913,COC(C)COC,"-0,09"
4 914,CCOC(=O)C1C=CC=C(O)C=1,"2,47"
4 915,CC1(C)C2CC(C)(CC2)C1=O,"3,52"
4 916,O=C1C(C2C=CC3=CC=CC=C3N=2)C(=O)C2=CC=CC=C12,"4,10"
4 917,OC(C(=O)C1C=CC=CC=1)C1C=CC=CC=1,"2,13"
4 918,CCCCN(CCOC(C)=O)C1=CC(C)=C(C=C1)N=NC1C(=CC(=CC=1C#N)[N+]([O-])=O)C#N,"5,50"
4 919,CC1=CC(=O)NO1,"0,46"
4 920,CCCCCCCCCCCCN1CC(CC1=O)C(O)=O,"2,60"
4 921,BrC1C=C2C=CNC2=CC=1,"3,00"
4 922,COC1C=C(C=C(OC)C=1OC)C(=O)C=CN1CC=CC1,"1,77"
4 923,COP(=O)(OC1C=CC=CC=1)OC,"1,22"
4 924,CN(C)C1C2CC3CC4C(C(=O)C3C(=O)C2(O)C(=O)C(C(N)=O)C1=O)=C(O)C=CC=4N(C)C,"0,05"
4 925,C=CC(=O)NCCC1=CN=CN1,"-0,21"
4 926,CC1N=C(Cl)C(=CC=1C1C=CC=CC=1)C#N,"3,24"
4 927,C(C1C=CC=CC=1)N1C=CC=N1,"1,78"
4 928,CC(=O)OCC1CSC2C(NC(=O)CC#N)C(=O)N2C=1C(O)=O,"-0,45"
4 929,CC=C(C)C(=O)OC1CC2(CO2)C2C(C=C(C)C2(O)C2OC(=O)C(=C)C12)OC(C)=O,"0,76"
4 930,NC(=O)C(Br)(Br)C#N,"0,82"
4 931,CC1OC(OC2C(OC3C=C(O)C4C(=O)CC(OC=4C=3)C3C=CC(O)=CC=3)OC(CO)C(O)C2O)C(O)C(O)C1O,"-0,44"
4 932,CC(=O)OCN1C(=O)C2=CC=CC3C=CC=C(C=32)C1=O,"2,34"
4 933,CC12CC3C=C(CC4OC(=O)C(=C)C4C(O)C1O2)C(=O)O3,"-0,64"
4 934,CC=CC(O)=NC1=CC(Cl)=C(Cl)C=C1,"3,63"
4 935,CCCCC(=O)NC1C=CC=CC=1,"2,61"
4 936,COP(N)(=O)SC,"-0,80"
4 937,CC(=O)NC1=CC(=CC=C1)NC(C)=O,"0,50"
4 938,CC1C(=S)SSC=1C1C=CC=CC=1,"3,95"
4 939,O=C(NC1C=C(Cl)C(Cl)=CC=1)C1C=CC=CC=1,"4,42"
4 940,CCCCCCCC[N+]1C=CC=CC=1,"-0,84"
4 941,CCOP(=S)(OCC)SC(CCl)N1C(=O)C2C=CC=CC=2C1=O,"4,69"
4 942,CC(C)CN1CCOCC1,"1,17"
4 943,C(C1C=CC=CC=1)N1CCOCC1,"1,58"
4 944,S=C=NC1C=CC(C=CC2C=CC=CC=2)=CC=1,"5,85"
4 945,CC(C)CC(/N=C(\\O)/C(N)CC(C)C)/C(/O)=N/C(CC(C)C)C(O)=O,"-0,94"
4 946,C1C=C(CCN1)C1C=CC=CC=1,"1,99"
4 947,CCCC1=CC=C(C=C1)[N+]([O-])=O,"3,45"
4 948,CC(=O)C1C=CC(=CC=1)N1CCCCC1,"3,13"
4 949,CCN(CC)C(=O)C1=CC=CC=C1Cl,"2,10"
4 950,CC1=NON=C1C1C=CC=CC=1,"2,59"
4 951,NC1=NON=C1C1C=CC=CC=1,"1,81"
4 952,CC1=NC(=NO1)C1=CC=CC=N1,"0,79"
4 953,CC(=O)NC1C=CC(=CC=1)SC,"2,03"
4 954,O=C(NCC1C=CC=CC=1)C1=CC=CO1,"1,81"
4 955,CCCCNC(=O)C1C=CC=NC=1,"0,90"
4 956,COP(=O)(NC)OC1C=CC(Cl)=CC=1Cl,"2,41"
4 957,CCN(CCOC(=O)C=CC1C=CC=CC=1)CC,"3,61"
4 958,CN1C(=O)CN=C(C2C=C(Cl)C=CC1=2)C1CCCCC=1,"3,20"
4 959,CC(=O)OCC1CSC2C(/N=C(\\O)/COC3C=CC=CC=3)C(=O)N2C=1C(O)=O,"0,26"
4 960,N#CC(C#N)=C(C1C=CC=CC=1)C1C=CC=CC=1,"3,55"
4 961,CN(C)C(=O)COC1C=CC=CC=1,"0,80"
4 962,CC1C=C(Cl)C=CC=1OCCCC(=O)OCC,"4,26"
4 963,CC(C)=CC1C(C(=O)OCC2C=C(CC3C=CC=CC=3)OC=2)C1(C)C,"6,14"
4 964,COC1C=CC(=CC=1)C(O)C(O)=O,"0,63"
4 965,CN(C)C(=O)OCC1C=CC=CC=1,"2,16"
4 966,CNC(=O)C1=CC=C(C=C1)S(N)(=O)=O,"-0,31"
4 967,CC1C=CC(=CC=1)S(=O)(=O)N(C)C(=O)C1C=CC=CC=1,"2,95"
4 968,CC(=O)C=CC1=CC=CC=C1OC,"2,42"
4 969,CC(C1C=CC(=CC=1)OC)C1C=CC(=CC=1)OC,"4,52"
4 970,CC(C)(C)S(=O)CSP(=S)(OCC)OCC,"2,21"
4 971,O=NN1CC=CC1,"0,26"
4 972,CCN(C)N=O,"0,04"
4 973,COC(=O)NC1NC2=CC=CC=C2N=1,"1,52"
4 974,CC1C(CCC1(C)O)C(C)=C,"2,87"
4 975,CC=C(C)C(=O)OC1CC(OC(C)=O)C2(COC3C2C21COC(O)(C2C(C)(C3O)C12OC1(C)C1CC2OC2OC=CC21O)C(=O)OC)C(=O)OC,"1,09"
4 976,COC1C=CC(=CC=1)C(O)(C1CC1)C1C=NC=NC=1,"1,91"
4 977,OC1C=CC(=CC=1)C(C1=NC=CS1)C1C=CC(O)=CC=1,"2,96"
4 978,O=NN(CCCl)C(=O)NC1CCCCC1,"2,83"
4 979,CC(=C)C(=O)OC1CC2=CC(CC3(C)OC3C3OC(=O)C(=C)C13)OC2=O,"0,69"
4 980,CC1C=C(C)C=C(C)C=1N(C)C,"4,41"
4 981,ClC1C=CC=CC=1C1C=CC=CC=1Cl,"4,95"
4 982,CC(=O)OC1C=C(Cl)C=CC=1,"2,32"
4 983,CC(=O)C1C=CC(=CC=1)OC(C)=O,"1,29"
4 984,CC(CC/C(/O)=N/CC(O)=O)C1CCC2C3CC(O)C4CC(O)CCC4(C)C3CCC21C,"2,15"
4 985,CC1=CC(=CC=C1)C(=O)NN,"0,74"
4 986,CC(=O)NC1=CC=CS1,"1,10"
4 987,CC(=O)NC1N=CC=CN=1,"-0,75"
4 988,CCOP(=S)(OC1C=CC(=CC=1)C#N)C1C=CC=CC=1,"4,29"
4 989,S=C1CCCCN1,"0,13"
4 990,CC(C)(C)SCSP(=S)(OCC)OCC,"4,48"
4 991,CCC1C=C(C=CC=1[N+]([O-])=O)OP(=S)(OC)OC,"3,74"
4 992,CC(C)C1C=C(C=CC=1[N+]([O-])=O)OP(=O)(OC)OC,"2,57"
4 993,OC1CC2CC1C=C2,"0,99"
4 994,CN1C2=NC(=O)N(C)C2C(=O)NC1=O,"-1,33"
4 995,OCC1OC(C(O)C1O)N1C=CC(NC(=O)C2C=CC=CC=2)=NC1=O,"0,30"
4 996,CCCCCOC(=O)C1C=CC(N)=CC=1,"3,48"
4 997,NC(=O)NC1=CC(=CC=C1)C(F)(F)F,"2,31"
4 998,ClC(Cl)(CCl)CCl,"2,72"
4 999,COC(=O)C1=COC=C1,"1,28"
5 000,C[Si](C)(C)C1C=CC(O)=CC=1,"3,84"
5 001,CN(N/C(/S)=N/C1C=CC=CC=1)C(=O)C1C=CC=CC=1,"2,47"
5 002,O=C(CC1C=CC=CC=1)NC1C=CC=C(Br)C=1,"3,77"
5 003,[O-][N+](=O)C1C=C(C=CC=1)/N=C(\\O)/CC1C=CC=CC=1,"2,93"
5 004,[O-][N+](=O)C1C=CC(=CC=1)NC(=O)CC1C=CC=CC=1,"3,18"
5 005,O=C(NC1C=CC=CC=1)NC1CC1,"1,65"
5 006,O=C(NC1C=CC=CC=1)NC1CCCC1,"2,65"
5 007,CSC1=NC=NC2=C1C=CN2C1OC(CO)C(O)C1O,"0,09"
5 008,CN(C)C(=O)C=CC1C=CC=CC=1,"1,73"
5 009,CN(C)C(=O)C1=CC=CO1,"0,41"
5 010,CC(OP(=O)(OC)OC)=C(Cl)C(=O)N(CC)CC,"0,79"
5 011,[O-][N+](=O)C1=CC(=C(C=C1)ON=CC1=CC(Br)=C(O)C(Br)=C1)[N+]([O-])=O,"3,30"
5 012,CC(=O)OCCN1C(=CN=C1C)[N+]([O-])=O,"0,30"
5 013,CCOP(=O)(SCCC)SCCC,"3,59"
5 014,CSC1C=CC(=CC=1)C(O)=O,"2,74"
5 015,O=C(NC1C=CC=CC=1)N(CCCl)N=O,"2,49"
5 016,CNC(=S)NNC1C=CC=CC=1,"1,17"
5 017,NC1C=CC(O)=C2N=CC=CC2=1,"-0,11"
5 018,NCCCCC1C=CC=CC=1,"2,40"
5 019,CN(C1C=CC=CC=1)S(C)(=O)=O,"1,02"
5 020,CC1=NC(=CN1C)[N+]([O-])=O,"-0,24"
5 021,[O-][N+](=O)C1=CN(CC2C=CC=CC=2)C=N1,"1,36"
5 022,COC1=CC(=C(N)C=C1)S(O)(=O)=O,"-3,49"
5 023,CCCCCN(CCCCC)N=O,"3,86"
5 024,NCCC1C=CN=CC=1,"-0,01"
5 025,C=CC(=O)NCCN1CCOCC1,"-0,55"
5 026,OC(=O)C1=CC=CC=C1NC1=CC(Cl)=CC=C1,"5,43"
5 027,CCOP(=O)(OCC)SCC1C=CC=CC=1,"3,21"
5 028,CC1=CC(=CC=C1)C(=O)N1CCCCC1,"2,60"
5 029,COC1C=CC(CN=NC(N)=N)=CC=1,"0,29"
5 030,NC(=N)N=NCC1C=CC(Cl)=CC=1,"0,96"
5 031,CC(C)C(=O)NC1=CC(=C(C=C1)[N+]([O-])=O)C(F)(F)F,"3,35"
5 032,CCN1CC=C(CC1)C1C=CC=CC=1,"3,18"
5 033,OC(=O)C1=CC=CC=C1NC(=O)C1=CC=CC=C1O,"3,94"
5 034,OC1C=CC=C(O)C=1/C(/O)=N/C1=CC=CC=C1C(O)=O,"3,52"
5 035,CN1N=NC2=CC=CC=C12,"1,13"
5 036,CC12CCC(C=C1)(C1C2C(=O)N(CC(CCCC)CC)C1=O)C(C)C,"5,96"
5 037,CC1(C)CC(=CC(=O)C1)N1CCCCC1,"2,83"
5 038,CON(C)C(=O)NC1C=CC(Br)=C(Cl)C=1,"3,09"
5 039,CC(C)C1NC(=CN=1)[N+]([O-])=O,"0,90"
5 040,CC=CCCCCC,"4,51"
5 041,[O-][N+](=O)C1=CC=C(C=C2SC(=S)NC2=O)O1,"0,74"
5 042,[O-][N+](=O)C1=CC=C(C=CC2=CC=CC(CO)=N2)O1,"1,37"
5 043,CC1(C)CC2=CC=CC(=C2O1)[N+]([O-])=O,"3,33"
5 044,CS(=O)(=O)OCCCNCCCOS(C)(=O)=O,"-1,71"
5 045,NC1N=CC=CC=1C(N)=O,"0,88"
5 046,CC(Cl)C(/N=C(\\O)/C1CC(CCC)CN1CC)C1OC(SC)C(O)C(O)C1O,"2,51"
5 047,C(CN1CCCCC1)C1=CN=CC=C1,"1,66"
5 048,CC1=NC2=CC(=NN2C=C1C(=O)OCC)OP(=S)(OCC)OCC,"3,80"
5 049,CC1NS(=O)(=O)C2C=C(Br)C=CC=2N=1,"1,37"
5 050,CC(C)(C)C1NS(=O)(=O)C2C=C(Cl)C=CC=2N=1,"2,40"
5 051,O=S1(=O)NC(=NC2C=C(Cl)C=CC1=2)C1CC1,"1,98"
5 052,CC1CC2C(CC=1)C2(C)C,"4,38"
5 053,CCCCCCOC(=O)C1C=CC(N)=CC=1,"3,96"
5 054,N#CC1=NC=CN=C1C#N,"0,38"
5 055,CC(N)C(=O)N1CCCC1C(O)=O,"-2,71"
5 056,CC(=O)NC1C=CN(C2OC(CO)C(O)C2O)C(=O)N=1,"-1,35"
5 057,CSC(=O)NC1C=CC=CC=1,"2,40"
5 058,CCCCCCCC[N+]1=CC=CC=C1C,"-0,77"
5 059,CC(C)NCC(O)COC1C=CC=C2NC=CC=12,"1,75"
5 060,C=CC(=O)OCCOCCO,"-0,30"
5 061,CNC(=O)OC1=CC=CC=C1Br,"1,77"
5 062,CNC(=O)OC1=CC=CC=C1I,"1,94"
5 063,C/N=C(\\O)/OC1C=CC(I)=CC=1,"2,46"
5 064,CCOC1C=CC(=CC=1)O/C(/O)=N/C,"1,63"
5 065,C/N=C(\\O)/OC1C=C(Br)C=CC=1,"2,25"
5 066,CC1C=CC(C)=CC=1CC1C=CC=CC=1,"5,65"
5 067,[O-][N+](=O)C1=NC=CN1CC(O)CCl,"0,15"
5 068,COCC(O)CN1C=CN=C1[N+]([O-])=O,"-0,37"
5 069,[O-][N+](=O)C1=NC=CN1CC(O)CF,"-0,52"
5 070,CC(O)CN1C=CN=C1[N+]([O-])=O,"-0,16"
5 071,[O-][N+](=O)C1=NC=CN1CC(O)CO,"-0,96"
5 072,CC1=CC=C(C=C1)C(=O)CCN1CCCCC1,"3,55"
5 073,NC1CCC2=CC=CC=C2C1O,"0,86"
5 074,CC1OCCSC=1C(=N)O,"-0,22"
5 075,CCOP(=S)(OC1=CN=C2C=CC=CC2=N1)OCC,"4,44"
5 076,CC1CN(CCC1)N=O,"0,99"
5 077,OCC=CC#CC#CC1C=CC=CC=1,"2,48"
5 078,CC(C)NCC(O)COC1C=CC=CC=1CC=C,"3,10"
5 079,COC(=O)C1C(F)=CC=CC=1F,"1,96"
5 080,CC(CCl)OP(=O)(OC(C)CCl)OC(C)CCl,"2,59"
5 081,O=P(OC(CCl)CCl)(OC(CCl)CCl)OC(CCl)CCl,"3,65"
5 082,CC=CC#CC#CC1C=CC=CC=1,"4,76"
5 083,CCOC(=O)NC1C=CC=C(C=1)OC(=O)NC1C=CC=CC=1,"3,39"
5 084,CC1C=CC=C(C=1)NC(=O)OC1C=C(C=CC=1)NC(=O)OC,"3,59"
5 085,CC1=CC=C(C=C1)C(=O)N1CCCCC1,"2,80"
5 086,CC1=CC=CC2=NC=CN=C21,"2,04"
5 087,CC1=C(Cl)C=CC=C1NC1C=CC=CC=1C(O)=O,"5,17"
5 088,COC(=O)NC1=CC=CC=C1[N+]([O-])=O,"2,10"
5 089,CSC(C)=NO,"1,12"
5 090,CC1=NC=C(N1CCC1C=CN=CC=1)[N+]([O-])=O,"0,06"
5 091,C/C(/O)=N/C1=CC(C(C)C)=C(O)C=C1,"1,71"
5 092,N#CCC1=CSC=C1,"1,26"
5 093,FC(F)(F)C1NC2C=CC=NC=2N=1,"1,38"
5 094,CC=NN(C(=O)C1C=CC=CC=1)C1C=CC=CC=1,"2,76"
5 095,FC(F)OC(F)(F)C(F)Cl,"2,10"
5 096,CN(C)C1=NC2=CC=CC=C2O1,"2,10"
5 097,CC(=O)OC1C=CC(N)=CC=1,"0,45"
5 098,O=C(NC1CCC(CC1)NC(=O)N(CCCl)N=O)N(CCCl)N=O,"2,74"
5 099,O=C(NC1=CC=C(Cl)C=C1)N(CCCl)N=O,"3,16"
5 100,O=NN(CCF)C(=O)NCCCl,"0,96"
5 101,O=C(NC1CCC(CC1)NC(=O)N(CCF)N=O)N(CCF)N=O,"1,34"
5 102,O=C1CCC(NC(=O)N(CCCl)N=O)C(=O)N1,"0,37"
5 103,O=NN(CCCl)C(=O)NC1CCCC1,"2,20"
5 104,CC1CCC(CC1)NC(=O)N(CCCl)N=O,"3,30"
5 105,O/C(=N\\C1CCCCC1Cl)/N(CCCl)N=O,"2,73"
5 106,O/C(=N\\C1CC2CCC1C2)/N(CCCl)N=O,"2,98"
5 107,O=NN(CCCl)C(=O)NC1CCCCCCCCCCC1,"5,64"
5 108,COC1C=C(C=CC=1)/N=C(\\O)/N(CCCl)N=O,"2,66"
5 109,CC1C=CC(=CC=1)S(=O)(=O)N/C(/O)=N/C1C=CC=CC=1,"3,11"
5 110,CCCCNC(=O)NS(=O)(=O)C1C=CC(Cl)=CC=1,"2,81"
5 111,CC1C=CC(=CC=1)S(=O)(=O)NC(=O)NC,"0,95"
5 112,CC(=O)C1=CC=C(OC)C(OC)=C1OC,"1,63"
5 113,CCC1=CN=CC=N1,"0,69"
5 114,CC1N=CC=NC=1CC(C)C,"1,96"
5 115,NC1N=C(N)C(CC2=CC3OCOC=3C=C2)=CN=1,"1,51"
5 116,CC(C)C1C=CC=C(C=1)C1C(=O)C2=CC=CC=C2C1=O,"4,43"
5 117,CC(C)(C)C1C=C(C=CC=1)C1C(=O)C2=CC=CC=C2C1=O,"4,88"
5 118,CC(C)(C)C1C=CC(=CC=1)C1C(=O)C2=CC=CC=C2C1=O,"4,88"
5 119,CC(C)(C)C1C=C(C=C(C=1)C(C)(C)C)C1C(=O)C2=CC=CC=C2C1=O,"6,86"
5 120,C/N=C(\\O)/OC1C=C(I)C=CC=1,"2,52"
5 121,CC1=CC2C(=NC(=O)NC=2C=C1)C1C=CC=CC=1,"2,32"
5 122,CC1=CC=CC=C1/N=C(\\O)/CN1CCCCC1,"2,26"
5 123,CC1=CC(C)=NC(=N1)SC,"1,86"
5 124,NC1=NC2=CC=CC=C2C(=N1)C1C=CC=CC=1,"2,95"
5 125,CC1C=CC=C(C(N)=O)C=1O,"2,12"
5 126,O=NN(CCCl)C(=O)NC12CC3CC(C1)CC(C2)C3,"3,56"
5 127,CNC(=O)OC1C=C(C=CC=1)C(F)(F)F,"2,37"
5 128,NC1C=C(C=CC=1)C(=O)NN,"-0,86"
5 129,COC1=CC(=CC=C1)OC1OC(CO)C(O)C(O)C1O,"-0,52"
5 130,CC1C=CC(=CC=1)C(=O)N(C)C,"1,72"
5 131,CC1=CN(=O)=C2C=CC=CC2=C1[N+]([O-])=O,"1,06"
5 132,CC(C)C1CCC(C)CC1=O,"3,05"
5 133,N#CC1N=CC=CN=1,"-0,31"
5 134,[O-][N+](=O)C1C=NC=NC=1,"-0,05"
5 135,S=C1SSC2CCCC=21,"2,53"
5 136,S=C1SSC2CCCCC=21,"3,10"
5 137,OC(C1CC1)(C1C=CC(Cl)=CC=1)C1C=CC(Cl)=CC=1,"5,50"
5 138,CCCC(=O)CC(=O)CCC,"2,23"
5 139,CC1C=CC=C2C=1[N+]([O-])=CC=C2[N+]([O-])=O,"1,59"
5 140,NC1C2CCC1C1=CC=CC=C12,"2,13"
5 141,C1COCCOCCOC2=CC=CC=C2OCCOCCO1,"0,58"
5 142,C1COCCOC2=CC=CC=C2OCCOCCO1,"0,91"
5 143,[O-][N+]1=CC(Cl)=C(C2=CC=CC=C12)[N+]([O-])=O,"1,33"
5 144,OC(C1=CC=CC=N1)C1C=CC=CC=1,"1,52"
5 145,C1COCCOC2=CC=CC=C2OCCOCCOCCOC2=CC=CC=C2OCCO1,"2,11"
5 146,C1COC2C=CC=CC=2OCCOCCOC2=CC=CC=C2OCCO1,"2,20"
5 147,OC1=CC2C=CC=CC=2C=C1C(O)=O,"0,17"
5 148,ClC1=NN=NN1C1C=CC=CC=1,"1,48"
5 149,COC1C=CC(=CC=1)OC1C=CC(=CC=1)NC(=O)N(C)C,"2,54"
5 150,CS(=O)(=O)C1C=CC(=CC=1)OP(=S)(OCC)OCC,"2,56"
5 151,C1COC2=CC=CC=C2OCCOC2=CC=CC=C2OCCO1,"2,21"
5 152,CC1C=CC=C(C)C=1NC(=O)C1=CC(=C(Cl)C=C1O)S(N)(=O)=O,"2,19"
5 153,NC(=S)N1CCCCC1,"0,73"
5 154,OC(C1CC1)C1CC1,"1,07"
5 155,CN=C(O)C=CC1=CC=C(O1)[N+]([O-])=O,"0,98"
5 156,CCCCCCCOC(=O)C1C=CC(N)=CC=1,"4,50"
5 157,CCCCCCCCOC(=O)C1C=CC(N)=CC=1,"5,02"
5 158,CC1C=CC=C2SC=CC2=1,"3,57"
5 159,CC1C=CC=C2C=CSC2=1,"3,85"
5 160,CCNCC1C=CC=CC=1,"1,82"
5 161,CCCC1C=C(C=CN=1)C(=O)NN,"0,63"
5 162,NC1CC2CCC1C1=CC=CC=C12,"2,29"
5 163,CCCCC1C=CC(CC(O)=O)=CC=1,"3,25"
5 164,CCCCCC1C=CC(CC(O)=O)=CC=1,"3,75"
5 165,CCCCCCC1C=CC(CC(O)=O)=CC=1,"4,25"
5 166,CCC1C=CC(CC(O)=O)=CC=1,"2,25"
5 167,CCCCCCCCCCCC[N+]1=CC=CC=C1C,"1,32"
5 168,CCCCCC[N+]1=CC=CC=C1C,"-1,71"
5 169,CN(C)S(=O)(=O)C1C=CC=CC=1,"1,35"
5 170,CC(=O)C1C=CC(=CC=1)C(O)C(CO)NC(=O)C(Cl)Cl,"0,57"
5 171,OC1C2CC(CC2)C1O,"0,40"
5 172,CN(C)CC1=CC=CO1,"1,19"
5 173,ClC1C=NC=CN=1,"0,70"
5 174,CC(O)(CCC)C1CC23C=CC1(OC)C1OC4=C(O)C=CC5CC2N(C)CCC31C=54,"2,79"
5 175,CCOC1=CC=CC=N1,"1,81"
5 176,CC1C=CC(=CC=1)C(=O)C1C=CN=CC=1,"2,51"
5 177,O=C(C1C=CC=CC=1)C1C=CN=CC=1,"1,98"
5 178,COC1C=CC(=CC=1)C(=O)C1C=CN=CC=1,"1,94"
5 179,CC1C=C(OCC(O)CNC(C)(C)C)C(Cl)=CC=1,"2,97"
5 180,CC1NC2C=C(Cl)C=CC=2S(=O)(=O)N=1,"1,21"
5 181,CCC1NS(=O)(=O)C2C=CC(Cl)=CC=2N=1,"1,61"
5 182,COC(=O)CS(=O)(=O)C1C=CC(Cl)=CC=1[N+]([O-])=O,"1,30"
5 183,CC(CC1C=CC=CC=1)N(C)CC#C,"2,90"
5 184,S=C1C=C(CC2C=CC=CC=2)SS1,"3,43"
5 185,CC1=NC=C(C)N=C1C,"0,95"
5 186,COC1=CC=CC=C1NC(=O)C(Cl)Cl,"2,41"
5 187,NC1=CC=NO1,"-0,47"
5 188,O/C(=N\\CC1=CC=CC=C1O)/C1C=CC=CC=1,"2,55"
5 189,CC1(C)CC(N)CC(C)(C)N1O,"0,56"
5 190,CCN1C=C(C(=O)C2=CC3OCOC=3C=C12)C(O)=O,"0,94"
5 191,CC1C=CC2C(C=1)=[N+]([O-])C=CC=2[N+]([O-])=O,"1,42"
5 192,[O-][N+](=O)C1=CC=CC2C1=[N+]([O-])C=CC=2[N+]([O-])=O,"0,76"
5 193,CN(C)C(=O)C1C=COC=1,"0,24"
5 194,COC(=O)CS(=O)(=O)C1C=CC(=CC=1)[N+]([O-])=O,"0,78"
5 195,C1C(N=C2SCCN21)C1C=CC=CC=1,"1,84"
5 196,CCOC1=CN=CC=C1,"1,44"
5 197,COC(=O)NC1C=CC(=CC=1)OC,"1,73"
5 198,COC(=O)NC1=CC=CC=C1OC,"1,84"
5 199,CCC1=CC=CC=C1OC,"3,18"
5 200,CN(C)C(=O)C1=CC=CC=N1,"-0,45"
5 201,CCOP(=S)(ON=C(C#N)C1C=CC=CC=1)OCC,"2,96"
5 202,CC(N)C(O)C1C=CC=CC=1,"0,67"
5 203,COC1=CNN=C1,"0,37"
5 204,CC(C)OC1=CNN=C1,"1,13"
5 205,CN1C(=CN=C1C(C)C)[N+]([O-])=O,"1,36"
5 206,CC1C(=O)C2=C(C(COC(=N)O)C3(OC)C4NC4CN32)C(=O)C=1NC1C=CC=CC=1,"1,30"
5 207,N#CC1C=CN(=O)=CC=1,"-0,94"
5 208,COC1C=CC(=CC=1)C(=O)N(C)N,"1,00"
5 209,CN(N)C(=O)C1=CC=C(C=C1)[N+]([O-])=O,"0,75"
5 210,CC1C=CC=C(C)C=1C(=O)OC,"2,55"
5 211,COC(=O)C1C(Cl)=CC=CC=1Cl,"2,79"
5 212,CC1CC=CC2C(O)C(=C)C(C)C3C(CC4C=CC=CC=4)NC(=O)C23OC(=O)C=CC(O)CCC1,"3,37"
5 213,CCCCCC1C=CC(O)=CC=1,"4,06"
5 214,CSC1NC(=N)N=C(N=1)C(Cl)(Cl)Cl,"3,12"
5 215,NC1=NN=C(S1)S(N)(=O)=O,"-0,90"
5 216,OC1C=CN=C2C=1C=CC=C2O,"0,62"
5 217,CC1=CC=CC=C1/N=C(\\O)/OC,"1,69"
5 218,OCC1OC(C(O)C1O)N1C=CC(=O)N(CC2C=CC=CC=2)C1=O,"0,33"
5 219,O=C1CC2OCCC3CN4CCC56C(C2C3CC54)N1C1=CC=CC=C61,"1,62"
5 220,[O-][N+](=O)C1C=CC=CN=1,"0,48"
5 221,CC1C=CC(O)=C2N=CC=C(C)C=12,"2,71"
5 222,NC1=NC=NC2=CC=CC=C21,"1,28"
5 223,CC1(C)CCC(C)(C)O1,"2,06"
5 224,CC1CCN(CC1)N=O,"1,05"
5 225,ClC(C(Cl)Cl)C(Cl)Cl,"3,23"
5 226,CC12CC3(N)CC(C)(C1)CC(C)(C3)C2,"4,01"
5 227,CC1C=CN=C(O)N=1,"-1,45"
5 228,CC1C=CC(=CC=1)N1C(=N)NC(=N)NC1(C)C,"0,85"
5 229,OCC1C(Cl)=CC=CC=1Cl,"2,02"
5 230,CC1C=C(C=CC=1S(C)(=O)=O)OCC(O)=O,"0,54"
5 231,CC(OC1C=CC=C2C=CC=CC2=1)C(=O)N(CC)CC,"3,36"
5 232,CCC(=O)N1C2=CC=CC=C2N(C2CCN(CCC(C#N)(C3C=CC=CC=3)C3C=CC=CC=3)CC2)C1=O,"4,80"
5 233,CC1C=CC(Cl)=C(NC2=CC=CC=C2CC(O)=O)C=1Cl,"4,93"
5 234,OC(=O)CC1=CC=CC=C1NC1C(Cl)=CC=CC=1Cl,"0,70"
5 235,OC(=O)CC1C=CC=CC=1NC1C(Cl)=CC=CC=1Cl,"4,51"
5 236,ClC1=CC=CC(NC2NCCN=2)=C1Cl,"1,94"
5 237,ClC1C=CC(Br)=CC=1NC1NCCN=1,"2,05"
5 238,CC(C)(C)C1(CC)C(=O)NC(=O)NC1=O,"1,38"
5 239,N#CCC(=O)NC1=CC(Cl)=C(Cl)C=C1,"2,72"
5 240,O=C1CCC(=O)N1C1C=CC=C(Cl)C=1,"0,98"
5 241,COC1C=C(C=C(OC)C=1CC(C)N)OC,"1,57"
5 242,CC(N)CC1C=CC=C(OC)C=1OC,"1,49"
5 243,O=C1NC(=O)CN1C1C=CC=CC=1,"0,83"
5 244,CNC(=O)COC1C=CC=CC=1,"1,02"
5 245,CC1=CC(=CC=C1)C1C(=O)C2=CC=CC=C2C1=O,"3,46"
5 246,COC(=O)CS(=O)(=O)C1C=CC(Cl)=CC=1,"1,31"
5 247,[O-][N+](=O)C1C=C(C=CC=1OC1C=CC(=CC=1)[N+]([O-])=O)C(F)(F)F,"3,65"
5 248,C=CCNC1N=C(Cl)N=C(NCC=C)N=1,"2,75"
5 249,FC(F)(F)C1=CC(=CC=C1)N1CCNCC1,"2,43"
5 250,CC1C=CC(=CC=1Cl)NC(=O)N(C)C,"2,41"
5 251,COC1C=C(C=CC=1)C1CCCCC1=O,"2,42"
5 252,NC(=O)CCCC1=CC=CC=N1,"-0,01"
5 253,NCCCC1=CC=CC=N1,"0,49"
5 254,CC1=CC(OC)=C(CC(C)N)C=C1OC,"2,24"
5 255,CCN1CCCC1CNC(=O)C1C=C(C=CC=1OC)S(N)(=O)=O,"0,57"
5 256,CC1CSC2C(NC(=O)C(N)C3C=CC=CC=3)C(=O)N2C=1C(O)=O,"0,65"
5 257,CC(C)CC1=CC=C(C=C1)C(C)C(O)=O,"3,74"
5 258,CC1=NC=CN=C1CC,"1,07"
5 259,CCC1=NC=CN=C1CC,"1,51"
5 260,CC(=O)C(=CC1=CC=CC=C1Cl)C(C)=O,"2,19"
5 261,CC(=O)C(=CC1=CC(Cl)=CC=C1)C(C)=O,"2,26"
5 262,COC1=CC=CC=C1C=C(C(C)=O)C(C)=O,"1,73"
5 263,COC1C=CC(C=C(C(C)=O)C(C)=O)=CC=1,"1,73"
5 264,CC(=O)C(=CC1C=CC(=CC=1OC)OC)C(C)=O,"1,88"
5 265,CC(=O)C(=CC1C=CC=C(F)C=1)C(=O)OCC,"2,46"
5 266,CC(=O)C(=CC1=CC=CC=C1Cl)C(=O)OCC,"2,84"
5 267,CC(=O)C(=CC1C=CC=C(Cl)C=1)C(=O)OCC,"2,97"
5 268,CC(=O)C(=CC1=CC=CC=C1OC)C(=O)OCC,"2,39"
5 269,CC(=O)C(=CC1=CC(=CC=C1)OC)C(=O)OCC,"2,34"
5 270,CC(=O)C(=CC1C=CC(=CC=1)OC)C(=O)OCC,"2,46"
5 271,CC(=O)C(=CC1=CC(=CC=C1)OCC)C(=O)OCC,"2,71"
5 272,CC(=O)C(=CC1C=CC=C(C=1)OCCC)C(=O)OCC,"3,34"
5 273,CC(=O)C(=CC1C=CC(Cl)=CC=1Cl)C(=O)OCC,"3,67"
5 274,CC(=O)C(=CC1C(Cl)=CC=CC=1Cl)C(=O)OCC,"2,86"
5 275,CC(=O)C(=CC1=CC(Cl)=C(Cl)C=C1)C(=O)OCC,"3,92"
5 276,CC(=O)C(=CC1C=CC(=CC=1OC)OC)C(=O)OCC,"2,41"
5 277,CC1C=CC=C(C=1)C=C(C(=O)OCC)C(=O)OCC,"3,55"
5 278,CCOC1C=C(C=C(C(=O)OCC)C(=O)OCC)C=CC=1,"3,39"
5 279,CCCOC1C=C(C=C(C(=O)OCC)C(=O)OCC)C=CC=1,"4,00"
5 280,CCCCOC1C=C(C=C(C(=O)OCC)C(=O)OCC)C=CC=1,"4,03"
5 281,CC1C=CC=C(C=1)C=CC(C)=O,"2,68"
5 282,CC(=O)C(=CC1C=CC(Br)=CC=1)C(C)=O,"2,75"
5 283,CC1=CC2C3OC(=O)C=CC=3C=CC=2O1,"2,55"
5 284,OC1N=C2C=CC=CC2=NC=1O,"0,20"
5 285,N#CC(=CC1C=CC=CC=1)C(O)=NC1C=CC=CC=1,"3,41"
5 286,COC1C=C(C=C(C(=N)O)C(=N)O)C=CC=1,"0,01"
5 287,CC(C)CC(=O)OC1C=CC=CC=1,"3,18"
5 288,CC1C=CC(C=C(C(C)=O)C(C)=O)=CC=1,"2,14"
5 289,COC1C=C(C=C(C(C)=O)C(C)=O)C=CC=1,"1,79"
5 290,COC1C=C(C=C(C(=O)OCC)C(=O)OCC)C=CC=1OC,"2,89"
5 291,[O-][N+](=O)C=CC1=CC(=CC=C1Cl)[N+]([O-])=O,"2,23"
5 292,CC(=O)C(=CC1C=CC(F)=CC=1)C(C)=O,"1,65"
5 293,N#CC1=CC2C=CNC=2C=C1,"2,38"
5 294,N#CC1=CC2NC=CC=2C=C1,"2,38"
5 295,ClC1C=C(Cl)C(Cl)=CC=1C1C=CC=CC=1,"5,88"
5 296,OCC(O)C1OC2OC(OC2C1O)C(Cl)(Cl)Cl,"1,02"
5 297,CC1=CC(C=C(C(=N)O)C(=N)O)=CC=C1,"0,40"
5 298,NC(CC1C=CC=CC=1)/C(/O)=N/C(CC1C=CC=CC=1)C(=N)O,"1,13"
5 299,O/C(=N\\C1=CC(Cl)=C(Cl)C=C1)/C1CCCC1,"4,47"
5 300,O=C(NC1=CC(Cl)=C(Cl)C=C1)C1CCCCC1,"4,72"
5 301,CN1C(=S)SC(=CC2=CC=C(O2)[N+]([O-])=O)C1=O,"1,06"
5 302,CC1C=CC=C(C=1)NC(=O)NN,"0,68"
5 303,N=C(O)C(=CC1=CC(F)=CC=C1)C(=N)O,"0,10"
5 304,OC1=CC=C(Cl)C(Cl)=C1Cl,"3,80"
5 305,NS(=O)(=O)NC1C=CC=CC=1,"0,40"
5 306,ClC1C=CC=C(Cl)C=1C1C(Cl)=CC=CC=1Cl,"5,94"
5 307,COCN(C(=O)CCl)C1C(CC)=CC=CC=1CC,"3,52"
5 308,C/C(/O)=N/C1C=CN(C2OC(COC(C)=O)C(OC(C)=O)C2OC(C)=O)C(=O)N=1,"-0,16"
5 309,CC1=NC=CN=C1CCC,"1,57"
5 310,CC1=NC=CN=C1CCCC,"2,10"
5 311,[O-][N+](=O)OC1COC2C(O)COC12,"-0,15"
5 312,CCOC1C=C(C=CC=1)/N=C(\\O)/CC1C=CC=CC=1,"3,23"
5 313,ClC1C=C(Cl)C=C(Cl)N=1,"2,68"
5 314,ClC1C=NC(Cl)=C(Cl)C=1,"3,11"
5 315,CC1C=CC=C2NC=CC2=1,"2,54"
5 316,ClC1C=NC(Cl)=CC=1,"2,40"
5 317,OC(COC1=CC=CC2OC(=CC(=O)C=21)C(O)=O)COC1=CC=CC2OC(=CC(=O)C=21)C(O)=O,"1,92"
5 318,[O-][N+](=O)C1C=CC(=CC=1)NC=O,"1,43"
5 319,N#CC1C=CC=C2NC=CC=12,"2,46"
5 320,COC1C=C(C=CC=1)N1C(=O)CCC1=O,"0,18"
5 321,CC(=O)NC1C=C(C=C(C=1)C(F)(F)F)C(F)(F)F,"3,72"
5 322,CS(=O)(=O)OC1C=CC=CC=1,"1,25"
5 323,CC(=O)NC1C=CN=CN=1,"0,03"
5 324,CC=C1CC2CC1C=C2,"3,82"
5 325,C(C1C=CC=CC=1)N1C=NN=C1,"0,74"
5 326,[O-][N+](=O)C1=CC=CC2C1=C(C=C[N+]=2[O-])[N+]([O-])=O,"0,95"
5 327,CNC1N=C(N=C(N=1)N(C)C)N(C)C,"1,83"
5 328,CN(C)C1N=C(N=C(N=1)N(C)C)N(CC)CC,"3,45"
5 329,ClC1=NC=NC2SC=CC=21,"1,79"
5 330,CCSP(N)(=O)OCC,"0,15"
5 331,CCCNP(=O)(OC)SC,"0,65"
5 332,CS(=O)(=O)C1C=NC2=CC=CC=C2N=1,"0,79"
5 333,CCN(N=O)C(C)C,"0,90"
5 334,CN1CCN(CC1)N=O,"0,20"
5 335,N#CCN(CC#N)N=O,"0,04"
5 336,COC1=NC=NC2=CC=CC=C21,"1,97"
5 337,O=CN(CC1C=CC=CC=1)C1C=CC=CC=1,"2,62"
5 338,CC1=CC(=CC=C1O)NC(C)=O,"0,79"
5 339,CC(C)C1CCC(C)CC1OC(C)=O,"4,00"
5 340,CC(=O)OC1(CCC2C3CCC4=CC(=O)CCC4(C)C3C(O)CC12C)C(=O)CO,"2,30"
5 341,CC12CCC(CC1CCC1C2CCC2(C)C(CCC21O)C1COC(=O)C=1)OC1CC(O)C(OC2CC(O)C(O)C(C)O2)C(C)O1,"2,15"
5 342,CC1=CC(=CC=C1)NC1=CC=CC=C1C(O)=O,"4,88"
5 343,CCCOC1C=C(O)C=CC=1,"2,59"
5 344,OC(=O)CCOC1C=CC=C2C=CC=CC2=1,"3,00"
5 345,OC(=O)CCCOC1=CC=CC2=CC=CC=C21,"3,50"
5 346,NC1C=CC=C2N=CC=NC2=1,"1,29"
5 347,CC(C)(C(O)=O)N1N=C2C=CC=CC2=N1,"0,64"
5 348,CN1N=C2C=CC=CC2=N1,"1,64"
5 349,CCN1N=C2C=CC=CC2=N1,"2,10"
5 350,CCN1N=NC2=CC=CC=C12,"1,58"
5 351,OC12CCC(=O)C3OC4C5=C(CC1N(CC1CC1)CCC253)C=CC=4O,"1,92"
5 352,C[N+](C)(C)CC1C=NC=CC=1,"-3,50"
5 353,ClC1=CC=CC(C2C=CC=CC=2)=C1Cl,"5,02"
5 354,ClC1=CC(C2C=CC(Cl)=CC=2)=C(Cl)C=C1,"5,74"
5 355,CC1C=CC(=CC=1)C(=N)C1C=CC(C)=CC=1,"3,71"
5 356,CC(=O)NC1C(=CC=CC=1C(C)C)C(C)C,"2,41"
5 357,CN(CCCC(C#N)(C(C)C)C1C=C(OC)C(OC)=C(C=1)OC)CCC1C=CC(OC)=C(C=1)OC,"3,71"
5 358,COC(=O)NC1=CC=CC=C1F,"1,66"
5 359,CC(=O)NC1C(CC)=CC=CC=1CC,"1,85"
5 360,OP(O)(=O)CCCl,"-0,22"
5 361,CN1C=C(N=C1Br)[N+]([O-])=O,"0,33"
5 362,CC(=O)N(C)S(=O)(=O)C1C=CC(C)=CC=1,"1,73"
5 363,COC(=O)NC1C=CC(F)=CC=1,"1,95"
5 364,CC(=NOC(=O)NC)SC,"0,60"
5 365,OCC1OC(SC2C=CC=CC=2)C(O)C(O)C1O,"-0,56"
5 366,COC1C(=CC(Cl)=C(Cl)C=1Cl)OC,"4,01"
5 367,CC1=NC=C(N1CC(O)CCl)[N+]([O-])=O,"0,60"
5 368,NC1C=CC(=CC=1)S(=O)(=O)NC1C=CC(Cl)=CC=1,"2,71"
5 369,CC1C=CC(=CC=1)NS(=O)(=O)C1C=CC(N)=CC=1,"2,11"
5 370,CC1=CC=CC=C1NS(=O)(=O)C1C=CC(N)=CC=1,"2,03"
5 371,CC1C=CC(Br)=CC=1NC1NCCN=1,"1,94"
5 372,CC1C=CC(Cl)=CC=1NC1NCCN=1,"1,83"
5 373,CC1=C(Br)C=CC=C1NC1NCCN=1,"1,94"
5 374,CC1C=CC=C(NC2NCCN=2)C=1Cl,"1,83"
5 375,CCCCCCCCCCCCCCCC1C=CC(O)=CC=1O,"8,29"
5 376,COC1=CC=CS1,"2,13"
5 377,OC1OC(=O)C2=CC=CC=C21,"0,57"
5 378,CC1=CC(=O)N2C(C=CC=C2C)=N1,"1,05"
5 379,CC1C(=O)N2C=CC=CC2=NC=1C,"1,00"
5 380,CC1=CC=CC2=NC=C(C(=O)N12)C(=O)OCC,"0,96"
5 381,CNC1C=CC(=CC=1)S(N)(=O)=O,"0,08"
5 382,CC(=C)C(=O)OCC(O)COC1C=CC=CC=1,"2,27"
5 383,CC1=CC=CC=C1C=CC(C)=O,"2,60"
5 384,CC(C)C1NC(=O)NC1=O,"-0,36"
5 385,NNC(=O)NCC1C=CC=CC=1,"-0,22"
5 386,NS(=O)(=O)C1C=CC(=CC=1)S(N)(=O)=O,"-0,96"
5 387,CCCCCCCC=CCCCCCCC(O)=O,"6,58"
5 388,CC(=O)NC1C=CC(=CC=1)C(=O)OC,"1,79"
5 389,CCCCC1(CCCC)C(=O)NC(=O)NC1=O,"2,70"
5 390,CC1CC(O)C2C(OC(=O)C2=C)C2(C)C1CCC2=O,"0,23"
5 391,C/C(/O)=N/N=C(\\O)/NC1C=CC(C)=CC=1,"0,67"
5 392,C/C(/O)=N/N=C(\\O)/NC1C=CC(=CC=1)OC,"0,11"
5 393,C/C(/O)=N/N=C(\\O)/NC1=CC=C(Cl)C=C1,"1,12"
5 394,COC1C=CC(=CC=1)S(=O)(=O)C1C=CC(N)=CC=1,"1,96"
5 395,CCOP(=O)(SC1C=CC=CC=1)SC1C=CC=CC=1,"3,48"
5 396,S=C=NCC1=CC=CC2=CC=CC=C21,"4,42"
5 397,NC(=O)C1C=CC=CC=1C#N,"0,00"
5 398,ClC1C=CN=CN=1,"0,47"
5 399,ClC1C=NC=NC=1,"0,47"
5 400,CC(=O)NC(CC1C=CC=CC=1)C(=O)NC,"0,40"
5 401,CC(CC(C(O)CC)(C1C=CC=CC=1)C1C=CC=CC=1)N(C)C,"4,27"
5 402,NC1=NON=C1N,"-0,49"
5 403,ClC1=CSC=C1,"2,55"
5 404,CN(C)C1C=CC=NN=1,"0,29"
5 405,CN(C)C1=CN=NC=C1,"-0,09"
5 406,NS(=O)(=O)C1C=CC=C(Cl)C=1,"1,29"
5 407,OC(=O)C1C=C2C=CC=CC2=CC=1,"-1,07"
5 408,[O-][N+](=O)C1C=CC(=CC=1)C(O)C(CO)/N=C(/O)\\CCl,"0,59"
5 409,[O-][N+](=O)C1=NC=CN1C1OC(CO)C(O)C1O,"-1,15"
5 410,CN(C)C=NC1C=CN(C2CC(O)C(CO)O2)C(=O)N=1,"-1,54"
5 411,CC(C)OC(C)(C)C,"1,83"
5 412,OC1=CC=CC=C1C(=O)NCN1CCOCC1,"1,27"
5 413,[O-][N+](=O)C1C=CC(=CC=1)C(O)C(CO)/N=C(/O)\\C(Br)Br,"1,36"
5 414,NC1=CC2=CC=CC=C2N=N1,"1,00"
5 415,OC(=O)C1C2=CC=CC=C2SC2=CC=CC=C21,"2,57"
5 416,ClC1=CC2=CC=CC=C2N=N1,"1,57"
5 417,CC(CC)(OC1C=CC(Cl)=CC=1)C(O)=O,"2,90"
5 418,ClC1=CC2NC=CC=2C=C1,"3,25"
5 419,CCOC(=O)C(=CC1=CC=CC=C1[N+]([O-])=O)C(=O)OCC,"2,54"
5 420,CC(=O)NNC(=O)C1=CC=CC=N1,"-0,57"
5 421,NNC(=O)NC1=CC=C(C=C1)[N+]([O-])=O,"-0,18"
5 422,NNC(=O)NC1=CC=CC=C1[N+]([O-])=O,"-0,47"
5 423,C1COCCOCCOCCOCCOCCO1,"-0,68"
5 424,C1COCCOCCOC2=CC=CC=C2OCCOCCOCCOCCOC2=CC=CC=C2OCCO1,"1,80"
5 425,CC1=N[Se]N=C1C,"0,89"
5 426,NC1N=C(N)C2C(Cl)=CC=CC=2N=1,"1,72"
5 427,N#CC1=CC2=C(C=C1)N=C(O)CN=C2C1C=CC=CC=1,"1,82"
5 428,COC1C=C(C=CC=1)C=CC(O)=O,"2,37"
5 429,CC(=O)OC1CC(OC(C)C1OC1OC(CO)C(O)C(O)C1O)OC1C(O)CC(OC2C(O)CC(OC3CCC4(C)C5CCC6(C)C(CCC6(O)C5CCC4C3)C3COC(=O)C=3)OC2C)OC1C,"1,23"
5 430,CC(=O)OC1CC(OC(C)C1OC1OC(CO)C(O)C(O)C1O)OC1C(O)CC(OC2C(O)CC(OC3CCC4(C)C5CC(O)C6(C)C(CCC6(O)C5CCC4C3)C3COC(=O)C=3)OC2C)OC1C,"0,07"
5 431,[O-][N+](=O)C1=CC2C=CC=CC=2N=C1,"1,97"
5 432,CC1C(=O)C2=CC=CC=C2OC=1C,"2,31"
5 433,COC1C=C2OC(C)(C)C=CC2=CC=1,"3,35"
5 434,CN(C)C(CSS(=O)(=O)C1C=CC=CC=1)CSS(=O)(=O)C1C=CC=CC=1,"3,36"
5 435,OC1=NC2C=CC(Cl)=CC=2C(=NC1O)C1=CC=CC=C1F,"1,81"
5 436,C1=NC2=CC=CC=C2C(=N1)C1C=CC=CC=1,"2,71"
5 437,CN1C(=O)N=C(C2=CC=CC=C12)C1C=CC=CC=1,"1,79"
5 438,COC1N=C(C2=CC=CC=C2N=1)C1C=CC=CC=1,"3,50"
5 439,CC1=NON=C1CC,"1,18"
5 440,CC1=NON=C1N,"0,09"
5 441,COP(=O)(OC1C=CC(=CC=1Cl)[N+]([O-])=O)OC,"1,83"
5 442,NC1N=CN=C2N=C(NC2=1)C1=CC(=CC=C1)[N+]([O-])=O,"1,93"
5 443,CCCOC(=O)NC,"0,95"
5 444,CNC(=O)NN,"-2,20"
5 445,[O-][N+](=O)C1=CC=C(Cl)C(Cl)=C1Cl,"3,61"
5 446,CC(=O)NC1C(Cl)=CC=CC=1Cl,"1,32"
5 447,CC1(C)N=C(N)N=C(N)N1C1=CC(=CC=C1)[N+]([O-])=O,"0,06"
5 448,NC1N=CN=C2N=C(NC2=1)C1C=CC=CC=1,"2,31"
5 449,CC1CCCC(C)N1N=O,"1,36"
5 450,C(C1=CN=CC=C1)N1CCOCC1,"0,04"
5 451,CC1OCCS(=O)C=1C(=O)NC1C=CC=CC=1,"0,64"
5 452,CC1(C)OC2C(O)=CC=CC=2C1=O,"1,87"
5 453,CNP(=O)(OC1C=CC(=CC=1)OC)OC,"1,06"
5 454,O=C1C2C=CC=CC=2C(=O)N1SC1CCCCC1,"3,66"
5 455,CCCCNC(=O)N1C(NC(=O)OC)=NC2C=CC=CC1=2,"2,12"
5 456,OC(=O)C=CC(=O)C1C=CC=CC=1,"1,53"
5 457,C=CC(=O)OCCOCCOCCOCCOC(=O)C=C,"1,26"
5 458,OCC1C=CC=CC=1Cl,"1,77"
5 459,OC(=O)C1C=CC(Cl)=CC=1NC1=CC(Cl)=CC=C1,"5,00"
5 460,CC(C)(C)C(=O)NN,"-0,35"
5 461,O=C1NC(=O)C(F)=CN1C1CCCO1,"-0,27"
5 462,CC(=O)OCC1CSC2C(/N=C(\\O)/CC3=CC4=CC=CC=C4S3)C(=O)N2C=1C(O)=O,"1,29"
5 463,OCCCCC1=CC=CC=N1,"0,86"
5 464,CC(=C)C1CC=C(CC1)C=O,"3,13"
5 465,COC1C=C(C=C(OC)C=1OC)C(=O)OC1N=C(C2C=C(Cl)C=CC=2N=C1O)C1C=CC=CC=1,"3,75"
5 466,OC(=O)CC1SC(=NC=1C1C=CC(Cl)=CC=1)C1C=CC=CC=1,"5,19"
5 467,CC(C)/C(/O)=N\\C(CO)C(O)C1=CC=C(C=C1)[N+]([O-])=O,"0,79"
5 468,NC(=O)C1C(F)=CC=CC=1F,"0,25"
5 469,O=C(CC1C=CC=CC=1)NC1C=CC=C(Cl)C=1,"3,61"
5 470,CC1C=CC=C(C)C=1N(CCCN(CC)CC)C(=O)CC1C=CC=CC=1,"4,94"
5 471,CC1C=NC(CC)=C(CC)N=1,"1,95"
5 472,COP(=S)(OC1=CC(Cl)=C(I)C=C1Cl)OC,"5,51"
5 473,CC(C)OC(=O)C(O)(C1C=CC(Br)=CC=1)C1C=CC(Br)=CC=1,"5,40"
5 474,ClC1=C(C2C=CC=CC=2)C(Cl)=C(Cl)C(Cl)=C1Cl,"6,75"
5 475,C/N=C(\\O)/OC1=CC(Cl)=C(Cl)C=C1,"2,80"
5 476,CNC(=O)OC1C=CC(=CC=1)C#N,"0,95"
5 477,C/N=C(\\O)/OC1C=C(Cl)C=CC=1Cl,"2,44"
5 478,CC(Cl)C(NC(=O)C1CC(CCC)CN1C)C1OC(SC)C(O)C(O)C1O,"2,16"
5 479,O=C1CCC2CCC(=O)N12,"-1,11"
5 480,CC(C)C(=O)CC(=O)C(C)C,"2,22"
5 481,[O-][N+](=O)C1=CC=CC=C1N1C(=O)CCC1=O,"0,36"
5 482,CCOC(CCC#N)OCC,"0,75"
5 483,CSC1=CC=CC=N1,"1,71"
5 484,NCCC1=NC=CS1,"0,16"
5 485,CC1(C)OC2C3OC(C)(C)OCC3OC2(O1)C(O)=O,"1,35"
5 486,C(C1=NNN=N1)C1C=CC=CC=1,"1,36"
5 487,O=C(COC1C=CC=CC=1)N1CCOCC1,"0,74"
5 488,O=C1CN=NC2=CC=CC=C21,"0,82"
5 489,C=C1C2C3OC(=O)C(=C)C3C(O)CC2(COC1=O)C=C,"0,31"
5 490,COC(=O)NC1C=C(C=CC=1)C(F)(F)F,"2,74"
5 491,CCC1N=C(N)N=C(N)C=1C1=CC(Cl)=C(Cl)C=C1,"3,03"
5 492,CC(=O)NC1=NN=C(C)CC1=O,"-0,89"
5 493,CC1=CC(O)=C(N)N=N1,"-0,85"
5 494,CC1N=C(C=C(N=1)N1N=C(C)CC1=O)OC,"0,72"
5 495,CC1N=C(C=C(C)N=1)N1N=C(C)CC1=O,"0,89"
5 496,CC1SSC(=S)C=1C1C=CC=CC=1,"3,17"
5 497,CC1C=C(C=C(C=1)C(C)(C)C)O/C(/O)=N/C,"3,35"
5 498,O=C1C(=NC2C=CC=CC=2)C(C(=O)C2=CC=CC=C12)S(=O)(=O)C1C=CC=CC=1,"3,38"
5 499,CNC(=O)N(C)C1=NC2C=CC=CC=2S1,"2,64"
5 500,COC1=CC(C)=NN1C1=NC(=CC(C)=N1)OC,"1,26"
5 501,CC1C=C(OC)N(N=1)C1C=CN=CN=1,"0,50"
5 502,CC1C=C(OC)N(N=1)C1=CC(=NC=N1)OC,"1,53"
5 503,CC1C=C(OC)N(N=1)C1N=C(C)C=C(C)N=1,"0,73"
5 504,CC1=CC(O)=NN1C1C=CN=CN=1,"1,40"
5 505,OC(=O)CC1=CC=CC=C1I,"2,33"
5 506,O/C(/COC1C=CC=CC=1)=N\\C1C=CC=CC=1,"2,73"
5 507,S=C=NC1C=CC(=CC=1)C1C=CC(=CC=1)N=C=S,"5,50"
5 508,[O-][N+](=O)C1C(Cl)=CC(Cl)=CC=1Cl,"3,69"
5 509,C1CN(CCO1)C1=NC=NC2C=CSC=21,"1,65"
5 510,NC1SC2=CC=CC=C2C=1C#N,"2,17"
5 511,O=S1(=O)N=C(NC2=CC=CC=C12)C1C=CC=CC=1,"1,78"
5 512,CC1=NN=C(SC)N(N)C1=O,"-0,16"
5 513,COC1=NN=C(C(C)C)C(=O)N1N,"-0,06"
5 514,CCOP(=S)(OC1C=C(ON=1)C1C=CC=CC=1)OCC,"3,73"
5 515,CN(C(=O)COC1C=CC=CC=1)C1C=CC=CC=1,"2,25"
5 516,CC1C=CC=C(C)C=1/N=C(\\O)/CN,"0,41"
5 517,CC1NC(Br)=C(N=1)[N+]([O-])=O,"1,14"
5 518,CC1=CC(O)C2CC1C2(C)C,"3,16"
5 519,CNC1CC2CCC1C1=CC=CC=C12,"2,68"
5 520,CN(N=O)C(=O)NC1C(O)C(O)C(CO)OC1O,"-1,45"
5 521,CN(C)C(=O)CC1C=CC=CC=1,"1,48"
5 522,CCC(C)C#N,"1,05"
5 523,CC(C)/N=C(\\O)/C1C=CC=NC=1,"0,59"
5 524,CCCOC1C=CC(O)=CC=1,"2,33"
5 525,CCCCCOC1C=CC(O)=CC=1,"3,50"
5 526,CCCCOC1C=C(O)C=CC=1,"3,03"
5 527,CCCCCOC1C=C(O)C=CC=1,"3,63"
5 528,[O-][N+](=O)C=CC1=CC=C(Cl)C=C1Cl,"3,26"
5 529,CCOC1OC(CO)C(O)C(O)C1O,"-2,28"
5 530,C[N+](C)(C)CC1C=CC=CN=1,"-3,40"
5 531,CCCN(CCC)C1C(=CC(=CC=1[N+]([O-])=O)S(N)(=O)=O)[N+]([O-])=O,"3,73"
5 532,COC1C=C(C=C(C=1)OC)C1C(=O)C2=CC=CC=C2C1=O,"2,86"
5 533,O=C1C(C2=CC(=CC=C2)C(F)(F)F)C(=O)C2=CC=CC=C12,"3,78"
5 534,OCC1C(F)=CC=CC=1F,"1,12"
5 535,COC1C=CC=NN=1,"0,08"
5 536,NC1=NN=CC2=CC=CC=C21,"0,82"
5 537,C[N+](C)(C)CC1C=CN=CC=1,"-3,95"
5 538,CC(Cl)C(NC(=O)C1CC(CN1)CCCCC)C1OC(SC)C(O)C(O)C1O,"2,74"
5 539,CC1C=CC=C(C)C=1C#[N+][O-],"2,74"
5 540,CC1C=C(Br)C=C(C)C=1C#[N+][O-],"3,63"
5 541,OCC1NCC(O)C(O)C1O,"-1,80"
5 542,[O-][N+](=O)C1NC=NC=1[N+]([O-])=O,"0,65"
5 543,CN1C=NC(=C1[N+]([O-])=O)[N+]([O-])=O,"0,41"
5 544,CC1NC(=C(N=1)[N+]([O-])=O)[N+]([O-])=O,"0,77"
5 545,CC1=NC(=C(N1C)[N+]([O-])=O)[N+]([O-])=O,"0,49"
5 546,OCC(CBr)(CO)CO,"-0,70"
5 547,CC1CC2OC(=O)C3(C)C2C(OC3(C)O)C2(C)C1C=CC2=O,"0,30"
5 548,CCC1N=NC(=O)NC1=O,"0,22"
5 549,CC1C=CC=C(C)C=1/N=C(\\O)/C(C)N(C)C,"1,53"
5 550,OC(=O)C1C=CC(Cl)=CC=1NC1C=CC=CC=1,"4,25"
5 551,CC(=O)NC1C=CC=C(I)C=1,"2,64"
5 552,C/C(/O)=N/C1=CC=CC=C1C(C)C,"1,71"
5 553,CC(C)(C)C1=CC=CC=C1OCC(O)=O,"3,33"
5 554,NC1C=C2C=NNC2=CC=1,"0,65"
5 555,OCC(=O)NCC1C=CC=CC=1,"0,55"
5 556,CC(C)NCC(O)COCC1C=CC=CC=1,"1,62"
5 557,COC1C=C(C=CN=1)C(=O)NN,"-0,10"
5 558,CCN(CC)C1C=C(C=CN=1)C(O)N=N,"1,12"
5 559,CN1C=CCC(=O)C1=O,"-0,40"
5 560,NS(=O)(=O)C1C=C2C(=CC=1Br)NC=NS2(=O)=O,"0,00"
5 561,CC1=NC=C(N1CCS(=O)(=O)CC)[N+]([O-])=O,"-0,35"
5 562,CC1=NC=C(N1CCS(=O)(=O)CCC)[N+]([O-])=O,"0,23"
5 563,CC1=NC=C(N1CCS(C)(=O)=O)[N+]([O-])=O,"-0,82"
5 564,CC1C=CC(=CC=1)C1N=C(N)N=C(N)N=1,"1,92"
5 565,CC1=NC=C(N1CCS(=O)(=O)C(C)C)[N+]([O-])=O,"0,13"
5 566,CC1C=C(Cl)C=CC=1Cl,"3,97"
5 567,CC1=CC=CC=C1C=C(C(C)=O)C(C)=O,"1,98"
5 568,CC(=O)C(=CC1C=CC(Cl)=CC=1)C(C)=O,"2,32"
5 569,CC(=O)C(=CC1C=CC(Cl)=CC=1)C(=O)OCC,"3,04"
5 570,NC(=O)C(=CC1C=CC=CC=1)C(N)=O,"-0,13"
5 571,COC(=O)CC1=CC=CS1,"1,51"
5 572,COC(=O)C1C=CC=C(O)C=1,"1,89"
5 573,O=S1(=O)N=CNC2C=CC(Cl)=CC1=2,"1,07"
5 574,O=S1(=O)NC=NC2C=C(Cl)C=CC1=2,"1,01"
5 575,CNC1CC2=CC=CC=C2CC1,"2,38"
5 576,S=C=NCC1=CC2=CC=CC=C2C=C1,"4,42"
5 577,CCOC(=O)N1C(=NC2=CC=CC=C12)C1=CSC=N1,"2,51"
5 578,COP(=O)(NC)OC1C=CC(=CC=1)C(C)(C)C,"2,71"
5 579,COP(=O)(NC)OC1C=C(C=CC=1)C(C)(C)C,"2,65"
5 580,CC(=O)NC1=CC=CC=C1I,"1,62"
5 581,CCOC(=O)C(=C1SCCS1)C(=O)OCC,"2,45"
5 582,COP(=O)(NC)OC1=CC=CC=C1Cl,"1,61"
5 583,CC(C)OC1=CC(=C(Cl)C=C1Cl)N1N=C(OC1=O)C(C)(C)C,"4,80"
5 584,COP(=O)(NC)OC1C=CC(Cl)=CC=1,"1,85"
5 585,CC(=O)NC(C(C)C)C(=O)NC,"-0,35"
5 586,COC(=O)C(=C1SCCS1)C(=O)OC,"1,51"
5 587,[O-][N+](=O)C1C=CC2CCNC=2C=1,"1,92"
5 588,CC(C)NCC1=CN=CC=C1,"0,82"
5 589,CCCNCC1=CN=CC=C1,"0,90"
5 590,CCNCCC1=CN=CC=C1,"0,54"
5 591,ClC1C=NC(Cl)=CN=1,"1,58"
5 592,C1=CC=CC=C1C1=NON=C1C1C=CC=CC=1,"3,83"
5 593,CNC1=NC2=CC=CC=C2O1,"1,82"
5 594,[O-][N+]1C=CC(=C2C=CC=C(F)C=12)[N+]([O-])=O,"1,00"
5 595,CCN1CCCCCC1=O,"0,65"
5 596,S=C1CC=NC=C1,"0,20"
5 597,COC1C=CC(=CC=1)NS(=O)(=O)C1C=CC(N)=CC=1,"1,51"
5 598,COC1=CC=CC=C1NS(=O)(=O)C1C=CC(N)=CC=1,"1,56"
5 599,NC1C=CC(=CC=1)S(=O)(=O)NC1=CC=CC=C1Cl,"2,00"
5 600,NC1C=CC(=CC=1)S(=O)(=O)NC1C=CC=CC=1[N+]([O-])=O,"2,11"
5 601,N#CC1C=NC=CN=1,"-0,01"
5 602,OC1C=CC(=CC=1O)C1=CC(=O)C2C(=CC=CC=2O)O1,"3,31"
5 603,OC1CC(=O)C(N=1)C1C=CC=CC=1,"0,48"
5 604,CC1C=CC(C=N(=O)C2C=CC=CC=2)=CC=1,"2,41"
5 605,[O-][N+](=O)C1C=CC(=CC=1)C(O)C(CO)/N=C(/O)\\C(Cl)(Cl)Cl,"1,97"
5 606,COC1C=CC(=CC=1Cl)NC(=O)N(C)C,"1,64"
5 607,CCNC(C)C,"0,93"
5 608,CC12CC3CC(N)(CC(C)(C3)C1)C2,"3,28"
5 609,ClC1=C2C=CC=CC2=C(Cl)C(Cl)=C1Cl,"5,75"
5 610,CC1=CC(/C(/O)=N/S(=O)(=O)C2C=CC(N)=CC=2)=C(C)C=C1,"2,19"
5 611,CC1NS(=O)(=O)C2C=C(C=CC=2N=1)C(F)(F)F,"1,51"
5 612,CCCCCCCCCCCC1=CC=CC=C1O,"7,17"
5 613,CCCCCCCCCCCC1C=CC=C(O)C=1,"6,98"
5 614,CCCCCCCCCCCC1C=CC(O)=CC=1,"7,18"
5 615,C=C(CC(Cl)(Cl)Cl)C1C=CC=CC=1,"4,56"
5 616,CC12OC1C(O)C1C(=C)CC(OC(=O)C(C)=CC)C3C(OC(=O)C3=C)C21O,"1,37"
5 617,O=C(CCl)NC1=CC(Cl)=C(Cl)C=C1,"3,29"
5 618,CNCC1=CN=CC=C1,"0,39"
5 619,CCCCNCC1=CN=CC=C1,"1,34"
5 620,CC(C)N(CC1=CN=CC=C1)C(C)C,"2,27"
5 621,NCCC1=CN=CC=C1,"-0,11"
5 622,CN(C)CCC1=CN=CC=C1,"0,82"
5 623,C(CN1CCCC1)C1=CN=CC=C1,"1,34"
5 624,CCN(CCC1=CN=CC=C1)CC,"1,23"
5 625,CCCNCCCC,"2,12"
5 626,NC1NC2=CC=CC=C2C(=O)N=1,"0,60"
5 627,CCC(CCC)C(O)=O,"2,23"
5 628,COC1=CC=CC=C1N=NN(C)C,"2,34"
5 629,CN(C)N=NC1=CC=CC=C1Cl,"3,03"
5 630,CC1C=CC=C(C=1)N=NN(C)C,"2,85"
5 631,CN(C)N=NC1C=C(Cl)C=CC=1,"3,44"
5 632,CN(C)N=NC1=CC(=CC=C1)[N+]([O-])=O,"2,75"
5 633,CN(C)N=NC1C=C(C=CC=1)C(O)=O,"2,03"
5 634,O=CC=CC#CC#CC1C=CC=CC=1,"3,09"
5 635,CC1=CC=C(C=C1)OC1OC(CO)C(O)C(O)C1O,"-0,16"
5 636,CC(C)C1C=C(C=CC=1)C1C=CC=CC=1,"5,33"
5 637,COC1C=CC(CC2=CN=C(N)N=C2N)=CC=1,"1,34"
5 638,COC1=C(Cl)C=C(CC2C=NC(=N)NC2=N)C=C1OC,"1,92"
5 639,CCCCC(COC(=O)CCCCCCCCCCC)CC,"8,03"
5 640,NC(=S)C1=CC=CS1,"1,34"
5 641,CCOC1=CC=CC=C1C(=O)N1CCCCC1,"2,60"
5 642,CC(=O)NC1C=CC(=CC=1)C(C)(C)C,"3,05"
5 643,C/C(/O)=N/C1C=CC(CCC)=CC=1,"2,75"
5 644,COC1C=C(CC2=CN=C(N)N=C2N)C=C(C=1)OC,"1,57"
5 645,CC(C)N(C(C)C)C(=O)C1C=CC=CC=1,"2,50"
5 646,[O-][N+](=O)C1=CC(Cl)=C(O)C(Cl)=C1Cl,"3,93"
5 647,CC(=NOC(O)=NC)C(C)(C)[N+]([O-])=O,"0,66"
5 648,O=S1(=O)NC(=NC2=CC=CC=C12)C1CCCC1,"1,83"
5 649,O=S1(=O)N=C(CC2C=CC=CC=2)NC2=CC=CC=C12,"1,89"
5 650,CC(=O)C(=CC1=CC(OC)=C(C=C1)OC)C(=O)OCC,"2,02"
5 651,CC=C(C)C(=O)OC1CC(O)(CCl)C2C(C=C(C)C2(O)C2OC(=O)C(=C)C21)OC(C)=O,"1,42"
5 652,CC(=O)C=CC1C=CC(Br)=CC=1,"3,03"
5 653,OCCOCCOC(=O)C1C=CC=CC=1,"1,16"
5 654,CCCCNC(=O)NN,"-0,60"
5 655,CCN(CCC)CCC,"2,68"
5 656,CC1C=CC=C(C)C=1NC(=O)OC,"1,69"
5 657,CCCCC1=CC=C(C=C1)C(O)=O,"3,97"
5 658,COC(=O)NC1=CC=CC=C1Cl,"2,16"
5 659,CC1C=CC=C(C)C=1N(CCN(CC)CC)C=O,"3,21"
5 660,NC(CC1=CNC2=CC=CC=C21)C(=O)NC(CC1=CNC2=CC=CC=C21)C(O)=O,"-0,27"
5 661,OC1C(OC2=CC(O)=CC=C2C1=O)C1=CC(O)=C(O)C=C1,"0,87"
5 662,COC1=CN=NC=C1,"-0,31"
5 663,NC1=CN=NC=C1,"-0,53"
5 664,CC(=O)C=CC1=CC(=CC=C1)OC,"2,27"
5 665,CC(=O)C=CC1C=CC=C(Cl)C=1,"2,81"
5 666,CC(=O)C=CC1=CC=CC=C1Cl,"2,85"
5 667,CC1=CC(=CC(C)=C1)OC1OC(CO)C(O)C(O)C1O,"0,26"
5 668,CC1C=CC(C(C)C)=C(C=1)OC1OC(CO)C(O)C(O)C1O,"1,07"
5 669,OCC1OC(OC2C=C(C=CC=2)C(F)(F)F)C(O)C(O)C1O,"0,49"
5 670,CNC(=O)NC1=CC(Cl)=C(C=C1)OC,"1,76"
5 671,NC1=CC=C(C=C1)OC1OC(CO)C(O)C(O)C1O,"-2,67"
5 672,OC1C=CC(CC2N=C(O)C(CC3=CNC4=CC=CC=C34)N=C2O)=CC=1,"1,05"
5 673,CC12CCC(CC1CCC1C2CC(O)C2(C)C(CCC21O)C1COC(=O)C=1)OC1CC(O)C(OC2CC(O)C(OC3CC(O)C(O)C(C)O3)C(C)O2)C(C)O1,"1,26"
5 674,CC(=O)C1(O)CC2C(C(C1)OC1CC(N)C(O)C(C)O1)=C(O)C1=C(C(=O)C3=CC=CC(OC)=C3C1=O)C=2O,"1,83"
5 675,CCC1=CC(=CC=C1)OC1OC(CO)C(O)C(O)C1O,"0,31"
5 676,CC(C)(C)C1=CC(=CC=C1)OC1OC(CO)C(O)C(O)C1O,"1,01"
5 677,OC1C(CO)OC(OC2C=CC(I)=CC=2)C(O)C1O,"0,75"
5 678,[O-][N+](=O)C1=CC(=CC=C1)OC1OC(CO)C(O)C(O)C1O,"-0,51"
5 679,CC1C=COC=1CN(C)C,"1,63"
5 680,N#CCC1=CC=CS1,"1,26"
5 681,O=NN1CCCCCCC1,"1,48"
5 682,O=NN1CCCCCCCC1,"2,04"
5 683,CNC(=O)NC1=CC(Cl)=CC=C1,"2,18"
5 684,CN(C)C(=O)NC1C=CC(Br)=CC=1,"2,19"
5 685,C1CNCCN1C1N=CC=CN=1,"0,49"
5 686,CC(=O)OC1CC2C(CCC3CC(CCC32C)OC2CC(O)C(OC3CC(O)C(OC4CC(O)C(O)C(C)O4)C(C)O3)C(C)O2)C2(O)CCC(C3COC(=O)C=3)C21C,"2,29"
5 687,OC1C=C(C=CC=1)NC1=CC=CC=C1C(O)=O,"3,49"
5 688,CSC1=NN=C(CCC(C)C)C(=O)N1N,"1,85"
5 689,CSC1=NN=C(C2CCCCC2)C(=O)N1N,"2,14"
5 690,CCCCCCC1=NN=C(SC)N(N)C1=O,"2,68"
5 691,CNC1=NN=C(C(C)C)C(=O)N1N,"0,30"
5 692,CSC1=NN=C(C2CCCCO2)C(=O)N1N,"0,38"
5 693,CCC1=NN=C(SC)N(N)C1=O,"0,46"
5 694,CCCC1=NN=C(SC)N(N)C1=O,"0,93"
5 695,CSC1=NN=C(C(C)C)C(=O)N1N,"1,01"
5 696,CSC1=NN=C(CC(C)C)C(=O)N1N,"1,39"
5 697,CSC1=NN=C(C(=O)N1N)C(C)(C)C,"1,70"
5 698,CC1=NC=C(N1CCO[N+]([O-])=O)[N+]([O-])=O,"0,81"
5 699,CC1=NC(=C(Br)N1C)[N+]([O-])=O,"0,44"
5 700,CC1=CC2=C(C=C1C(C)=O)C(C)(C)CC(C)C2(C)C,"5,70"
5 701,CC(C)=CCC1(CC)C(=O)NC(=O)NC1=O,"1,73"
5 702,CN(C)C1C=CC2=CC=CC=C2N=1,"2,81"
5 703,C/C(/O)=N/C(CC1C=CC=CC=1)C(=O)OC,"0,92"
5 704,CC1C=CC(=CN=1)[N+]([O-])=O,"0,99"
5 705,CC1=NC(=NC(N)=N1)C(Cl)(Cl)Cl,"1,77"
5 706,CC1C=CC=C(C)C=1/N=C(\\O)/CCN(CC)CC,"2,21"
5 707,CC1C=CC=C(C)C=1NC(=O)CCCN(CC)CC,"2,06"
5 708,CC1C=CC=C(C)C=1NC(=O)CN(C)C,"0,94"
5 709,CC(=O)OC1CC(=O)OC(C)CC=CC=CC(=O)C(C)CC(CC=O)C(OC2OC(C)C(OC3CC(C)(O)C(OC(=O)CC(C)C)C(C)O3)C(C2O)N(C)C)C1OC,"3,52"
5 710,NC(=O)C1N=CNC=1N=NN(CCO)CCO,"-1,09"
5 711,COC1=CC(CC2C=NC(=N)NC2=N)=CC(OC)=C1O,"0,37"
5 712,OC(=O)CCC1=NC(=C(O1)C1C=CC=CC=1)C1C=CC=CC=1,"4,19"
5 713,COC1C=CC(=CC=1)N1C(N)=NC(N)=NC1(C)C,"0,40"
5 714,CC1C=CC=C(Cl)C=1C(O)=O,"2,31"
5 715,CC1C=CC=C(Cl)C=1NC(C)=O,"1,22"
5 716,CC(=O)NC1C=NC=CN=1,"-0,03"
5 717,CCNC(=O)C1=CC=CO1,"0,61"
5 718,CCC1(C(O)=NC(=O)N1S(=O)(=O)C1C=CC=CC=1)C1C=CC=CC=1,"2,44"
5 719,O=S(=O)(C1C=CC=CC=1)N1C(=O)NC(=O)C1(C1C=CC=CC=1)C1C=CC=CC=1,"4,04"
5 720,[O-][N+](=O)C1C=CC(=CC=1)S(=O)(=O)N1C(=O)N=C(O)C1(C1C=CC=CC=1)C1C=CC=CC=1,"4,04"
5 721,CC1=NC(Br)=C(N1C)[N+]([O-])=O,"0,87"
5 722,CN(C)N=NC1=NNC=C1C(=N)O,"-0,12"
5 723,CC12CC(OC)C3C(CCC4=CC(O)=CC=C43)C1CCC2O,"2,72"
5 724,CN(N=O)C(=O)NC1C=CC=CC=1,"1,72"
5 725,N#CSCSC1=NC2=CC=CC=C2S1,"3,30"
5 726,S=C1CCCCCCCN1,"1,44"
5 727,CC(=O)OCC1CSC2C(NC(=O)CSC3C=CN=CC=3)C(=O)N2C=1C(O)=O,"-1,15"
5 728,COP(=S)(OC1=CC(Cl)=C(Br)C=C1Cl)C1C=CC=CC=1,"6,31"
5 729,NC(N)=NC(=O)NC1=CC(Cl)=C(C=C1)C#N,"1,90"
5 730,CCCCCCCCCCCC1C=CC=C(O)C=1O,"6,30"
5 731,NC(=N)N/C(/O)=N/C1=CC(Cl)=C(Cl)C=C1,"2,39"
5 732,CCNC1N=C(Cl)N=C(NC(C)(C)C#N)N=1,"2,22"
5 733,C[N+](C)(C)CC1CCCC1,"-2,00"
5 734,CC(C)NCC1CCC2=CC(CO)=C(C=C2N1)[N+]([O-])=O,"2,24"
5 735,CC(=O)OC(C1=CC(Cl)=C(Cl)C=C1)C(Cl)(Cl)Cl,"4,92"
5 736,C=CCOCC(O)CN1C=CN=C1[N+]([O-])=O,"0,40"
5 737,[O-][N+](=O)C1=NC=CN1CC(O)COCC(F)(F)F,"0,52"
5 738,COCC(=O)CN1C=CN=C1[N+]([O-])=O,"-0,26"
5 739,[O-][N+](=O)C1=NC=CN1CC(O)COC1C=CC=CC=1,"1,43"
5 740,COC1=CC(CC2C=NC(=N)NC2=N)=CC(OC)=C1OCC1C=CC=CC=1,"2,46"
5 741,CC1=NC(C)=C(C(C1C(=O)OC)C1=CC=CC=C1[N+]([O-])=O)C(=O)OC,"2,53"
5 742,CCOC(=O)N1C=C(F)C(=O)NC1=O,"-0,17"
5 743,CSC1C=CC(=CC=1Cl)OP(=S)(OCC)OCC,"5,06"
5 744,COC1=CC=CC(OC)=C1C(=N)O,"-0,22"
5 745,O=C1CCC(C2CCN(CC3C=CC=CC=3)CC2)(C2C=CC=CC=2)C(=O)N1,"3,55"
5 746,[O-][N+](=O)C1=CC2=CC=CC=C2N=N1,"0,73"
5 747,O=C1NC(=O)C(C2C=CC=CC=2)(C2C=CC=CC=2)C(=O)N1,"1,96"
5 748,NC(=O)C1=CC(=C(C=C1[N+]([O-])=O)[N+]([O-])=O)N1CC1,"-0,02"
5 749,CSC1C=NC=CN=1,"1,17"
5 750,CSC1C=NC2=CC=CC=C2N=1,"2,79"
5 751,NC1=NC(C=CC2=CC=C(O2)[N+]([O-])=O)=NO1,"1,30"
5 752,NS(=O)(=O)C1=CC(=C(C=C1)[N+]([O-])=O)C(F)(F)F,"1,73"
5 753,COC(=O)C1C=CC(=CC=1)OC(=O)NC,"1,50"
5 754,CCC1=CC(OC)=C(CC(C)N)C=C1OC,"2,81"
5 755,O/C(/CN1CCCCC1)=N\\C1=CC(Cl)=C(Cl)C=C1,"3,65"
5 756,CCCCOC(=O)C=CC1C=CC(O)=C(O)C=1,"3,53"
5 757,NNC(=O)C1=CC2OCOC=2C=C1,"1,16"
5 758,BrC1=COC=C1,"2,18"
5 759,OC(=O)COC1C=CC(=CC=1)C=O,"0,79"
5 760,CC(=O)C1C=NC=CN=1,"0,20"
5 761,NC1(CC1)C(O)=O,"-2,78"
5 762,CC(C(O)=O)C1C=CC=C(C=1)C(=O)C1C=CC=CC=1,"3,12"
5 763,C=CCOC1=CC=C(CC(O)=O)C=C1Cl,"2,48"
5 764,ClC1C(Cl)C(Cl)CC(Cl)C1Cl,"3,53"
5 765,CC1C=CC(=CC=1Cl)NC(=O)NC,"2,61"
5 766,CCOC(=O)C/N=C(\\O)/CCCCSC1=NC=NC2NC=NC=21,"0,91"
5 767,CCOC(=O)CNC(=O)CNC(=O)CCCCSC1=NC=NC2N=CNC=21,"0,50"
5 768,COC1=CC2=CC=C(C=C2C=C1)C(C)C(O)=O,"3,18"
5 769,CC1=CC(=CC=C1SC)OP(=O)(NC(C)C)OCC,"3,23"
5 770,ClC1=C(OC2C=CC=CC=2)C(Cl)=C(Cl)C(Cl)=C1Cl,"6,37"
5 771,O=C1NC(=O)C(C2C=CC=CC=2)C(=O)N1,"-0,17"
5 772,CC(C)C1=NN=C(S)N(N)C1=O,"1,22"
5 773,CN1N=NC2=CC=CC=C2C1=O,"0,84"
5 774,CN1C2=CC=C(Cl)C=C2N(C2C=CC=CC=2)C(=O)CC1=O,"2,12"
5 775,O=C(C1=CC=CC=C1Cl)N1CCCCC1,"2,80"
5 776,CCCCCCC(=O)NN,"0,97"
5 777,CC(N)CCC1C=CC=CC=1,"2,12"
5 778,CC(CN1CCCCC1)C(=O)C1C=CC=CC=1,"3,51"
5 779,CC1=CC(O)=C(N=N1)N(C)C,"0,24"
5 780,CC1CC(=O)C(=O)N=N1,"-0,30"
5 781,CCOC(=O)C(=CC1C=CC(=CC=1)[N+]([O-])=O)C(=O)OCC,"3,03"
5 782,CCOC(=O)C(=CC1C=CC(Br)=CC=1)C(=O)OCC,"4,02"
5 783,NC(=O)CCOC1C=CC=CC=1,"0,80"
5 784,CC(=O)NC1=CC2C=CC=NC=2C=C1,"1,55"
5 785,OC1C=CC(=CC=1C(O)=O)C1C=CC(F)=CC=1F,"4,44"
5 786,[O-][N+](=O)C1C=CC2=C3C(=CC=CC=13)C1C=CC(=CC=12)[N+]([O-])=O,"4,44"
5 787,OC1=CC=CC=C1C(=O)C1C=CN=CC=1,"2,13"
5 788,O=C1CC(=O)OC1C1C=CC=CC=1,"1,47"
5 789,CC1=CC=CC=C1C(=N)C1C=CC=CC=1,"3,21"
5 790,CC1=CC=CC=C1C(=N)C1=CC=CC=C1C,"3,31"
5 791,CC1C=CC=C(C)C=1C(=N)C1C=CC=CC=1,"3,53"
5 792,CC1=CC(=O)C(=O)C(CC)O1,"1,07"
5 793,CC(C)NCC(O)COC1=CC(C)=C(OC(C)=O)C(C)=C1C,"2,66"
5 794,[O-][N+](=O)C1=NC=CN1CC(=O)NCCO,"-1,34"
5 795,CC1NC2C=CC=C(Cl)C=2S(=O)(=O)N=1,"0,62"
5 796,BrC1C=C(Br)C=C(Br)C=1NC1NCCN=1,"2,54"
5 797,CCCC(=O)N1CCCC1=O,"1,18"
5 798,NC(=O)C1C=CC=C(Br)C=1,"1,65"
5 799,O=C(C1=CC=C(C=C1)NS(=O)(=O)C(F)(F)F)C1C=CC=CC=1,"4,28"
5 800,O=C(C1=CC(=CC=C1)NS(=O)(=O)C(F)F)C1C=CC=CC=1,"2,86"
5 801,CCCCOC(=O)C1CC(=O)NC(=O)N=1,"1,06"
5 802,CC1(C)OC2C=CC=C(OC(=O)NC)C=2O1,"1,70"
5 803,COC(=O)C1=CC=C(C=C1)S(N)(=O)=O,"0,64"
5 804,COC(=O)CN1C=CN=C1[N+]([O-])=O,"-0,09"
5 805,CC(=O)NC1C=CC(=CC=1)S(C)(=O)=O,"0,58"
5 806,OC(=O)C(F)(F)C(F)F,"1,32"
5 807,CC1=CC(=CC(C)=C1O)NC(C)=O,"1,11"
5 808,NC(=O)CN1C=CN=C1[N+]([O-])=O,"-1,22"
5 809,COC(=O)C1C=CSC=1,"1,76"
5 810,SC1CCCCCCN=1,"1,00"
5 811,CC(C)C(C)NC1N=C(N=C(NCC)N=1)SC,"3,90"
5 812,CCNC1N=C(Cl)N=C(NC2CC2)N=1,"2,17"
5 813,CC(C)NC1N=C(NC2CC2)N=C(Cl)N=1,"3,06"
5 814,[O-][N+](=O)C1=NC=CN1CC(=O)NCC1C=CC=CC=1,"0,91"
5 815,OCCOCCOCCOC(=O)C1C=CC=CC=1,"1,09"
5 816,CC(C)(C)NCC(O)C1C=C(O)C=C(O)C=1,"0,90"
5 817,CC(C)=CC1C(C(=O)OC2CC(=O)C(CC#C)=C2C)C1(C)C,"4,49"
5 818,CCN(CCC(=O)NC1C=CC(N)=CC=1)CC,"0,80"
5 819,O/C=N/C(=O)C1CCC1,"-0,70"
5 820,C/C(/O)=N/C1=CC=CC(Cl)=C1Cl,"2,09"
5 821,N#CC1=CC2=NC=CN=C2C=C1,"1,01"
5 822,O=C1CN=C(C2=CC(Cl)=CC=C2N1CC(F)(F)F)C1C=CC=CC=1,"3,97"
5 823,CN(C)C1=NN=C(C2=CC=CC=C21)C1C=CC=CC=1,"3,22"
5 824,CC1=NC(=NC(OC(=O)N(C)C)=C1C)N(C)C,"1,70"
5 825,CNC(=O)ON=C(SC)C(=O)N(C)C,"-0,47"
5 826,C/N=C(\\O)/NC1=CC(=CC=C1)OC,"1,26"
5 827,NS(=O)(=O)C1=CC2=C(C=C1)N=CNS2(=O)=O,"-0,70"
5 828,NS(=O)(=O)C1=CC2=C(C=C1C(F)(F)C(F)(F)F)N=CNS2(=O)=O,"1,05"
5 829,NS(=O)(=O)C1=CC2=C(C=C1[N+]([O-])=O)N=CNS2(=O)=O,"0,08"
5 830,NS(=O)(=O)C1C=CC2NCNS(=O)(=O)C=2C=1,"-0,52"
5 831,NS(=O)(=O)C1=CC2=C(C=C1Br)NCNS2(=O)=O,"0,08"
5 832,CC(C)(C)C1NS(=O)(=O)C2C=C(C(Cl)=CC=2N1)S(N)(=O)=O,"0,36"
5 833,NS(=O)(=O)C1C=CC2NC(CC3CCCC3)NS(=O)(=O)C=2C=1,"1,24"
5 834,NS(=O)(=O)C1C=CC2NC(NS(=O)(=O)C=2C=1)C(Cl)Cl,"0,51"
5 835,NS(=O)(=O)C1=CC2=C(C=C1[N+]([O-])=O)NCNS2(=O)=O,"0,20"
5 836,CCCCOCN(C(=O)CCl)C1C(CC)=CC=CC=1CC,"4,50"
5 837,O=C1NC(=O)C(CC2C=CC=CC=2)(CC2C=CC=CC=2)N1,"2,46"
5 838,CC1C=CC=C(Cl)C=1NC1=CC=CC=C1CC(O)=O,"4,37"
5 839,CSC1=CC2C(=NCC(=O)N(C)C=2C=C1)C1C=CC=CC=1,"2,95"
5 840,CC1OC(CC(N)C1O)OC1CC(O)(CC2C1=C(O)C1C(=O)C3=C(C=CC=C3C(=O)C=1C=2O)OC)C(=O)CO,"1,27"
5 841,CC(C)N1CC(OCC1)C1C=CC=CC=1,"2,30"
5 842,S=C=NC1C=CC(=CC=1)NC1C=CC=CC=1,"4,94"
5 843,CC=CC#CC=C1C=CC(=O)O1,"2,09"
5 844,OC(C1CO1)C(O)C1CO1,"-1,29"
5 845,CC1C(C)N(N=O)C(C)C(C)N1N=O,"0,91"
5 846,CC(=O)NC(CO)C(N)=O,"-1,87"
5 847,CCOC(=O)CNC(=O)CNC(=O)CNC(=O)CCCCSC1=NC=NC2N=CNC=21,"0,21"
5 848,CCCCOC(=O)C/N=C(\\O)/CCCCSC1=NC=NC2NC=NC=21,"1,39"
5 849,CCOC(=O)C(C)/N=C(\\O)/CCCCSC1=NC=NC2NC=NC=21,"1,51"
5 850,CSC1C=CC(=CC=1)NS(=O)(=O)C(F)(F)F,"3,74"
5 851,CS(=O)(=O)C1C=C(C=CC=1)NS(=O)(=O)C(F)(F)F,"1,85"
5 852,CS(=O)(=O)C1C=CC(=CC=1)NS(=O)(=O)C(F)(F)F,"1,99"
5 853,CC(=O)C1=CC(=CC=C1)NS(=O)(=O)C(F)(F)F,"2,78"
5 854,OC1C=C(C=CC=1)NS(=O)(=O)C(F)(F)F,"2,51"
5 855,CC(=O)C1C=CC(=CC=1)NS(=O)(=O)C(F)(F)F,"2,83"
5 856,O=S(=O)(NC1C=CC(Cl)=CC=1Cl)C(F)(F)F,"3,88"
5 857,O=S(=O)(NC1=CC=C(F)C=C1)C(F)(F)F,"3,25"
5 858,O=S(=O)(NC1C=C(F)C=CC=1)C(F)(F)F,"3,42"
5 859,O=S(=O)(NC1C=CC=C(Cl)C=1)C(F)(F)F,"4,00"
5 860,O=S(=O)(NC1C=CC(Cl)=CC=1)C(F)(F)F,"3,96"
5 861,O=S(=O)(NC1C=C(Br)C=CC=1)C(F)(F)F,"3,82"
5 862,O=S(=O)(NC1C=CC(I)=CC=1)C(F)(F)F,"4,39"
5 863,O=S(=O)(NC1C=C(C=CC=1)C(F)(F)F)C(F)(F)F,"4,50"
5 864,O=S(=O)(NC1C=CC(=CC=1)C(F)(F)F)C(F)(F)F,"4,47"
5 865,O=S(=O)(NC1C=CC(F)=CC=1F)C(F)(F)F,"3,06"
5 866,COC1C=C(C=CC=1)NS(=O)(=O)C(F)(F)F,"3,13"
5 867,COC1C=CC(=CC=1)NS(=O)(=O)C(F)(F)F,"3,00"
5 868,CCOC(=O)CC(/N=C(\\O)/CCCCSC1=NC=NC2NC=NC=21)C(=O)OCC,"1,33"
5 869,CCOC1=CC=CC=C1O/C(/O)=N/C,"1,24"
5 870,O=C(C=CC1=CC2OCOC=2C=C1)N1CCCCC1,"2,82"
5 871,O=C1NC2=CC=CC=C2C(=N1)C1C=CC=CC=1,"1,91"
5 872,O=C1C=CN=C2C=CC=CN21,"0,20"
5 873,CC1=CC=CC2=NC=CC(=O)N21,"0,74"
5 874,CC1=CC=CN2C(=O)C=CN=C21,"0,79"
5 875,CC1=CN2C(=O)C=CN=C2C=C1,"0,61"
5 876,CN(C)N=NC1C=CC(=CC=1)C#N,"2,39"
5 877,OC1C=C(C=CC=1)NC(=O)CC1C=CC=CC=1,"2,22"
5 878,CC1C=C(N=C(N=1)N(CC)CC)OP(=S)(OCC)OCC,"4,85"
5 879,CC(C)/C(/O)=N/C(=N)O,"0,04"
5 880,COP(=O)(OC1C2CC=CC2C=1Cl)OC,"2,32"
5 881,COC(=O)NC(=S)NC1C=CC=CC=1NC(=S)NC(=O)OC,"1,40"
5 882,CN1C(=CN=C1[N+]([O-])=O)C(C)C,"1,09"
5 883,CC1=CN=C(N1CCO)[N+]([O-])=O,"0,18"
5 884,CCCCCCOC(=O)C1C=CC=NC=1,"3,51"
5 885,OP(O)(=O)CN(CP(O)(O)=O)CCCCCCN(CP(O)(O)=O)CP(O)(O)=O,"-4,43"
5 886,COC(=O)C1=CN=CC(Cl)=N1,"0,47"
5 887,CCOC1C=CC(=CC=1)C(=O)OCC,"3,60"
5 888,COC1C=C(C=CC=1CC(C)N)OC,"1,75"
5 889,CC1=CC2C(=CC=CC=2OCC(O)CNC(C)C)N1,"2,30"
5 890,C/C(/O)=N/C1C=CC2=CC=CC=CC2=1,"2,48"
5 891,OC(C1CCCCN1)C1C=CC=CC=1,"1,58"
5 892,CCC(CC)(C(N)=O)C1=CC2OCOC=2C=C1,"1,59"
5 893,NC1=NC(NC1(C(F)(F)F)C(F)(F)F)(C(F)(F)F)C(F)(F)F,"3,35"
5 894,CC(C)CN(CC(C)C)C(=O)C=CC1=CC2OCOC=2C=C1,"4,37"
5 895,COC(=O)C1=CN=CC(=N1)OC,"0,69"
5 896,NS(=O)(=O)C1=CC(Cl)=C(Cl)C=C1,"1,44"
5 897,ClC1C=CC(NC2NCCN=2)=C(Cl)C=1,"1,96"
5 898,O/C(=N/C(CO)C(O)C1C=CC(=CC=1)C1C=CC=CC=1)/C(Cl)Cl,"2,86"
5 899,O/C(=N/C(CO)C(O)C1=CC=C(Br)C=C1)/C(Cl)Cl,"1,87"
5 900,N#CC1C=CC(=CC=1)C(O)C(CO)/N=C(\\O)/C(Cl)Cl,"0,78"
5 901,N#CC/C(/O)=N\\C(CO)C(O)C1C=CC(=CC=1)[N+]([O-])=O,"-0,22"
5 902,CC(=O)OC1C(C)C(=O)C(C)CC(C)(O)C(OC2OC(C)CC(C2O)N(C)C)C(C)C(OC2CC(C)(OC)C(O)C(C)O2)C(C)C(=O)OC(CC)C1(C)O,"2,85"
5 903,CN1C(C)=CC(=O)N1C1C=C(C)N=C(C)N=1,"0,24"
5 904,CN1C(C)=CC(=O)N1C1=CC(=NC(C)=N1)OC,"0,70"
5 905,CC1=CC(=NC(=N1)OC)N1N=C(C)CC1=O,"1,03"
5 906,CN1C(=O)C=C(C)N1C1N=C(C)C=C(C)N=1,"0,51"
5 907,CN1C(=O)C=C(C)N1C1=CC(=NC(C)=N1)OC,"0,38"
5 908,CC1=CC(=NN1C1C=CN=CN=1)OC,"2,21"
5 909,CC1=CC(=NC(C)=N1)N1N=C(C=C1C)OC,"2,60"
5 910,COC1=CC(C)=NN1C1=CC(=NC(C)=N1)OC,"1,54"
5 911,CC1C=C(C)N=C(N=1)N1N=C(C=C1C)OC,"1,82"
5 912,CC1=CC(O)=NN1C1=NC(=CC(=N1)OC)OC,"1,16"
5 913,CC1C=C(OC)N(N=1)C1=CC(=NC(=N1)OC)OC,"1,86"
5 914,CN1C(C)=CC(=O)N1C1=CC(=NC=N1)OC,"0,30"
5 915,CC1CC(=O)N(N=1)C1=CC(=NC=N1)OC,"0,99"
5 916,CC1C=C(OC)N(N=1)C1N=C(C=CN=1)OC,"1,01"
5 917,CC1=NC(NCC)=NC(O)=C1CCCC,"2,21"
5 918,CC(C)(C#C)NC(=O)C1C=C(Cl)C=C(Cl)C=1,"3,43"
5 919,CC1=CSC(=C1NC(=O)C(C)NCCC)C(=O)OC,"1,89"
5 920,C1NCCOC1C1C=CC=CC=1,"1,11"
5 921,OCCOC1C(Br)=CC(Br)=CC=1Br,"3,42"
5 922,CCOP(=S)(OC1=NN(C=N1)C1C=CC=CC=1)OCC,"3,34"
5 923,O=C1CCC(=O)N1C1C=C(Cl)C=C(Cl)C=1,"1,40"
5 924,CC1C=C(Br)C=CC=1NC(C)=O,"2,03"
5 925,CC1N=NC=CN=1,"-1,31"
5 926,CC(C)=CC1C(C(=O)OC)C1(C)C,"3,76"
5 927,CC1CCCCN1C(=O)CSP(=S)(OCCC)OCCC,"4,04"
5 928,CN1CCN2C(C1)C1=CC=CC=C1CC1C=CC=CC2=1,"4,24"
5 929,CC1(C)O/C(/NC1(C)C)=N\\C1=NC=C(S1)[N+]([O-])=O,"2,40"
5 930,[O-][N+](=O)C1=CN=C(NC2=NCCO2)S1,"0,57"
5 931,[O-][N+](=O)C1=CN=C(N=C2OCCN2CCO)S1,"0,43"
5 932,[O-][N+](=O)C1=CN=C(N=C2SCCN2CCO)S1,"1,28"
5 933,[O-][N+](=O)C1=CN=C(NC2NCCN=2)S1,"1,38"
5 934,[O-][N+](=O)C1=CN=C(NC2=NCCN2CCO)S1,"1,23"
5 935,CC1C(=O)C(=C(C(COC(N)=O)OC)C(=O)C=1N1CC1)N1CC1,"-0,15"
5 936,CCC/N=C(\\O)/C1=CC2=CC=CC=C2O1,"2,65"
5 937,OC1C=C(C=CC=1O)C1CC(=O)C2C(=CC=CC=2O)O1,"2,81"
5 938,NC(=O)C1CCCN1C(=O)C(CC1=CN=CN1)NC(=O)C1CCC(=O)N1,"-2,46"
5 939,C[N+]1(C)CCCCC1,"-2,82"
5 940,CC(C)CC(=O)NN,"-0,31"
5 941,CCC1CC2C3CCC4=CC(=O)CCC4C3CCC2(C)C1C(=O)CO,"4,01"
5 942,OCC1C2=CC=CC=C2C2C=CC=CC=21,"2,89"
5 943,CC1=CC=CC=C1C=C(C(=O)OCC)C(=O)OCC,"3,22"
5 944,COC1C=C(C=C(C(=O)OCC)C(=O)OCC)C=CC=1O,"2,89"
5 945,COP(N)(=S)OC1C=CC=CC=1C(=O)OC(C)C,"2,70"
5 946,COC1=CC=CC2=C1C(=O)C1=C(C2=O)C(O)=C2CC(O)(CC(O)C2=C1O)C(=O)CO,"2,74"
5 947,CCCCCCOC1C=C(N)C=CC=1C(O)=O,"3,22"
5 948,ClC1=CC2C=CC3=CC=CC=C3C=2C=C1,"5,16"
5 949,CC1(C)C(=O)NC(=O)NC1=O,"-0,44"
5 950,NC(=O)C1C=CC(=CC=1)S(=O)(=O)C1C=CC(N)=CC=1,"0,90"
5 951,ClC1C2OC3C=CC=CC=3C=2C(Cl)=C(Cl)C=1Cl,"6,17"
5 952,C=CC(=O)OCCCOC(=O)C=C,"0,87"
5 953,CSC1=CC(Cl)=C(C=C1)OP(=O)(OCC)OCC,"3,05"
5 954,CCC(=O)NN,"-1,00"
5 955,CC/N=C(\\O)/NS(=O)(=O)C1C=CC(Cl)=CC=1,"1,79"
5 956,CC(C)C1=CC=CC(C(C)C)=C1N,"3,18"
5 957,C/C(/O)=N/C1C=CC(=CC=1)OC1=CC=CC=N1,"1,57"
5 958,[O-][N+](=O)C1=CC=C(O1)C1=CSC(NC=O)=N1,"-1,14"
5 959,O=C(NC1C=CC(Br)=CC=1)C(F)(F)F,"3,34"
5 960,CCOC(=O)C1C=CC(=CC=1)NC(=O)C(F)(F)F,"2,25"
5 961,[O-][N+](=O)C1=CC(=C(C=C1N1CC1)/C(/O)=N/C1CC1)[N+]([O-])=O,"0,74"
5 962,CCCOC(=O)NCCCN(C)C,"1,12"
5 963,CN1CCN(CC(=O)N=NCC2=CC=C(O2)[N+]([O-])=O)CC1,"-0,10"
5 964,CC(C)(C)CC(=O)OCC(=O)C1(O)C(C)CC2C3CCC4=CC(=O)C=CC4(C)C3(F)C(O)CC12C,"4,30"
5 965,NC1C=CC(=CC=1)S(=O)(=O)N1C(=O)N=C(O)C1(C1C=CC=CC=1)C1C=CC=CC=1,"3,27"
5 966,O=S(=O)(C1C=CC(Cl)=CC=1)N1C(=O)NC(=O)C1(C1C=CC=CC=1)C1C=CC=CC=1,"4,48"
5 967,CC1=CC=CC=C1S(=O)(=O)N1C(=O)N=C(O)C1(C1C=CC=CC=1)C1C=CC=CC=1,"4,00"
5 968,ClC1=NON=C1C1C=CC=CC=1,"3,20"
5 969,CC1=CC(CC2C=NC(=N)NC2=N)=CC(OC)=C1OC,"1,62"
5 970,ClC(Cl)(Cl)C1N=C(NCC2C=CC=CC=2)N=C(N=1)C(Cl)(Cl)Cl,"4,93"
5 971,CC1N/C(=N\\CCC)/N=C(N=1)C(Cl)(Cl)Cl,"3,29"
5 972,CC(=O)NC(CC1C=CC=CC=1)C(=O)NC(CC1C=CC=CC=1)C(N)=O,"1,19"
5 973,CC1N/C(/N=C(N=1)C(Cl)(Cl)Cl)=N\\C,"2,43"
5 974,CC(=O)N1CCCC1C(=O)NC,"-1,19"
5 975,CCC(COC(=N)O)CC,"1,98"
5 976,COC1=CC(CC2C=NC(=N)NC2=N)=C(Br)C=C1OC,"1,64"
5 977,ClC1=CC(=CC(Cl)=C1)OC1C=CC=CC=1,"5,21"
5 978,ClC1C=CC(Cl)=CC=1OC1C=CC=CC=1,"5,13"
5 979,ClC1C=CC(=CC=1)OC1C=C(Cl)C=C(Cl)C=1,"5,77"
5 980,N#CC1C=C(C=O)C=CC=1,"1,18"
5 981,COP(=O)(OC1=CC(Cl)=C(Br)C=C1Cl)C1C=CC=CC=1,"4,58"
5 982,CC(C)C1=CC=CC=C1OC(=O)N(C)C,"2,65"
5 983,OC(=O)CN1C(=O)C=CC1=O,"-0,14"
5 984,CS/C(/O)=N/C1=CC(Cl)=C(Cl)C=C1,"4,23"
5 985,CC(C)N1C(=O)C2C=CC=CC=2NS1(=O)=O,"2,34"
5 986,CCOC(=O)CN1C2C(=CC=CC=2Cl)SC1=O,"2,50"
5 987,CC(=O)NC1=CC=CC=C1C#N,"0,57"
5 988,CC1CC2C3CCC4=CC(=O)C=CC4(C)C3(F)C(O)CC2(C)C1(O)C(=O)CCl,"2,48"
5 989,CC1CC2C3CCC4=CC(=O)C=CC4(C)C3(F)C(=O)CC2(C)C1(OC(=O)CC)C(=O)CBr,"3,55"
5 990,CC1CC2C3CCC4=CC(=O)C=CC4(C)C3(F)C(O)CC2(C)C1(OC(=O)CC)C(=O)CCl,"3,50"
5 991,CC1CC2C3CCC4=CC(=O)C=CC4(C)C3(F)C(O)CC2(C)C1(OC(=O)CCC)C(=O)CCl,"3,63"
5 992,CC1CC2C3CCC4=CC(=O)C=CC4(C)C3(Cl)C(O)CC2(C)C1(OC(=O)CC)C(=O)CCl,"3,28"
5 993,CC1CC2C3CCC4=CC(=O)C=CC4(C)C3(F)C(=O)CC2(C)C1(OC(=O)CC)C(=O)CCl,"3,46"
5 994,CC1CC2C3CCC4=CC(=O)C=CC4(C)C3(F)C(=O)CC2(C)C1(OC(=O)CCC)C(=O)CCl,"3,76"
5 995,O/C(=N/C(CO)C(O)C1C=CC=CC=1)/C(Cl)Cl,"0,94"
5 996,CC(C)C1=CC=CC=C1OCC(O)=O,"2,84"
5 997,CC1=CN(C2CC(O)C(CN)O2)C(=O)N=C1O,"-2,05"
5 998,C(CCC1C=CC=CC=1)C1C=CC=CC=1,"3,43"
5 999,CC1C=C(Cl)C=C(Cl)C=1,"3,99"
6 000,CC1=CC(Cl)=CC=C1OC(CC)C(O)=O,"3,47"
6 001,OC(=O)CC1C=CC(=CC=1)C1CCCC1,"3,44"
6 002,CO/C(/O)=N/C1=CC=CC=C1Br,"2,30"
6 003,CO/C(/O)=N/C1C=C(Br)C=CC=1,"2,75"
6 004,C[N+](C)(C)CC1C=CC=C(Cl)C=1,"-1,81"
6 005,O/C(/NS(=O)(=O)C1C=CC(Cl)=CC=1)=N\\C1C=CC=CC=1,"3,61"
6 006,COC1C=CC(=CC=1Cl)NC(N)=O,"1,37"
6 007,CN(C)C(=O)C1=CC2=CC=CC=C2N=C1,"0,99"
6 008,NC1=CC(=CC=C1)NC1=CC=CC=C1C(O)=O,"2,99"
6 009,CCOP(=S)(NC(C)C)OC1=CC=CC=C1C(=O)OC(C)C,"4,12"
6 010,CC(=O)C1=CNC2=CC=CC=C12,"2,06"
6 011,CCOC(=O)C(=CC1C=CC=CC=1)N=CO,"2,48"
6 012,CC1C=C(Cl)C=CC=1OCC(=O)SCC,"4,05"
6 013,ClC1=CC(C2C=CC=CC=2Cl)=C(Cl)C=C1,"5,52"
6 014,CNC(=O)N(C)C1=NN=C(S1)C(F)(F)F,"1,85"
6 015,CP(=S)(OCCC)OCCC,"3,26"
6 016,C1C(=CN2C=CC=CC2=1)C1C=CC=CC=1,"4,29"
6 017,CCC(=O)OC1(CCN(C)CC1CC=C)C1C=CC=CC=1,"2,97"
6 018,COC1(C)CC(OC2C(C)C(=O)OC(CC)C(C)(O)C(O)C(C)C(=O)C(C)CC(C)(O)C(OC3OC(C)C(O)C(C3O)N(C)C)C2C)OC(C)C1O,"1,44"
6 019,CCCN(CCCC)N=O,"2,09"
6 020,COC1=CC=CO1,"1,44"
6 021,BrC=CBr,"1,76"
6 022,ClC1=CC(C2C=C(Cl)C(Cl)=CC=2Cl)=C(Cl)C=C1,"6,07"
6 023,C/N=C(\\S)/NC12CC3CC(C1)CC(C2)C3,"2,67"
6 024,C1SN=NC=1C1C=CC=CC=1,"2,42"
6 025,CC(=O)NC(CCC(O)=O)C(N)=O,"-2,47"
6 026,CC1=CN(C2CC(F)C(CO)O2)C(=O)NC1=O,"-0,28"
6 027,ClC1C=CC=CC=1C1=CC(Cl)=CC=C1,"5,02"
6 028,CN1C(=O)SC(=CC=CC2=CC=C(O2)[N+]([O-])=O)C1=O,"1,40"
6 029,CN1C(=N)SC(=CC2=CC=C(O2)[N+]([O-])=O)C1=O,"1,44"
6 030,O=CNC1=NC=CS1,"0,54"
6 031,CN=C1N=C(O)C(=CC2=CC=C(O2)[N+]([O-])=O)S1,"1,16"
6 032,CN1C(=O)C(=CC2=CC=C(O2)[N+]([O-])=O)SC1=O,"1,78"
6 033,CCN1C(=N)SC(=CC2=CC=C(O2)[N+]([O-])=O)C1=O,"1,44"
6 034,CN=C1SC(=CC2=CC=C(O2)[N+]([O-])=O)C(=O)N1C,"1,42"
6 035,CCN1C(=O)C(=CC2=CC=C(O2)[N+]([O-])=O)SC1=O,"2,29"
6 036,C=CCN1C(=O)C(=CC2=CC=C(O2)[N+]([O-])=O)SC1=O,"2,22"
6 037,NC1C=CC(=CC=1)S(=O)(=O)NC1C=CC(=CC=1)C#N,"1,83"
6 038,CC(C)C1=CC=CC=C1C1C=CC=CC=1,"5,20"
6 039,CCC1N=CC=NC=1OC,"1,80"
6 040,CN(C)C1=NC(=O)C(=CC2=CC=C(O2)[N+]([O-])=O)S1,"1,14"
6 041,CCCCCCCCCCCCCCNCCO,"5,74"
6 042,OC(=O)C1=CC=CC=C1NCCO,"1,35"
6 043,CCCOC(=O)C1=CC=CC=C1Cl,"3,45"
6 044,C1=NC(=NC2=CC=CC=C21)C1C=CC=CC=1,"3,42"
6 045,CC1=CC(=NN=C1NCCN1CCOCC1)C1C=CC=CC=1,"2,03"
6 046,CC1=CC=CC=C1/N=C(\\O)/C1C=C(Cl)C=CC=1O,"4,21"
6 047,CC1=NN=C(S1)SCC1CSC2C(NC(=O)CN3C=NN=N3)C(=O)N2C=1C(O)=O,"-0,58"
6 048,NC1C=CC(=CC=1)S(=O)(=O)C1C=CC(O)=CC=1,"1,57"
6 049,CON(C)C(=O)NC1C=CC(=CC=1)OCC1C=CC=CC=1,"3,11"
6 050,CC(C)=CC1C(C(=O)OCC2C=C(C=CC=2)OC2C=CC=CC=2)C1(C)C,"6,01"
6 051,CN(C)CC1=CC=CS1,"1,67"
6 052,CN(C)CCC1=CC=CS1,"1,99"
6 053,NC(=S)C1C=CC(=CC=1)[N+]([O-])=O,"1,75"
6 054,CC(=CC1C(C(=O)OC)C1(C)C)C(=O)OC,"2,67"
6 055,CC(C)OP(=O)(OC(C)C)SCC1C=CC=CC=1,"3,34"
6 056,CCCC1C=CC(CC(O)=O)=CC=1,"3,00"
6 057,CCC(C)(C)C1C=CC(CC(O)=O)=CC=1,"3,48"
6 058,COC1(C)CC(OC2C(C)C(OC3OC(C)CC(C3O)N(C)C)C(C)(O)CC(C)C(N)C(C)C(O)C(C)(O)C(CC)OC(=O)C2C)OC(C)C1O,"3,00"
6 059,CCCOC1C=CC(CC(O)=O)=CC=1,"2,31"
6 060,NC1C=CC2=C(NC3=CC=CC=C23)N=1,"2,60"
6 061,CC1C=CC(=CC=1)C(=O)C1=CC=C(CC(O)=O)N1C,"2,79"
6 062,CCOC1OC2C=CC(=CC=2C1(C)C)OS(C)(=O)=O,"2,70"
6 063,ClC1=CC=CC2CCNCCC=21,"2,40"
6 064,C(C1C=CC=CC=1)[N+]1=CC=CC2=CC=CC=C12,"-0,82"
6 065,O=C(C1C=CC=CC=1)C1C=CC(=CC=1)N=C=S,"4,88"
6 066,CCCN(CC1CC1)C1C(=CC(=CC=1[N+]([O-])=O)C(F)(F)F)[N+]([O-])=O,"5,58"
6 067,CC(C)OC1C=CC(=CC=1)[N+]([O-])=O,"2,80"
6 068,CC1=CC(=CC=C1OP(=O)(OCC)OCC)SC,"3,21"
6 069,CSC1=CC(Cl)=C(C=C1)OP(=S)(OCC)OCC,"4,40"
6 070,CCCCCCCCN1SC=CC1=O,"2,45"
6 071,OC(=O)CC1N=NOC1=O,"-1,66"
6 072,O=NN1CCSCC1,"0,40"
6 073,C/C(/O)=N/C1=CC=CC2N=CC=NC=21,"1,06"
6 074,ClC1=CC(Cl)=C(C=C1Cl)C1=CC(Cl)=C(Cl)C=C1Cl,"6,53"
6 075,CN1C=NC(=N1)[N+]([O-])=O,"-0,68"
6 076,O=CNC(N1CCN(CC1)C(NC=O)C(Cl)(Cl)Cl)C(Cl)(Cl)Cl,"2,20"
6 077,CC[N+]1=CC=CC2=CC=CC=C12,"-2,76"
6 078,FC(F)OC(Cl)C(F)(F)F,"2,06"
6 079,CSC1=CC(Cl)=C(OP(=O)(OCC)OCC)C(Cl)=C1,"3,72"
6 080,CSCC1CSC2C(/N=C(\\O)/CC3=CC=CS3)C(=O)N2C=1C(O)=O,"1,01"
6 081,OC(C1C=CC(Cl)=CC=1Cl)(C1C=CC=CC=1)C1C=NC=NC=1,"2,56"
6 082,CC1(C)SC2C(NC(=O)C(N)C3C=CC(O)=CC=3)C(=O)N2C1C(O)=O,"0,87"
6 083,CSC1C=CC(=CC=1Cl)OP(=O)(OCC)OCC,"2,94"
6 084,CC1C=CC=C(C=1)C(=O)NCC,"1,32"
6 085,CC1C=CC(=CC=1)C(=O)NCC,"1,38"
6 086,ClC1C=C(Br)C=C(Cl)C=1NC1NCCN=1,"2,46"
6 087,CC(C)(C)NCC(O)COC1=NSN=C1N1CCOCC1,"1,83"
6 088,CC(=O)C=CC1C=CC=C(Br)C=1,"3,02"
6 089,OC(=O)C1=C(CSC2=NN=CS2)CSC2C(NC(=O)CN3C=NN=N3)C(=O)N12,"-0,67"
6 090,CC(=O)OCC1CSC2C(NC(=O)CBr)C(=O)N2C=1C(O)=O,"-0,70"
6 091,OC1C=CC=CC=1C1=CC(O)=CC=C1,"4,06"
6 092,CNC(=O)N1C2C=CC(=CC=2C(=NCC1=O)C1C=CC=CC=1)[N+]([O-])=O,"1,76"
6 093,CC1C=CC=C2N=C(N)N=C(N)C2=1,"1,26"
6 094,COC1=CC=CC2N=C(N)N=C(N)C=21,"1,18"
6 095,[O-][N+](=O)C1=CC(=C(C=C1N1CC1)/C(/O)=N/C1C=CC=CC=1)[N+]([O-])=O,"2,23"
6 096,NC1C=CC(=CC=1)S(=O)(=O)C1=CC=CC=C1N,"1,56"
6 097,COC1C=C(C=CC=1)NC=O,"1,25"
6 098,CN(C)C(=O)C1=CC(=C(C=C1[N+]([O-])=O)[N+]([O-])=O)N1CC1,"0,63"
6 099,COC1=CC=CC=C1N1CCN(CCNC(=O)C2C=CC(F)=CC=2)CC1,"2,65"
6 100,CC(=O)C=CC1C=CC(=CC=1)OC(C)=O,"1,63"
6 101,CN=C1C=NN(C(=O)C1Cl)C1C=CC=C(C=1)C(F)(F)F,"2,38"
6 102,N=C1N=[N+]([O-])C2=CC=CC=C2N1O,"-0,30"
6 103,CC(C)NCC(O)COC1=CC=CC=C1C1CC1,"3,07"
6 104,O=C1OCC2=C1C(Cl)=C(Cl)C(Cl)=C2Cl,"3,20"
6 105,[O-][N+](=O)C1=CC=C(C=CC=C2SC(=S)N=C2O)O1,"0,93"
6 106,CC1=NN=C(C)S1,"0,03"
6 107,O=C(CN1CCCCC1)NC1C=CC(Cl)=CC=1,"3,34"
6 108,CN=C1N=C(O)C(=CC=CC2=CC=C(O2)[N+]([O-])=O)S1,"1,35"
6 109,CCN=C1N=C(O)C(=CC2=CC=C(O2)[N+]([O-])=O)S1,"1,16"
6 110,CCCN=C1N=C(O)C(=CC2=CC=C(O2)[N+]([O-])=O)S1,"1,24"
6 111,CC(C)N=C1N=C(O)C(=CC2=CC=C(O2)[N+]([O-])=O)S1,"1,29"
6 112,COC(=O)CS(=O)(=O)C1C=CC=CC=1[N+]([O-])=O,"0,78"
6 113,CCOC1C=NC=NC=1,"0,56"
6 114,CC(=O)CNC1=CC=CC=C1C(N)=O,"0,61"
6 115,CC(C)N1C(=O)C(=CC2=CC=C(O2)[N+]([O-])=O)SC1=O,"2,42"
6 116,[O-][N+](=O)C1=CC=C(C=C2SC(=O)N=C2O)O1,"0,63"
6 117,C=CCOC1=NS(=O)(=O)C2=CC=CC=C21,"1,40"
6 118,NC(=O)N(CCCN(N=O)C(N)=O)N=O,"-0,30"
6 119,NC(=O)N(CCCCCCN(N=O)C(N)=O)N=O,"0,58"
6 120,CCC1(C)C(=O)NC(=O)NC1=O,"0,08"
6 121,[O-][N+](=O)C1C=CC(=CC=1)C(=O)C1=CC=CC=N1,"1,76"
6 122,[O-][N+](=O)C1C=C(C=CC=1)NC1=CC=CC=C1C(O)=O,"4,57"
6 123,COC1C=C(C=CC=1)NC1=CC=CC=C1C(O)=O,"4,31"
6 124,CC(=O)C1=CC(=CC=C1)NC1=CC=CC=C1C(O)=O,"4,07"
6 125,COC1N=NC=CC=1N(C)C,"0,90"
6 126,COC1=CC(CC2C=NC(=N)NC2=N)=CC(OCC2C=CC=CC=2)=C1OC,"2,37"
6 127,O=C(CC1C=CC=CC=1)NC1C=CC(Cl)=C(Cl)C=1,"4,47"
6 128,N=C(O)N=NCCCC1C=CC=CC=1,"2,32"
6 129,BrC1C=C(Br)C(Br)=C(C2=C(Br)C(Br)=CC(Br)=C2Br)C=1Br,"5,50"
6 130,CCCCCCC1C=CN=CC=1,"4,35"
6 131,CC(=O)OCC1CSC2C(NC(=O)C(O)C3C=CC=CC=3)C(=O)N2C=1C(O)=O,"-0,44"
6 132,COC1C=CC(=CC=1)C(=O)CS(=O)(=O)C1C=CC=CC=1,"2,18"
6 133,C/C(/O)=N/C1C=C(CC)C(O)=CC=1,"1,31"
6 134,ClC1=CC(Cl)=C(C=C1)OC1C=CC(Cl)=CC=1Cl,"5,95"
6 135,CC(C)C1=CC(=CC=C1)OP(=O)(OC1C=CC=CC=1)OC1C=CC=CC=1,"5,31"
6 136,CC1C=CC(F)=CC=1NC1NCCN=1,"1,41"
6 137,CC(=O)OC1C(Cl)=CC=CC=1Cl,"2,94"
6 138,CCCCCCCCCCCCCC1C=CC=C(O)C=1O,"7,75"
6 139,CCCOP(N)(=O)SCCC,"1,23"
6 140,CNP(=O)(OC)SC,"-0,07"
6 141,CON(C)C(=O)NC1C=CC=C(F)C=1,"1,68"
6 142,CN(C)C(=O)NC1=CC(=CC=C1)OC,"1,73"
6 143,OC1C(F)=CC=CC=1F,"1,96"
6 144,CC(C)NCC(O)COC1=CC=C(C=C1C(C)=O)NC(C)=O,"0,94"
6 145,CCC1=CC=C(C=C1)NC(=O)OC,"2,72"
6 146,CCN(CC)C(=O)SCC1C=CC(Cl)=CC=1,"3,40"
6 147,CN1CC=C(CC1)C1C=CC=CC=1,"2,71"
6 148,CCOC(=O)C(C#N)N=NC1C=C(C=CC=1Cl)C(F)(F)F,"4,45"
6 149,CCOC(=O)C(C#N)N=NC1=CC(=C(Cl)C=C1)C(F)(F)F,"4,86"
6 150,COC(=O)C(C#N)N=NC1C=C(Cl)C=C(Cl)C=1,"4,50"
6 151,CCOC(=O)C(C#N)N=NC1C=C(Cl)C=C(Cl)C=1,"3,82"
6 152,COC(=O)C(C#N)N=NC1C=CC(=CC=1)S(=O)(=O)C(F)(F)F,"4,22"
6 153,CCOC(=O)C(C#N)N=NC1C=CC(=CC=1[N+]([O-])=O)[N+]([O-])=O,"4,14"
6 154,COC(=O)C(C#N)N=NC1C(Cl)=CC(=CC=1Cl)C(F)(F)F,"4,36"
6 155,COC(=O)C(C#N)N=NC1=CC(=CC=C1)C(F)(F)F,"3,78"
6 156,COC(=O)C(C#N)N=NC1C=CC(=CC=1)C(F)(F)F,"3,79"
6 157,COC(=O)C(C#N)N=NC1C=C(C=CC=1Cl)C(F)(F)F,"4,42"
6 158,COC(=O)C(C#N)N=NC1C=CC(=CC=1[N+]([O-])=O)C(F)(F)F,"3,44"
6 159,COC(=O)C(C#N)N=NC1C=CC(=CC=1)SC(F)(F)F,"4,30"
6 160,CC(=O)C(C#N)N=NC1=CC(=CC=C1Cl)C(F)(F)F,"5,08"
6 161,CC(=O)C(C#N)N=NC1C=CC(Cl)=CC=1,"4,10"
6 162,CC(=O)C(C#N)N=NC1=CC=CC=C1Cl,"4,00"
6 163,CC(=O)C(C#N)N=NC1C=CC=C(Cl)C=1,"3,90"
6 164,CC(=O)C(C#N)N=NC1=CC(Cl)=C(Cl)C=C1,"4,56"
6 165,CC(=O)C(C#N)N=NC1C=C(Cl)C=C(Cl)C=1,"4,68"
6 166,CC1=CC(Cl)=CC=C1N=NC(C#N)C(C)=O,"4,28"
6 167,CC(=O)C(C#N)N=NC1=CC=C(C=C1[N+]([O-])=O)[N+]([O-])=O,"3,40"
6 168,CC(=O)C(C#N)N=NC1C=CC(=CC=1)SC(F)(F)F,"5,04"
6 169,CC(C)(C)C(=O)C(C#N)N=NC1C=CC=C(Cl)C=1,"4,62"
6 170,CC(C)(C)C(=O)C(C#N)N=NC1=CC=C(Cl)C=C1C(F)(F)F,"5,67"
6 171,CCOC(=O)C(C#N)N=NC1C=C(Cl)C(Cl)=CC=1Cl,"5,21"
6 172,CC(C)(C)C(=O)C(C#N)N=NC1=CC(=CC=C1Cl)C(F)(F)F,"5,31"
6 173,CC(C)(C)C(=O)C(C#N)N=NC1C=C(C=C(C=1)C(F)(F)F)C(F)(F)F,"5,44"
6 174,CC(C)(C)C(=O)C(C#N)N=NC1=CC(Cl)=C(Cl)C=C1Cl,"5,86"
6 175,N#CCNC1=CC=CC=C1C(O)=O,"1,80"
6 176,COC1=CC=CC=C1NCC#N,"1,30"
6 177,COC(=O)C(C#N)N=NC1C=CC=CC=1C(F)(F)F,"3,70"
6 178,ClC1C=CC=C(Cl)C=1OC1C=CC=CC=1,"4,64"
6 179,NC1=CNN=C1,"-1,09"
6 180,CCCOC(=O)CNC(=O)CCCCSC1=NC=NC2N=CNC=21,"1,37"
6 181,CC/N=C(\\O)/N=C(\\O)/C1C=CC=CC=1,"1,92"
6 182,OC1=NC(=O)N(C=C1Br)C1CCC(CO)O1,"-0,99"
6 183,NC(=O)C1C=CN=CN=1,"-0,68"
6 184,[O-][N+](=O)C=CC1=CSC=C1,"1,94"
6 185,CC1=NC=C(N1CCCS(C)(=O)=O)[N+]([O-])=O,"-1,00"
6 186,CN1C(=O)N(CC(C)C)C2N=CNC=2C1=O,"1,15"
6 187,C1N=CC=CC=1SC1C=CC=CC=1,"3,15"
6 188,COC1C=C2C(=CC=1OC)C13CCN4CC5CCOC6CC(=O)N2C1C6C5CC34,"0,84"
6 189,OC1CN=C(C2C=C(Cl)C=CC=2N=1)C1C(F)=CC=CC=1F,"2,68"
6 190,CC1=NN=C2CN=C(C3C=C(Cl)C=CC=3N21)C1C=CC=CC=1Cl,"2,42"
6 191,CC1=NN=C(O1)SCC1C=CC=CC=1,"1,74"
6 192,CC1=NN=C2CN=C(C3=CC(Cl)=CC=C3N21)C1C=CC=CC=1,"2,12"
6 193,CC1C=CC(=CC=1)C(=O)N(N)C1C=CC=CC=1,"3,00"
6 194,CC(C)(C)C1C=CC(=CC=1)OC1OC(CO)C(O)C(O)C1O,"1,18"
6 195,CCN(CC)C1=C(C=C(C(N)=C1[N+]([O-])=O)C(F)(F)F)[N+]([O-])=O,"4,30"
6 196,CCCN(CCC)C1C(=CC(=C(N)C=1[N+]([O-])=O)C(F)(F)F)[N+]([O-])=O,"4,10"
6 197,CC1C=NC(=CN=1)C(=O)NCCC1C=CC(=CC=1)S(=O)(=O)NC(=O)NC1CCCCC1,"1,91"
6 198,CCON=C(OC(=O)C1C=CC=CC=1)C1C(OC)=C(Cl)C=CC=1OC,"3,73"
6 199,CC(C)NCC(O)COC1=CC=CC(CC(=N)O)=C1,"0,22"
6 200,CC(C)NCC(O)COC1=CC=C(CC(N)=O)C=C1,"0,16"
6 201,CC(=O)C1=CC=CC=C1OC(=O)N(C)C,"0,93"
6 202,CC1C=C(N=C(N=1)N(CC)CC)OP(=S)(OC)OC,"4,20"
6 203,NNC(=O)C1C=CN=C(I)C=1,"0,52"
6 204,N=C1NC(=NC(=N)N1)C1C=CC=CC=1[N+]([O-])=O,"0,49"
6 205,NC1=NC(=NC(N)=N1)C1=CC(=CC=C1)[N+]([O-])=O,"1,57"
6 206,NC1=NC(=NC(N)=N1)C1C=CC(=CC=1)[N+]([O-])=O,"1,60"
6 207,NC1=NC(=NC(N)=N1)C1=CC=CC=C1Cl,"1,19"
6 208,NNC(=O)C1=CC=CC=C1Br,"0,26"
6 209,COCN1C2C=CC(=CC=2C(=NCC1=O)C1C=CC=CC=1)[N+]([O-])=O,"2,05"
6 210,COCN1C(=O)CN=C(C2C=C(Cl)C=CC1=2)C1C=CC=CC=1,"2,86"
6 211,COCN1C(=O)CN=C(C2=CC=CC=C2Cl)C2C=C(Cl)C=CC1=2,"3,23"
6 212,CSCN1C(=O)CN=C(C2C=C(Cl)C=CC1=2)C1C=CC=CC=1,"3,32"
6 213,CCCC1SSC(=S)C=1CC,"3,76"
6 214,CN(C)C1=CC=CC2C=CC=NC=21,"2,73"
6 215,CN(C)CCN1CCN(C1=O)C1=CC(=CC=C1)OC,"1,76"
6 216,CN(C)C1C=CC(=NN=1)N(C)C,"0,99"
6 217,CC1C=CC(C)=NC=1C,"2,05"
6 218,CC(=O)OC1=CC=CC=C1F,"1,76"
6 219,[O-][N+](=O)C1C=CC(Br)=C(Cl)C=1,"3,25"
6 220,C/C(/O)=N/C(CC1C=CC=CC=1)/C(/O)=N/CC(=N)O,"-0,50"
6 221,CC1CC2=CC=CC=C2CN1,"1,93"
6 222,CC1C=CC(=CC=1)OC(=O)C/N=C(\\O)/C1C=CC=CC=1,"2,83"
6 223,COC1C=CC(=CC=1)OC(=O)C/N=C(\\O)/C1=CC=CC=C1,"2,28"
6 224,O/C(=N\\CC(=O)OC1C=CC(F)=CC=1)/C1C=CC=CC=1,"2,46"
6 225,CC(C)CCCCCCCOP(=O)(OC1C=CC=CC=1)OC1C=CC=CC=1,"5,44"
6 226,COC1=CC(=CC(OC)=C1O)C1C2C(COC2=O)C(OC2OC3COC(OC3C(O)C2O)C2=CC=CS2)C2=CC3OCOC=3C=C21,"1,24"
6 227,NNC(=O)C1C=CN=C(Br)C=1,"0,25"
6 228,CCCCC(NC1C=CC(=CC=1[N+]([O-])=O)[N+]([O-])=O)C(O)=O,"3,25"
6 229,NS(=O)(=O)C1=NC2C=CC(O)=CC=2S1,"1,13"
6 230,NC1C(=NON=1=O)C1C=CC=CC=1,"1,42"
6 231,CCSCC1C=CC=CC=1OC(=O)NC,"2,04"
6 232,COC1C=C(CC(O)=O)C=CC=1OCC1C=CC=CC=1,"2,59"
6 233,NC1C=CC(=CC=1)OC(=O)C/N=C(\\O)/C1C=CC=CC=1,"1,01"
6 234,NC1=NON(=O)=C1C1C=CC=CC=1,"1,47"
6 235,NC(=N)N=NCC1=CC=C(C=C1)[N+]([O-])=O,"0,87"
6 236,ONC(=O)NC1=CC=C(Cl)C=C1,"1,39"
6 237,CON(C)C(=O)NC1C=CC=C(O)C=1,"0,83"
6 238,NC1=NC(=NC(N)=N1)C1=CC(Br)=CC=C1,"2,44"
6 239,CC1(C)OC(NC2=NC=C(S2)[N+]([O-])=O)=NC1C,"1,88"
6 240,O=C1CC(=O)N(C1)CC1C=CC=CC=1,"0,76"
6 241,CN(C)C1=CC2=C(C=C1)N=C(O)CN=C2C1C=CC=CC=1,"2,43"
6 242,CN(C)C1=CC2C(=NCC(=O)N(C)C=2C=C1)C1=CC=CC=C1Cl,"2,72"
6 243,CN1C(=O)CN=C(C2C(Cl)=CC=CC=2Cl)C2C=C(Cl)C=CC1=2,"3,04"
6 244,C1C2CC3CC1(CC(C2)C3)C1C=CC=CC=1,"5,55"
6 245,O=C1CN=C(C2=CC=CN2)C2C=C(Cl)C=CC=2N1,"2,59"
6 246,OC1=NC(=O)N(CC2C=CC=CC=2)C1=O,"1,19"
6 247,CNC(=O)OCC1C=CC=CC=1,"1,68"
6 248,CC1=CC=CC=C1C1NC(=N)NC(=N)N=1,"1,26"
6 249,NC1=NC(=NC(N)=N1)C1=CC(=CC=C1)C(F)(F)F,"2,67"
6 250,CC1=CN(C2CC(N=[N+]=[N-])C(CO)O2)C(=O)NC1=O,"0,05"
6 251,C=CN1C(=CN=C1C=CC1C=CC(=CC=1)C(O)=O)[N+]([O-])=O,"2,68"
6 252,NC1=NC(=NC(N)=N1)C1=CC(F)=CC=C1,"1,73"
6 253,NC1=NC(=NC(N)=N1)C1C=CC(F)=CC=1,"1,61"
6 254,N=C1NC(=NC(=N)N1)C1=CC=CC=C1Br,"1,26"
6 255,NCCCC1C=CN=CC=1,"0,40"
6 256,COC1C=CC(=CC=1)N(CCCC(O)=O)C(=O)C1C=CC(Cl)=CC=1,"2,70"
6 257,COP(=O)(NC(C)=O)SC,"-0,85"
6 258,CC1C(=O)C(=O)C=CN1C,"-0,77"
6 259,CCN1C=CC(=O)C(=O)C1C,"-0,31"
6 260,CCCN1C=CC(=O)C(=O)C1C,"0,18"
6 261,CC(C)N1C=CC(=O)C(=O)C1C,"0,05"
6 262,CCCCN1C=CC(=O)C(=O)C1C,"0,70"
6 263,CCCCCN1C=CC(=O)C(=O)C1C,"1,24"
6 264,CCCCCCN1C=CC(=O)C(=O)C1C,"1,90"
6 265,CC1C(=O)C(=O)C=CN1CCO,"-1,10"
6 266,COC1C(O)CC(OC1C)OC1C(O)CC(OC1C)OC1C(O)CC(OC2CCC3(C)C4CC(O)C5(C)C(CCC5(O)C4CCC3C2)C2COC(=O)C=2)OC1C,"1,80"
6 267,CN(C)C(=O)C1=CC=CS1,"0,75"
6 268,ClC1C2OC3=CC=CC=C3OC=2C(Cl)=C(Cl)C=1Cl,"6,89"
6 269,C1=CC2=CC=CC3SC4C=CC=C1C=4C2=3,"4,95"
6 270,CC(=O)NC(C)C(=O)NC(C)C(N)=O,"-2,00"
6 271,CC(=O)NC1CC(=O)N(C2C=CC=CC=2)C1=O,"-0,33"
6 272,CCN1CCN(CC)C1=S,"1,13"
6 273,CCCN1CCCN(CCC)C1=S,"2,83"
6 274,OC1=C(N=O)C(Br)=CC2=CC=CC=C21,"2,93"
6 275,CC1=CC(Br)=CN=C1NS(=O)(=O)C1C=CC(N)=CC=1,"2,05"
6 276,CC1C=NC(NS(=O)(=O)C2C=CC(N)=CC=2)=C(Br)C=1,"1,79"
6 277,C1CCCC=C1C1C=CC=CC=1,"4,53"
6 278,[O-][N+](=O)C1C=C(C=CC=1)N1C(=O)CCC1=O,"0,38"
6 279,CN1CCN=C1NC1=NC=C(S1)[N+]([O-])=O,"1,80"
6 280,CCN1CCN=C1NC1=NC=C(S1)[N+]([O-])=O,"2,28"
6 281,CN1CC(C)N=C1NC1=NC=C(S1)[N+]([O-])=O,"1,95"
6 282,CN1CCN(C)C1=NC1=NC=C(S1)[N+]([O-])=O,"0,95"
6 283,CN1C(C)CN=C1NC1=NC=C(S1)[N+]([O-])=O,"2,02"
6 284,CCCC(CCCCC)C(O)=O,"3,20"
6 285,CC1OC(CC(OC)C1O)OC1CCC2(C)C1CCC1C2CCC2(C)C(CCC21O)C1COC(=O)C=1,"2,37"
6 286,CCCCCCCCCCCCCCCC(=O)OCC1OC(C(O)C1O)N1C=CC(=N)N=C1O,"5,03"
6 287,N#CC1=CNN=C1,"0,24"
6 288,CC(=O)N(C)C1C(I)=C(C(I)=C(NC(C)=O)C=1I)C(=O)NC1C(O)C(O)C(CO)OC1O,"-1,89"
6 289,OCCCNC1C=CC=CC=1,"0,57"
6 290,C/C(/O)=N/C1C(I)=C(C(I)=C(C=1I)C(=O)N(C)CC(O)CO)C(=O)N(C)CC(O)CO,"-2,71"
6 291,[O-][N+](=O)C1=CC(=C2NN=CC2=C1)[N+]([O-])=O,"1,60"
6 292,CC(=CC(=O)OC(C)C)OP(=S)(NCC)OC,"3,82"
6 293,CCCCCCC(NC1C=CC(=CC=1[N+]([O-])=O)[N+]([O-])=O)C(O)=O,"4,20"
6 294,COC1(C)CC(OC2C(C)C(=O)OC(CC)C(C)(O)C(O)C(C)C(=O)C(C)CC(C)(O)C(OC3OC(C)CC(C3O)N(C)C)C2C)OC(C)C1OC=O,"2,64"
6 295,CC(=O)OC1C(C)OC(CC1(C)OC)OC1C(C)C(=O)OC(CC)C(C)C(O)C(C)C(=O)C(C)CC(C)(O)C(OC2OC(C)CC(C2O)N(C)C)C1C,"3,23"
6 296,COC1(C)CC(OC2C(C)C(=O)OC(CC)C(C)C(O)C(C)C(=O)C(C)CC(C)(O)C(OC3OC(C)CC(C3O)N(C)C)C2C)OC(C)C1OC=O,"3,05"
6 297,CC(=O)OC1C(C)C(CC)OC(=O)C(C)C(OC2CC(C)(OC)C(O)C(C)O2)C(C)C(OC2OC(C)CC(C2O)N(C)C)C(C)(O)CC(C)C(=O)C1C,"3,32"
6 298,CC1NS(=O)(=O)C2=CC=CC(Cl)=C2N=1,"0,72"
6 299,CC1=CC2N=C(C)NS(=O)(=O)C=2C=C1,"0,74"
6 300,CC1=CC2=C(C=C1)N=C(C)NS2(=O)=O,"0,81"
6 301,CC1NS(=O)(=O)C2C=C(F)C=CC=2N=1,"0,62"
6 302,CC1NS(=O)(=O)C2C=C(Cl)C(=CC=2N=1)[N+]([O-])=O,"1,42"
6 303,CC1NS(=O)(=O)C2=CC=CC(C)=C2N=1,"0,52"
6 304,CC1=CC=C(C=C1)S(=O)(=O)CC(=O)C1C=CC=CC=1,"2,45"
6 305,CN(C)C1C=CN=CN=1,"0,58"
6 306,CN(C)C1C=NC=NC=1,"0,46"
6 307,CC1=CSC(Cl)=C1NC1NCCN=1,"1,18"
6 308,COC(=O)NC1NC2C=CC(=CC=2N=1)C(=O)C1C=CC=CC=1,"2,83"
6 309,COC1C=NC=NC=1,"0,07"
6 310,CC1=NC=C(N1CCOC(N)=O)[N+]([O-])=O,"-0,29"
6 311,ClC1C=C(C=CC=1Cl)C1C=C(Cl)C(Cl)=CC=1Cl,"7,12"
6 312,CN1C(=O)N(CCCC)C2N=CNC=2C1=O,"1,29"
6 313,[O-][N+](=O)C1=CC2=C(C=C1)C1C=CC(=CC=1C2=O)[N+]([O-])=O,"2,84"
6 314,FC1N=CC=CN=1,"0,02"
6 315,CC(=O)NC1C=C(Cl)C=C(Cl)C=1,"3,17"
6 316,FC(F)(F)C1=CC(=CC=C1)C1CNCCO1,"2,18"
6 317,ClC1C=C(Cl)C2C(C=1)=C(Cl)C=CC=2Cl,"5,76"
6 318,N=C1C=CN(C2OC(CCl)C(O)C2O)C(O)=N1,"-1,05"
6 319,N=C1C=CN2C3OC(CO)C(O)C3OC2=N1,"-2,37"
6 320,ClC1C(OC2=C(Cl)C(Cl)=C(Cl)C(Cl)=C2Cl)=C(Cl)C(Cl)=C(Cl)C=1Cl,"8,16"
6 321,O=C1C=C2C=CC=CC2N=N1,"0,68"
6 322,OC1=NC(NC2=CC=CC=C21)C1=CC=CC2=CC=CC=C21,"2,96"
6 323,NC1=NN=C(CC2C=CC=CC=2)O1,"0,95"
6 324,CN(CC(C)(C)C)N=O,"1,34"
6 325,NNC(=O)C1=CC=CC=C1I,"0,47"
6 326,CC1C=CC=C(C)C=1OCC(C)N,"2,15"
6 327,CC1C=C(OC)C2=CC=CC=C2N=1,"2,81"
6 328,CC(C(O)=O)C1C=CC(=CC=1)N1CC2=CC=CC=C2C1=O,"2,77"
6 329,CN/C(/NC#N)=N\\C,"-0,40"
6 330,CN1C=NC(=C1OC)[N+]([O-])=O,"0,19"
6 331,CCOC(=O)NC1C=CC2SC3=CC=CC=C3N(C=2C=1)C(=O)CCN1CCOCC1,"2,98"
6 332,OC1CC(N=1)OC1=CC2=CC=CC=C2C=C1,"2,29"
6 333,CC1N=C(N)N=C(N)C=1C12CC3CC(C1)CC(C2)C3,"2,64"
6 334,BrC1C2C3CC1CC32,"3,11"
6 335,CN1C(C)C(=NCCCC)C(=O)N(C1=O)C1C=CC=CC=1,"1,69"
6 336,CN1C(=O)N(C2C=CC=CC=2)C(=O)C(=C1C)N(CC)CC,"2,11"
6 337,CN(C)C1C(=O)NC(=O)N(C2C=CC=CC=2)C=1C,"1,40"
6 338,CCOC(=O)C1=CN=C2CCCC(C)N2C1=O,"0,62"
6 339,CCOC(=O)C1=CN=C2C=CC=CN2C1=O,"0,25"
6 340,CC1CCCC2=NC=CC(=O)N21,"0,30"
6 341,NS(=O)(=O)/N=C(\\O)/CC1C=CC=CC=1,"0,31"
6 342,CNC1C=NC=CN=1,"0,56"
6 343,OC1=C(Cl)C(Cl)=CC(Cl)=C1O,"3,60"
6 344,CN1C(=O)C(=C(C)N(C1=O)C1C=CC=CC=1)N(CC)CC,"2,19"
6 345,CN(C)C1C(=O)N(CC=C)C(=O)N(C2C=CC=CC=2)C=1C,"1,98"
6 346,CN1C(=O)N(C2C=CC=CC=2)C(=O)C(=C1C)N1CCCC1,"2,26"
6 347,CN1C(=O)N(C2C=CC=CC=2)C(=O)C(=C1C)N1CCOCC1,"0,69"
6 348,CN(C)C1C(=O)N(C2C=CC=CC=2)C(=O)N(CC=C)C=1C,"1,44"
6 349,COC1=CC(Br)=C(C=C1CC(C)N)OC,"2,58"
6 350,CC(=O)OC1CCC(CC1)C(C)(C)C,"4,80"
6 351,C[N+]1C=C(Br)C=CC=1,"-2,91"
6 352,CC1=CCC(CC1O)C(C)(C)O,"1,81"
6 353,O=NN(CCF)C(=O)NC1CCSCC1,"1,43"
6 354,CCNC(=O)NS(=O)(=O)C1C=CC=CC=1,"0,90"
6 355,CN(C)C(=O)NS(=O)(=O)C1C=CC=CC=1,"0,28"
6 356,CCOP(=S)(OC1C=CC=CC=1)OCC,"3,46"
6 357,CN1C=C(C(O)=O)C2=CC=CC=C12,"2,00"
6 358,NC(=O)NC1=CC=CC2C=CC=NC=21,"1,62"
6 359,CC(=O)NC(CC(C)C)C(=O)NC,"0,14"
6 360,CC(=O)NC(C(C)CC)C(=O)NC,"0,14"
6 361,OCCN1CCN(CC1)C(=O)CN1C2=CC(Cl)=CC=C2SC1=O,"1,04"
6 362,BrC1C=C(OC2C(Br)=C(Br)C(Br)=C(Br)C=2Br)C(Br)=CC=1Br,"8,71"
6 363,CC1=NON=C1C(=O)OC,"0,94"
6 364,CC1=NON=C1C(N)=O,"0,31"
6 365,C/N=C(/O)\\C1=CC=CC=C1C(=O)C1C=CC=CC=1,"2,09"
6 366,CC(=O)N(CCCl)C1C=CC(CC(O)=O)=CC=1,"1,20"
6 367,ClC1=CC(Cl)=C(C=C1)C1=CC(Cl)=C(Cl)C=C1,"6,11"
6 368,ClC1=CC(C2=CC(Cl)=C(Cl)C=C2)=C(Cl)C=C1,"6,31"
6 369,ClC1C=CC(=CC=1Cl)C1=CC(Cl)=C(Cl)C=C1,"6,63"
6 370,ClC1C(Cl)=C(C=CC=1Cl)C1=CC(Cl)=C(Cl)C=C1,"6,79"
6 371,CC(=O)OC1=CC=CC=C1C(=O)OCOC(C)=O,"1,42"
6 372,CC(=O)OC1=CC=CC=C1C(=O)OCN1C(=O)CCC1=O,"0,50"
6 373,CC(=O)ON=C1CC=NC2=CC=CC=C21,"0,97"
6 374,ClCCOC(C1C=CC=CC=1)C1C=CC=CC=1,"4,38"
6 375,ClC1C=C(Cl)C(Cl)=CC=1C1C=CC(Cl)=CC=1,"6,67"
6 376,[O-][N+](=O)C1=CC2CCNC=2C=C1,"2,07"
6 377,NC1C=CC(=CC=1)S(=O)(=O)C1C=CC(=CC=1)NO,"0,88"
6 378,CC1C=C(C=CC=1OC)C=O,"2,23"
6 379,CC1=NC=CN=C1OCC,"1,82"
6 380,CN(C)C(=O)C1=CN=CC=N1,"-0,80"
6 381,CN(C)C(=O)NC1C=CC(=CC=1)C(C)(C)C,"3,10"
6 382,CC(CCC(=O)NCC(O)=O)C1CCC2C3C(CCC21C)C1(C)CCC(O)CC1C(O)C3O,"1,90"
6 383,CC1C=CC=C(Cl)C=1Cl,"3,96"
6 384,ClC1C=C(C=C(Cl)C=1Cl)C1=CC(Cl)=C(Cl)C(Cl)=C1,"7,41"
6 385,CC(=C)OCC1C=CC=CC=1,"2,41"
6 386,CC12CC1(C)C(=O)N(C1C=C(Cl)C=C(Cl)C=1)C2=O,"3,08"
6 387,NC1C=CN(C2OC3COC2C3O)C(=O)N=1,"-1,64"
6 388,OC(=O)CC1=CC=C(C=C1)C(F)(F)F,"2,45"
6 389,CC(C)(C)C1C=CC(CC(O)=O)=CC=1,"2,98"
6 390,CC(=O)OC1=CC=CC=C1I,"2,55"
6 391,CC(C)(C#N)NC1N=C(NC2CC2)N=C(Cl)N=1,"1,99"
6 392,CC(O)CCC(=O)C1C=COC=1,"0,84"
6 393,N=C1NCC(COC2C=CC=CC=2)O1,"1,27"
6 394,CC(=O)C1=CC2=CC=CC=C2N=C1,"1,76"
6 395,CC(C)(CC1C=CC=CC=1)/N=C(\\O)/N(CCCl)N=O,"3,73"
6 396,O/C(=N\\C1CCCC=C1)/N(CCCl)N=O,"2,45"
6 397,O=NN(CCCl)C(=O)NC1CCSCC1,"2,07"
6 398,O=NN(CCCl)C(=O)NC1CCS(=O)(=O)CC1,"0,19"
6 399,O=NN(CCCl)C(=O)NC1CSCSC1,"2,08"
6 400,O=NN(CCCl)C(=O)NC1CS(=O)(=O)CS(=O)(=O)C1,"-0,94"
6 401,O=NN(CCF)C(=O)NC1CSCSC1,"1,54"
6 402,ClC1C=CC(=CC=1)C1C=CC(Cl)=C(Cl)C=1Cl,"5,84"
6 403,CN(C=NC1C=CC(C)=CC=1C)C=NC1C=CC(C)=CC=1C,"5,50"
6 404,CC1C=C(C)C(=CC=1)/N=C/NC,"2,92"
6 405,CC(=O)NC1=CC=CC=C1CC,"1,32"
6 406,CC(=O)NC1C(Br)=CC=CC=1Br,"1,53"
6 407,C1COCCOCCOCCOCCO1,"-0,48"
6 408,OC1=NC(=O)ON1C1C=CC=CC=1,"1,74"
6 409,CC12CC3(N)CC(C1)CC(C3)C2,"3,01"
6 410,CCOC(=O)C1=CN=CN1C(C)C1C=CC=CC=1,"3,05"
6 411,CN(C=O)C1C(=N)N(C)C(=O)N=C1O,"-1,30"
6 412,CN1C(=O)C(C(=N)N(C)C1=O)N(C)C=O,"-1,32"
6 413,ClC1=CC2NC(CC3C=CC(Br)=CC=3)=NC=2C=C1,"5,38"
6 414,ClC1C=CC=C(Cl)C=1C1C=CC=CC=1,"4,99"
6 415,CN(C)C1C=C(C=CC=1)C(N)=O,"0,95"
6 416,CCCCCC1C=CC(N)=CC=1,"3,39"
6 417,CCCCCCC1C=CC(N)=CC=1,"4,21"
6 418,[O-][N+](=O)C1C=C(C=CC=1NCCO)N(CCO)CCO,"1,70"
6 419,ClC1C=C(Cl)C=CC=1C1C=CC=CC=1,"5,13"
6 420,ClC1=CC(Cl)=CC(=C1)C1=CC(Cl)=CC(Cl)=C1,"6,72"
6 421,ClC1=C(C=C(Cl)C(Cl)=C1Cl)C1C=CC=CC=1,"6,41"
6 422,CN(C)CCN1C(=O)C(OC(C)=O)C(SC2=CC=CC=C12)C1C=CC(=CC=1)OC,"2,70"
6 423,O=C1NC(=O)SC1CC1C=CC=CC=1,"1,98"
6 424,CN(C)N=NC1=CC=CC=C1C(=N)O,"1,73"
6 425,CN(C)N=NC1C=CC(=CC=1)C(N)=O,"1,20"
6 426,NC1=CN=CC(Cl)=N1,"0,95"
6 427,NC1=CN=C(Cl)C=N1,"0,67"
6 428,COC1=CN=CC(Cl)=N1,"1,65"
6 429,COC1=CN=C(Cl)C=N1,"1,52"
6 430,COCCOC1=CC=CC=C1OCCOC,"1,12"
6 431,CCC1(CCC)C(=O)NC(=O)NC1=O,"0,66"
6 432,CC1OC2C(CO1)OC(OC1C3COC(=O)C3C(C3=CC4OCOC=4C=C31)C1=CC(OC)=C(O)C(=C1)OC)C(O)C2O,"0,60"
6 433,O=C1NC2C=CC(Br)=CC=2C(=N1)C1C=CC=CC=1,"2,71"
6 434,CN1C(=CN=C1C1=NOC2CCCCC12)[N+]([O-])=O,"2,22"
6 435,COC(=O)C1=CN=C2CCCC(C)N2C1=O,"0,16"
6 436,CC1CCCC2=NC=C(C(=N)O)C(=O)N21,"0,04"
6 437,ClC1C(Cl)C(Cl)C(I)C(Cl)C1Cl,"4,05"
6 438,COP(=S)(OC1C=CC=CC=1)OC,"3,03"
6 439,CC1C=C(C)C=C(C)C=1S(=O)(=O)C1C=CC(N)=CC=1,"3,06"
6 440,CCCCCCCCCC(=O)N1CCCC1=O,"4,33"
6 441,OC(=O)C1CC(=O)C2C=C(Cl)C=CC=2O1,"1,77"
6 442,CCC(C)NC1C(=CC(=CC=1[N+]([O-])=O)C(C)(C)C)[N+]([O-])=O,"4,93"
6 443,CC1=NN=C(C(=O)N1N)C(C)(C)C,"1,03"
6 444,CC(C)C1N=NC(=NCCCC)N(N)C1=O,"1,78"
6 445,CCC1=CC2C(=NCC(=O)N(C)C=2S1)C1=CC=CC=C1Cl,"3,18"
6 446,CCNC1N=C(NC(C)(C)C)N=C(N=1)OC,"3,10"
6 447,C/C(/O)=N/C1=CC(Cl)=C(Cl)C(Cl)=C1,"3,76"
6 448,COC1C=C(Cl)C=C(Cl)C=1,"3,80"
6 449,CC(=O)NC1C=C(C=CC=1OC)[N+]([O-])=O,"1,60"
6 450,C/C(/O)=N/C1=CC=CC2C=CC=NC=21,"1,91"
6 451,CC(=O)NC1=CC=CC=C1C(N)=O,"0,32"
6 452,CC=C(C)C(=O)OC1C=C(C)C(O)CC(OC(C)=O)C(C)=CC2OC(=O)C(=C)C21,"1,16"
6 453,ClC1=CC2OC3C=CC(Cl)=CC=3OC=2C=C1,"5,75"
6 454,NNP(=O)(OC1C=CC=CC=1)OC1C=CC=CC=1,"1,51"
6 455,CN1C2C(NC1=O)=NC(=O)N(C)C2=O,"-0,22"
6 456,CCOC1C=NC=C(N=1)OCC,"2,55"
6 457,FC1C=NC=C(F)N=1,"0,74"
6 458,FC1=CN=CC(Cl)=N1,"1,16"
6 459,ClC1=CC(Cl)=C(C2C(Cl)=CC(Cl)=CC=2Cl)C(Cl)=C1,"7,28"
6 460,CCNC1=NC(O)=NC(NCC)=N1,"2,29"
6 461,CNC(=O)N(C)C1=NN=C(S1)C(C)(C)C,"1,79"
6 462,CC(=O)NCC(=O)NC(CC1C=CC=CC=1)C(N)=O,"-0,56"
6 463,C/C(/O)=N/C/C(/O)=N/C(CC(C)C)C(=N)O,"-0,78"
6 464,C/C(/O)=N/C/C(/O)=N/C(C(C)C)C(=N)O,"-1,33"
6 465,COC(=O)C1C=CC(=CC=1)S(=O)(=O)C1C=CC(N)=CC=1,"2,13"
6 466,CN1C(C(=O)NC2=NC=CS2)C(=O)C2=CC=CC=C2S1(=O)=O,"1,64"
6 467,CN1C(=O)CN=C(C2=CC=CC=C2F)C2C=C(N)C=CC1=2,"1,30"
6 468,COC(=O)CS(=O)(=O)C1C=CC=CC=1,"0,93"
6 469,CC(C)C1C=CC(=CC=1)NC(=O)N(C)C,"2,69"
6 470,CC12CC(OC(=O)C(COC(C)=O)=CC)C3C(C=C(C)C(O)(C=C1)O2)OC(=O)C3=C,"1,19"
6 471,CCC(=O)C1(C)CCC2C3CCC4=CC(=O)CCC4=C3CCC12C,"4,04"
6 472,C/C(/O)=N/CC1C=CC=C(C=1)OCC(O)CNC(C)C,"0,34"
6 473,CC(C(C1C=CC(=CC=1)OC)C1C=CC(=CC=1)OC)[N+]([O-])=O,"3,87"
6 474,CN(C)/C(/O)=N/C1=CC(Cl)=C(C=C1)N1N=C(OC1=O)C(C)(C)C,"2,51"
6 475,CC1(C)C2OC2C2C1(O)C(O)C(O)C13CC(C)(O)C(CCC1(O)C2(C)O)C3O,"-0,57"
6 476,CC(C)(C)C1C=C(C=C(C=1)C(C)(C)C)OC1OC(CO)C(O)C(O)C1O,"2,73"
6 477,CC1C=CC=CC=1C=C[N+]([O-])=O,"2,63"
6 478,COC(=O)C1C=CN=NC=1,"-0,27"
6 479,CC(C)N(C(C)C)C(=O)CC1C=CC=CC=1,"3,10"
6 480,COC(=O)C1C=NC=NC=1,"0,03"
6 481,COC(=O)C1C=CC=NN=1,"-0,43"
6 482,COC(=O)C1N=CC=CN=1,"-0,71"
6 483,CC1=CC=CC(CC)=C1N(COCC)C(=O)CCl,"3,03"
6 484,CC1C2C(O)C3(C)C(C=CC3=O)C(C)CC2OC1=O,"0,83"
6 485,NC1C=CC(=CC=1)S(=O)(=O)C1C=C(N)C=CC=1,"1,03"
6 486,COC(=O)C(CCC(=O)OC)NC(=O)C1C=CC(=CC=1)N(C)CC1C=NC2N=C(N)N=C(N)C=2N=1,"0,54"
6 487,OC(=O)COC1C=CC(=CC=1)S(=O)(=O)F,"1,82"
6 488,OC(=O)C1COC2=CC=CC=C2O1,"1,40"
6 489,OC(=O)C1CC2C=C(Cl)C=CC=2O1,"2,11"
6 490,CN(C)C1C=CC(=CC=1)NS(=O)(=O)C1C=CC(N)=CC=1,"1,57"
6 491,NC1C=CC(=CC=1)S(=O)(=O)NC1C=CC=NC=1Cl,"1,58"
6 492,CN1N=NN=C1SCC1CSC2C(NC(=O)C(O)C3C=CC=CC=3)C(=O)N2C=1C(O)=O,"0,50"
6 493,CC1=CC(NC(=O)C2C(=O)C3=CC=CC=C3S(=O)(=O)N2C)=NO1,"2,83"
6 494,CCCCC1C(O)=NC(=O)N(C)C1=O,"1,10"
6 495,CCN(CC)C(=O)SCC1=CC=CC=C1Cl,"3,43"
6 496,CCOP(=S)(OC1C=CC(Cl)=CC=1Cl)SCCC,"5,67"
6 497,OC(=O)CC1=CC=CC=C1OC1=CC=C(Cl)C=C1Cl,"4,80"
6 498,COC1C=CC=CC=1N1CCN(CCCN=C2CC(=O)N(C)C(=O)N2C)CC1,"1,60"
6 499,COC(=O)N1C(=NC2=CC=CC=C12)C1=CSC=N1,"2,51"
6 500,CC(=NOC(=O)NC)C(C)SC,"1,10"
6 501,CC1CSC2C(/N=C(\\O)/CC3=CC=CS3)C(=O)N2C=1C(O)=O,"0,61"
6 502,CC1(C)SC2C(NC(=O)C(C3C=CC=CC=3)S(O)(=O)=O)C(=O)N2C1C(O)=O,"-0,22"
6 503,CN(C)CCCN1(=O)C2=CC=CC=C2SC2=CC=CC=C12,"1,90"
6 504,C1CN(CCN1)C1=CC=CC=N1,"0,74"
6 505,CC12CC(OC)C3C(CCC4C=C(O)C=CC=43)C1CCC2(O)C#C,"3,52"
6 506,CN1C(CC(O)C1=O)C1=CN=CC=C1,"-1,45"
6 507,[O-][N+](=O)C1=CC=C(C[Se]CCC(O)=O)C=C1,"1,63"
6 508,CC1NC=NC=1CSCCNC(=S)NC,"0,50"
6 509,N#CC1=CC2=CC=CC=C2N=C1,"1,57"
6 510,CON(C)C(=O)NC1C=CC(=CC=1)C(C)C,"2,95"
6 511,ClC1C=CC(Cl)=CC=1C1C=CC=CC=1,"5,13"
6 512,ClC1=CC(=CC(Cl)=C1)C1C=CC=CC=1,"5,41"
6 513,ClC1C=CC(=CC=1)C1C=CC=CC=1Cl,"5,09"
6 514,CC(C)(C)NCC(O)COC1C=CC=CC=1C#N,"1,60"
6 515,CC(C)NCC(O)COC1=CC(=CC=C1)OC/C(/O)=N/C,"0,35"
6 516,CNC(=O)COC1=CC=CC=C1OCC(O)CNC(C)(C)C,"1,36"
6 517,CN1C(=O)CN=C(C2=CC=CC=C2F)C2C=C(I)C=CC1=2,"3,14"
6 518,OC1C=CC(=CC=1)C1(O)CCN(CCCSC2C=CC(F)=CC=2)CC1,"4,17"
6 519,CC(C)NCC(O)COC1=CC=C(C=C1)OC/C(/O)=N/C,"0,56"
6 520,CNC(=S)NCCCCC1=CN=CN1,"0,39"
6 521,NCCCCC1=CC=CC=N1,"0,86"
6 522,CC1C(OCCN1N=O)C1C=CC=CC=1,"2,09"
6 523,ClC1C=CC(C2C=C(Cl)C(Cl)=CC=2Cl)=C(Cl)C=1Cl,"7,35"
6 524,CC(=O)C1=CC(=CC=C1)S(N)(=O)=O,"0,21"
6 525,NS(=O)(=O)C1=CC=CC2C=CC=NC=21,"0,42"
6 526,[O-][N+](=O)C1C=CC=CC=1/N=C(\\O)/CN1CCCCC1,"2,75"
6 527,NC(=O)NS(=O)(=O)C1C=CC=CC=1,"0,28"
6 528,CC1=CC(OCCN(C)C)=C(C=C1O)C(C)C,"2,93"
6 529,CC(C)N(CC1C=CC=CC=1)C(=O)C(C)(C)C,"3,00"
6 530,O=C(NC1C=CC(Cl)=CC=1)NC(=O)C1C(F)=CC=CC=1F,"3,88"
6 531,O/C(=N\\C(=O)NC1C=CC(F)=CC=1)/C1C(F)=CC=CC=1F,"3,20"
6 532,COC1=CC=CC=C1N1CCNCC1,"1,67"
6 533,CSC1=CC=C(C=C1)OP(=S)(OCC)SCCC,"5,48"
6 534,COC(=O)NC1C=CC(=CC=1)OCC,"2,15"
6 535,CC(=C)C(=O)OC1CC2(COC(=O)C(=C)C2C2OC(=O)C(=C)C12)C=C,"1,56"
6 536,CC(=O)OCC1=CC(=CC=C1)OC,"2,02"
6 537,[O-][N+](=O)C1C=CC(=CC=1)N1C(=O)CCC1=O,"0,46"
6 538,N#CC1=CC=CC2C=CC=NC=21,"1,39"
6 539,CN(C)C=CC#N,"0,47"
6 540,CC1(C)SC2C(NC(=O)C(C3C=CC=CC=3)C(=O)OC3=CC4CCCC=4C=C3)C(=O)N2C1C(O)=O,"3,77"
6 541,C=CCOC(CN1C=NC=C1)C1C=CC(Cl)=CC=1Cl,"3,82"
6 542,COP(=O)(OC)SCN1C2=NC=C(Cl)C=C2OC1=O,"1,05"
6 543,COC1(NC(=O)CC2=CC=CS2)C2SCC(COC(N)=O)=C(C(O)=O)N2C1=O,"-0,02"
6 544,CC1CCC(C)N1C(=O)NC1C=CC=CC=1,"2,33"
6 545,CC1SSC(=O)C=1C,"1,73"
6 546,CN1C=NC(=C1I)[N+]([O-])=O,"1,00"
6 547,CC1NC(=C(N=1)OC)[N+]([O-])=O,"0,21"
6 548,CC1=NC(=C(OC)N1C)[N+]([O-])=O,"-0,09"
6 549,ClC1C=C(Cl)C=C(Cl)C=1C1C=CC=CC=1,"5,62"
6 550,ClC1=CC(C2C=C(Cl)C=CC=2Cl)=C(Cl)C=C1,"6,17"
6 551,ClC1C=C(Cl)C(Cl)=C(C=1)C1C=C(Cl)C=C(Cl)C=1Cl,"7,07"
6 552,ClC1C=C(Cl)C=CC=1C1C=C(Cl)C(Cl)=C(Cl)C=1Cl,"7,44"
6 553,ClC1=CC(C2C=C(Cl)C(Cl)=C(Cl)C=2Cl)=C(Cl)C(Cl)=C1Cl,"8,04"
6 554,CC(=O)NC1C=CC(=CC=1)C#N,"1,37"
6 555,[O-][N+](=O)C1C=C(C=CC=1)/N=C(\\O)/CN1CCCCC1,"2,59"
6 556,CC(=O)N(C)C1C=CC(=CC=1)OC,"0,72"
6 557,ClC1C=C2OC3=C(OC2=C(Cl)C=1Cl)C(Cl)=C(Cl)C(Cl)=C3Cl,"8,20"
6 558,CCC1OC(=O)CC(O)C(C)C(OC2OC(C)CC(C2O)N(C)C)C(CC=O)CC(C)C(=O)C=CC2(C)OC2C1C,"2,19"
6 559,CC12OC1C(C)C1CC(O)(NC(=O)O1)C(C=CC=C(C)CC1C=C(OC)C(Cl)=C(C=1)N(C)C(=O)CC2OC(=O)C(C)N(C)C(C)=O)OC,"1,99"
6 560,NC1=CC(N)=C(C=C1)S(=O)(=O)C1C=CC(N)=CC=1,"0,38"
6 561,OC(=O)CC1C=CC(=CC=1)C1CCCCC1,"3,91"
6 562,NC1C2C=CC=NC=2C=CC=1[N+]([O-])=O,"1,61"
6 563,C/C(/O)=N/N1CC=CCC1,"0,52"
6 564,CCN1CCC2OC(N)=NC=2CC1,"0,05"
6 565,N#CC1=CN=C(Cl)C=N1,"0,92"
6 566,NC(=O)C1=CN=CC(Cl)=N1,"0,28"
6 567,COC1=CN=CC(=N1)C(=N)O,"0,13"
6 568,ClC1C2OC3C(=CC=CC=3Cl)OC=2C(Cl)=C(Cl)C=1Cl,"6,50"
6 569,CC(=O)C1C=CC2N=C(O)CN=C(C3=CC=CC=C3F)C=2C=1,"1,75"
6 570,CCOC(=O)C1N=CNC=1N=NN(C)C,"0,44"
6 571,CC(=O)NC1=CC2N=CC=CC=2C=C1,"1,55"
6 572,CC1=CC=CC=C1NC1NCCN=1,"1,28"
6 573,CN1C(C(=O)NC2=CC=CC=N2)C(=O)C2=CC=CC=C2S1(=O)=O,"2,52"
6 574,OC(=O)CCC(=O)C1C=CC(=CC=1)C1C=CC=CC=1,"3,20"
6 575,CC1C=CC(=C(C=1)OP(=S)(NC(C)CC)OCC)[N+]([O-])=O,"4,62"
6 576,CC1C=CC=C(C)C=1/N=C(\\O)/C1CNCCN1,"0,38"
6 577,CC(C)C(C)CC1(CC)C(=O)NC(=O)NC1=O,"2,02"
6 578,O/C(=N\\C1C=CC=CC=1)/C1CNCCN1,"0,48"
6 579,CC1=CC=CC=C1/N=C(\\O)/C1CNCCN1,"0,26"
6 580,O=C(COC1C=CC=CC=1)N1CCCCC1,"1,81"
6 581,O=C1C2C=CC=CC=2C(=O)C(CC=C(Cl)Cl)C1=O,"3,10"
6 582,BrC1=CC(Br)=C(Br)C=C1OC1C=C(Br)C(Br)=C(Br)C=1,"7,40"
6 583,O=C1CC2(CC(=O)N1CCCCN1CCN(CC1)C1N=CC=CN=1)CCCC2,"2,63"
6 584,CCCCCC1=CC(O)=C2C3C=C(CCC3C(C)(C)OC2=C1)CO,"5,33"
6 585,C/C(/O)=N/C1=C(C)C=C(O)C(C)=C1C,"0,75"
6 586,CC1=CC(=CC(C)=C1)NC(=O)N(C)C,"1,90"
6 587,ClC1C(Cl)C(Cl)C(Br)C(Cl)C1Cl,"3,74"
6 588,CC1C=CC=C(C)C=1NC(=O)C(CC)N(CCC)CC,"3,69"
6 589,[O-][N+](=O)C1=NC=CN1CCN1CCOCC1,"-0,10"
6 590,CC(C)NC(=O)N1CC(=O)N(C2C=C(Cl)C=C(Cl)C=2)C1=O,"3,00"
6 591,FC1=CC=CC=C1C1=NCC(=S)N(CC(F)(F)F)C2C=CC(Cl)=CC=21,"4,03"
6 592,CCC(C)N(C(C)CC)C(=O)SCC1C=CC=CC=1,"4,40"
6 593,NC(=O)C1N=CN(N=1)C1OC(CO)C(O)C1O,"-1,85"
6 594,CCOC(=O)C(C#N)N=NC1=CC(Cl)=C(Cl)C(Cl)=C1,"5,03"
6 595,COC(=O)C(C#N)N=NC1C=C2OC(F)(F)C(F)(F)OC2=CC=1,"4,86"
6 596,COC(=O)C(C#N)N=NC1C=C(C=C(C=1)C(F)(F)F)C(F)(F)F,"5,02"
6 597,COC(=O)C(C#N)N=NC1=CC(Cl)=C(Cl)C(Cl)=C1,"5,22"
6 598,CC(=O)C(C#N)N=NC1C=C2OC(F)(F)C(F)(F)OC2=CC=1,"5,31"
6 599,COC(=O)C(C#N)N=NC1C=CC(Cl)=CC=1C(F)(F)F,"4,66"
6 600,CCOC(=O)C(C#N)N=NC1=CC(Cl)=C(Cl)C=C1,"4,66"
6 601,COC(=O)C(C#N)N=NC1=CC(C(F)F)=C(Cl)C=C1,"3,80"
6 602,CCOC(=O)C(C#N)N=NC1C=CC=C(Cl)C=1,"3,94"
6 603,COC(=O)C(C#N)N=NC1C=C(C=CC=1C#N)C#N,"2,81"
6 604,COC(=O)C(C#N)N=NC1C=CC=CC=1,"2,59"
6 605,CC(CCC1C=CC=CC=1)NCC(O)C1C=C(C(O)=CC=1)C(N)=O,"3,09"
6 606,COC(=O)C(C#N)N=NC1C=C(Cl)C(Cl)=CC=1Cl,"5,15"
6 607,CC1N=C(N)SC=1C(=O)CCN(C)C,"1,47"
6 608,NCCN1CC(=O)C(=O)C=C1,"-0,66"
6 609,CC(=O)C=CC1=CC=C(C=C1)OCC,"2,73"
6 610,C/C(/O)=N/C1=CC(=O)N(C2C=CC(Cl)=CC=2)C1=O,"0,75"
6 611,CC1NS(=O)(=O)C2C=CC(Br)=CC=2N=1,"1,37"
6 612,CC1NS(=O)(=O)C2C=C(I)C=CC=2N=1,"1,61"
6 613,CC1NS(=O)(=O)C2C=CC(CC)=CC=2N=1,"1,25"
6 614,CC1NS(=O)(=O)C2C=C(Cl)C(N)=CC=2N=1,"0,63"
6 615,CC1NS(=O)(=O)C2C=C(Cl)C(=CC=2N=1)/N=C(/C)\\O,"0,53"
6 616,CC1NS(=O)(=O)C2=CC(Cl)=CC(I)=C2N=1,"1,81"
6 617,CCCC1NS(=O)(=O)C2C=CC(Cl)=CC=2N=1,"2,04"
6 618,CC(C)C1NS(=O)(=O)C2C=CC(Cl)=CC=2N=1,"2,00"
6 619,CC(C)CC1NS(=O)(=O)C2C=CC(Cl)=CC=2N=1,"2,35"
6 620,CCC(C)C1NS(=O)(=O)C2C=C(Cl)C=CC=2N=1,"2,47"
6 621,O=S1(=O)NC(=NC2C=CC(Cl)=CC1=2)C1CCC1,"2,24"
6 622,CC(C)(C)CC1NS(=O)(=O)C2C=C(Cl)C=CC=2N=1,"2,71"
6 623,O=S1(=O)NC(CCl)=NC2C=C(Cl)C=CC1=2,"1,68"
6 624,COCC1NS(=O)(=O)C2C=CC(Cl)=CC=2N=1,"1,12"
6 625,CC1NS(=O)(=O)C2C=C(Cl)C=C(C=2N=1)[N+]([O-])=O,"0,85"
6 626,CC1NS(=O)(=O)C2C=C(C=CC=2N=1)S(=O)(=O)N(C)C,"0,32"
6 627,CCCCC1NS(=O)(=O)C2C=C(Cl)C=CC=2N=1,"2,52"
6 628,O=S1(=O)NC(=NC2=CC=CC=C12)C1CCCCC1,"2,20"
6 629,O=S1(=O)NC(=NC2=CC=CC=C12)C1CCCC=1,"1,69"
6 630,O=S1(=O)NC(=NC2=CC=CC=C12)C1CC=CC1,"1,53"
6 631,O=S1(=O)NC(=NC2=CC=CC=C12)C1CC=CCC1,"2,05"
6 632,O=S1(=O)NC(=NC2=CC=CC=C12)C1CC2CC1C=C2,"2,06"
6 633,O=S1(=O)N=C(NC2=CC=CC=C12)C1=CC=CS1,"1,68"
6 634,O=S1(=O)N=C(NC2=CC=CC=C12)C1=CC=CO1,"1,06"
6 635,O=S1(=O)NC(=NC2C=C(Cl)C=CC1=2)C(Cl)Cl,"1,81"
6 636,N=C1NC2C=C(Cl)C=CC=2S(=O)(=O)N1,"0,91"
6 637,CCSCC1NS(=O)(=O)C2C=CC(Cl)=CC=2N=1,"2,26"
6 638,O=C(CN1CCCCC1)NC1C=CC(F)=CC=1,"2,70"
6 639,CCN(CC(F)(F)F)CC,"1,88"
6 640,CCOC(=O)C(N)CC1=CC(O)=C(O)C=C1,"0,28"
6 641,[O-][N+](=O)C1C=CC=CC=1/N=C(\\O)/C1C=CC=CC=1O,"2,87"
6 642,O/C(=N\\C1C=CC(Cl)=CC=1Cl)/C1=CC=CC=C1O,"5,49"
6 643,CC(C)NCC(O)COC1=CC=C(CCOC)C=C1,"1,88"
6 644,CN1CC(O)CN(C)C1=NC1=NC=C(S1)[N+]([O-])=O,"0,16"
6 645,CC1CN=C(N1)NC1=NC=C(S1)[N+]([O-])=O,"1,82"
6 646,CN1C(NC2=NC=C(S2)[N+]([O-])=O)=NCC1(C)C,"2,35"
6 647,[O-][N+](=O)C1=CN=C(NC2NCC(O)CN=2)S1,"0,74"
6 648,[O-][N+](=O)C1C=C(Cl)C=CC=1/N=C(\\O)/C1C=CC=CC=1O,"4,09"
6 649,CSC1=NCCN1C1=NC=C(S1)[N+]([O-])=O,"1,78"
6 650,CC(=O)OCCN1CCSC1=NC1=NC=C(S1)[N+]([O-])=O,"1,88"
6 651,CC(=O)C1C=C(C=CC=1OCC(O)CNC(C)C)NC(=O)CCC,"1,71"
6 652,CC1=CC=C(C=C1)NS(=O)(=O)C(F)(F)F,"3,60"
6 653,CN1C=CC=C1C(=O)OC,"1,80"
6 654,CCN(CCCN(C1CC2=CC=CC=C2C1)C1C=CC=CC=1)CC,"4,86"
6 655,ClC1=CC(Cl)=C(C=C1)C1C=CC=CC=1Cl,"5,76"
6 656,OC1=NC(=NC2NN=NC=21)C1C=CC=CC=1,"1,27"
6 657,C=CCN(CC=C)C(=O)C(Cl)Cl,"1,74"
6 658,CSC1C=CC(=NN=1)SC,"1,85"
6 659,CCOC1=CC2NC=CC=2C=C1,"2,53"
6 660,NC(=N)N=NCC1C=CC(Br)=CC=1,"1,30"
6 661,CC1C(=NO[N+]=1[O-])C(N)=O,"0,03"
6 662,CC1=NO[N+]([O-])=C1C(N)=O,"0,36"
6 663,CC(C)CC(NC(=O)CNC(=O)CNC(=O)CCCCSC1=NC=NC2N=CNC1=2)C(=O)OCC,"1,07"
6 664,[O-][N+](=O)C1=CC=C(C=CC(O)=NN=CC2=CC=C(O2)[N+]([O-])=O)O1,"2,79"
6 665,CC1=C(Cl)C=CC=C1NC1=CC=CC=C1CC(O)=O,"4,64"
6 666,NC1=NC(=CC2=CC=CC=C21)C1=CC=CC=N1,"2,74"
6 667,CCOC1=CN=CC=N1,"1,28"
6 668,OC1=NC2=CC=CC=C2C=C1C1C=CC=CC=1,"2,99"
6 669,CC1C=CC(=CC=1OC)OC,"2,76"
6 670,CN(C)N=NC1=CN(C2OC(CO)C(O)C2O)C(=O)N=C1O,"-1,82"
6 671,CC1C=CC=CC=1OCC(O)CNCCOC1C=CC(=CC=1)C(N)=O,"2,22"
6 672,NNC(=O)NC1=CC=CC=C1O,"0,33"
6 673,CC1C(=CC2=CC=C(C=C2)S(C)=O)C2C=CC(F)=CC=2C=1CC(O)=O,"3,42"
6 674,CC1CC2C3CCC4=CC(=O)C=CC4(C)C3(F)C(O)CC2(C)C1(OC(=O)CCCC)C(=O)COC(=O)CCCC,"5,26"
6 675,ClC1=CC=C(C=C1)N1CCNCC1,"2,01"
6 676,CC1(C)SC2C(NC(=O)C(C3C=CC=CC=3)C(=O)OC3C=CC=CC=3)C(=O)N2C1C(O)=O,"3,14"
6 677,CC1(C)C2CC1CCC2CN,"2,05"
6 678,CCCCC(=O)NN,"-0,11"
6 679,NC1N=C(C=C(N)[N+]=1[O-])N1CCCCC1,"1,24"
6 680,CCOC(=O)C1=CN=C2CCCCN2C1=O,"0,51"
6 681,CC(=O)OCCOC(=O)C1C=CC=CC=1,"1,85"
6 682,CC(C)(C)NCC(O)COC1=CC=CC=C1C1CCCC1,"4,15"
6 683,O=C(CN1CCCCC1)NC1C=CC=C(Cl)C=1,"3,45"
6 684,CC1=CC(=CC=C1)/N=C(\\O)/CN1CCCCC1,"2,97"
6 685,[O-][N+](=O)C1C=CC(=CC=1)NC(=O)CN1CCCCC1,"2,72"
6 686,O/C(/CN1CCCCC1)=N\\C1=CC=CC=C1Cl,"2,76"
6 687,ClC1C=CC(Cl)=CC=1C1=C(Cl)C(Cl)=CC=C1Cl,"6,55"
6 688,ClC1=CC(Cl)=C(C=C1)C1C=C(Cl)C(Cl)=CC=1Cl,"7,21"
6 689,ClC1=CC(C2C=CC(Cl)=C(Cl)C=2Cl)=C(Cl)C=C1,"6,85"
6 690,ClC1C=C(C=CC=1Cl)C1=C(Cl)C(Cl)=CC=C1Cl,"6,22"
6 691,ClC1C=C(Cl)C(Cl)=CC=1C1=C(Cl)C(Cl)=CC=C1Cl,"7,28"
6 692,ClC1C=CC(C2=C(Cl)C(Cl)=CC=C2Cl)=C(Cl)C=1Cl,"7,04"
6 693,ClC1C=CC(C2C=CC(Cl)=C(Cl)C=2Cl)=C(Cl)C=1Cl,"7,32"
6 694,ClC1C=C(C=CC=1Cl)C1C=C(Cl)C(Cl)=C(Cl)C=1Cl,"7,58"
6 695,[O-][N+](=O)C1=CC2C=CC=C(O)C=2C=C1,"3,50"
6 696,CN(C)C1C=CC(CN=NC(N)=N)=CC=1,"0,28"
6 697,ClC1=CC=C(Cl)C(Cl)=C1C1=C(Cl)C(Cl)=CC=C1Cl,"7,12"
6 698,ClC1C=CC=CC=1C1C(Cl)=CC=CC=1Cl,"5,48"
6 699,ClC1C=CC=C(Cl)C=1C1C=CC(Cl)=CC=1,"5,75"
6 700,ClC1C=CC=CC=1C1C=CC=C(Cl)C=1Cl,"5,31"
6 701,ClC1=CC(C2=CC(Cl)=CC=C2)=C(Cl)C=C1,"5,76"
6 702,ClC1C=C(C=CC=1)C1C=CC=C(Cl)C=1Cl,"5,57"
6 703,ClC1C=CC(=CC=1)C1C=CC=C(Cl)C=1Cl,"5,42"
6 704,ClC1C=C(C=CC=1Cl)C1C=CC=CC=1Cl,"5,87"
6 705,ClC1=CC(=CC(Cl)=C1)C1C=C(Cl)C=CC=1,"5,81"
6 706,ClC1C=CC(=CC=1)C1=CC(Cl)=C(Cl)C=C1,"5,90"
6 707,ClC1=CC=CC(C2C=CC=C(Cl)C=2Cl)=C1Cl,"6,03"
6 708,CC1C=CC(=CC=1)C(=O)CS(=O)(=O)C1C=CC=CC=1,"2,70"
6 709,O=C(CS(=O)(=O)C1C=CC=CC=1)C1C=CC(Cl)=CC=1,"2,69"
6 710,CN(C)C1C(=O)N(C)C(=O)N(C)C=1C,"0,99"
6 711,CC1=CN=CC(Cl)=N1,"1,04"
6 712,CC(C)OC(=O)N(C)C,"1,38"
6 713,CNC(=S)NCCSCC1=CN=CN1,"0,16"
6 714,CC1N=CNC=1CSCCN/C(/O)=N/C,"-0,06"
6 715,CC(=O)N(C)NC1C=CC=CC=1,"1,31"
6 716,CS(=O)(=O)C1=CC=CS1,"0,38"
6 717,CCCC1=CSSC1=S,"3,18"
6 718,CN(C)C1C=NN=C(C=1)N(C)C,"0,84"
6 719,CC/N=C(\\O)/CNC(=O)C=[N+]=[N-],"-0,62"
6 720,CCC1C=CC=C(CC)C=1N(CC(=O)OCC)C(=O)CCl,"3,60"
6 721,CC1(C)C(O)CC2C(C)C3CCC4C(O)C3(CC4(C)O)CC(O)C12O,"1,51"
6 722,C/C(/O)=N/C1CC1C1C=CC=CC=1,"1,43"
6 723,CC1C=CC=C(C)C=1/N=C(\\O)/C(C)N(CC)CC,"2,73"
6 724,ClC1C2OC3C(C=2C(Cl)=C(Cl)C=1Cl)=C(Cl)C(Cl)=C(Cl)C=3Cl,"8,60"
6 725,CN1C(C=C)=CN=C1[N+]([O-])=O,"0,64"
6 726,CN1C(=CN=C1[N+]([O-])=O)C(O)CO,"-0,89"
6 727,CC1C=CC=C(C=1)NC(=O)OC,"2,29"
6 728,CC1=CN=C2C=CC=C(C)N2C1=O,"1,26"
6 729,CC1=CC(=O)N2C(C)CCCC2=N1,"0,67"
6 730,CC1=CN=C2C=CC=CN2C1=O,"0,77"
6 731,CCOC(=O)C1C=NC2CCCCN2C1=O,"0,57"
6 732,NNC(=O)C1C=CC=C(I)C=1,"1,53"
6 733,NNC(=O)C1C=CC(I)=CC=1,"1,55"
6 734,NNC(=O)C1C=CC=C(Br)C=1,"1,26"
6 735,CCOC(=O)C1C=CN=NC=1,"0,23"
6 736,CC1CCCC(C)C1O,"2,10"
6 737,CCCNCC(C)C,"2,07"
6 738,CCC(C)NCCC,"1,91"
6 739,CCCOC1C(=CC(CCN)=CC=1OC)OC,"1,70"
6 740,CCOC1C(=CC(CCN)=CC=1OC)OC,"1,11"
6 741,COC1C=NC2=CC=CC=C2N=1,"2,31"
6 742,ClC1C=C2OC3=C(OC2=CC=1Cl)C(Cl)=C(Cl)C(Cl)=C3Cl,"7,80"
6 743,ClC1=CC=CC2OC3=CC=CC=C3OC=21,"4,90"
6 744,ClC1=CC2OC3=CC=CC=C3OC=2C=C1,"5,22"
6 745,ClC1C=C(Cl)C2OC3=CC=CC=C3OC=2C=1Cl,"6,91"
6 746,ClC1C=C2OC3=C(OC2=CC=1)C(Cl)=C(Cl)C(Cl)=C3Cl,"7,60"
6 747,CC(=O)NC1C=CC(O)=CC=1C,"0,17"
6 748,ClC1C=CC=CC=1N1CCNCC1,"2,13"
6 749,CC1=CC=CC=C1N1CCNCC1,"2,14"
6 750,CC1(C)C(C(=O)OC(C#N)C2C=C(C=CC=2)OC2C=CC=CC=2)C1(C)C,"5,70"
6 751,O=CC1=CC(=CC=C1)OC1C=CC=CC=1,"3,38"
6 752,CC(=O)C1=CC2=CC=CC(OCC(O)CNC(C)C)=C2O1,"2,02"
6 753,COC(=O)C1C(C(C(=O)OCC)=C(C)N=C1C)C1C=C(C=CC=1)[N+]([O-])=O,"2,88"
6 754,C/C(/O)=N/CC1C=CC(=CC=1)OCC(O)CNC(C)C,"0,32"
6 755,ClC1=CC(C2C=C(Cl)C=C(Cl)C=2)=C(Cl)C(Cl)=C1Cl,"7,43"
6 756,CCCOC(=O)C(N)CC1C=CC(O)=C(O)C=1,"0,76"
6 757,NC(=O)CC1C=CN=CC=1,"-0,65"
6 758,S=C1CCCO1,"0,60"
6 759,CC(=O)OC1(CCC2C3CCC4=CC(=O)CCC4(C)C3C(=O)CC12C)C(=O)CO,"2,45"
6 760,CC(C)(C)C1=NN(C(=O)O1)C1C=C(OCC#C)C(Cl)=CC=1Cl,"3,95"
6 761,CCCCCOC1OC(CO)C(O)C(O)C1O,"-0,42"
6 762,CCCCCCOC1OC(CO)C(O)C(O)C1O,"0,16"
6 763,[O-][N+](=O)C1=CC2C=NOC=2C=C1,"1,46"
6 764,CC(=O)OCC1C=C(CC2C=CC=CC=2)OC=1,"3,24"
6 765,CC1C=CC2=C(C=1)N=C(N)N2C,"1,47"
6 766,CNC(=O)C1=CC=CS1,"0,84"
6 767,CCCCCCOC1C=CC(N)=CC=1,"3,64"
6 768,CCOP(=O)(OCC)SCN1N=NC2=CC=CC=C2C1=O,"1,63"
6 769,CN1C(=CN=C1[N+]([O-])=O)C=O,"-0,10"
6 770,CN(C)C(=O)NC1C=C(N)C=CC=1,"-0,10"
6 771,CN(CC1C=CC=CC=1)N=NC1N=CN=C1C(N)=O,"1,54"
6 772,NC(=O)C1C=CC(=CC=1)C(O)C(CO)/N=C(/O)\\C(Cl)Cl,"-0,48"
6 773,O/C(=N/C(CO)C(O)C1=CC=C(C=C1)NC(=O)C1CC1)/C(Cl)Cl,"0,75"
6 774,N=C(O)NC1C=CC(=CC=1)C(O)C(CO)/N=C(/O)\\C(Cl)Cl,"-0,60"
6 775,CC(C)(C)N=C(O)C=CC1=CC=C(O1)[N+]([O-])=O,"2,33"
6 776,CC(CC)N(C)N=NC1N=CN=C1C(N)=O,"1,08"
6 777,[O-][N+](=O)C1=CN=C(S1)N1CCNC1=S,"1,70"
6 778,OC(=O)C1CCC2=CC(Cl)=CC=C2O1,"2,40"
6 779,[O-][N+](=O)C1C=CC(=CC=1)C(O)C(CO)/N=C(/O)\\CBr,"0,66"
6 780,[O-][N+](=O)C1C=CC(=CC=1)C(O)C(CO)/N=C(/O)\\CI,"1,03"
6 781,FC(F)(F)C1=CC=CC=C1NC1NCCN=1,"1,42"
6 782,BrC1C=C(C=CC=1)OC1=CC=C(Br)C(Br)=C1Br,"6,05"
6 783,CCCCCCCC1C=CN=CC=1,"5,00"
6 784,COC1C=CC(C=N(=O)C(C)(C)C)=CC=1,"1,21"
6 785,CC1C=CC(=CC=1)C=N(=O)C(C)(C)C,"1,74"
6 786,ClC1=C(C2C=C(Cl)C(Cl)=C(Cl)C=2Cl)C(Cl)=C(Cl)C(Cl)=C1Cl,"8,92"
6 787,OC(=O)CCCCCCC1C=CC=CC=1,"3,63"
6 788,CC12CCC(CC1CCC1C2CC(O)C2(C)C(CCC21O)C1COC(=O)C=1)OC1CC(OC(C)=O)C(OC2CC(O)C(OC3CC(OC(C)=O)C(O)C(C)O3)C(C)O2)C(C)O1,"2,45"
6 789,COC1C=CC(Cl)=CC=1/C(/O)=N/CCN(CC)CC,"3,11"
6 790,CC1=CC=C(C=C1)N=NC(C#N)C#N,"3,20"
6 791,CN(C)C1C=NC=C(C#N)N=1,"1,12"
6 792,COC(=O)C1=CN=CC(=N1)N(C)C,"0,90"
6 793,CN(C)C1=CN=CC(=N1)C(=N)O,"0,38"
6 794,OC(=O)C1=CC2=C(C=C1)OC1=CC=CC=C1C2=O,"3,12"
6 795,CSC1C=CC2=CC=CC=C2N=1,"3,04"
6 796,CC(O)C1=CC2=CC=CC=C2C=C1,"2,68"
6 797,COC1C=C(C=CC=1)NC(=O)CN1CCCCC1,"2,71"
6 798,ClC1C=C2OC3C=C(Cl)C(Cl)=C(Cl)C=3OC2=CC=1Cl,"6,64"
6 799,CN1C(=CN=C1[N+]([O-])=O)C(=O)OC,"0,51"
6 800,CCCCCCCCOC1OC(CO)C(O)C(O)C1O,"1,46"
6 801,CC1C(=C(NC(CC)CC)C(=CC=1C)[N+]([O-])=O)[N+]([O-])=O,"5,20"
6 802,CC/N=C1\\N/C(/NC(Cl)=N\\1)=N/CC1CC1,"2,85"
6 803,CC12CCC3C(C4CC4C4=CC(=O)CCC43C)C1CCC12CCC(=O)O1,"3,08"
6 804,O=C(OC1C=CC(Cl)=CC=1Cl)N1CCCC1,"3,94"
6 805,ClC1C=C2OC3=C(OC2=CC=1Cl)C(Cl)=CC=C3Cl,"6,39"
6 806,CC(C=CCC(C)CCCC(C)(C)OC)=CC(=O)OC(C)C,"5,50"
6 807,CC1=CC(=CN1)C(=O)OC,"1,96"
6 808,CC1C=CC=C(C=1C(=N)O)[N+]([O-])=O,"0,10"
6 809,C[N+]([O-])=CC1=CN=C(N1C)[N+]([O-])=O,"0,04"
6 810,CC(=O)C1=CC=CC=C1NCCO,"1,59"
6 811,CN(C)P(=O)(N1CCCC1)N(C)C,"0,82"
6 812,N#CC1C=NC=NC=1,"-0,50"
6 813,COCN1C(=O)CN=C(C2C=C(N)C=CC1=2)C1C=CC=CC=1,"1,32"
6 814,COCN1C(=O)CN=C(C2=CC=CC=C2F)C2C=C(N)C=CC1=2,"1,31"
6 815,CC(OC1C=CC(=CC=1)OC1=CC=C(Cl)C=C1Cl)C(O)=O,"4,58"
6 816,CC1=CC(=O)C(=O)C(CCC)O1,"1,40"
6 817,COC1C(=O)C2=C(C(=O)C=1C)N1CCC(OC(C)=O)C1=C2COC(=N)O,"1,54"
6 818,CC1=CC(Br)=CC(C(N)=O)=C1O,"2,76"
6 819,CC1=CC(Br)=CC(=C1O)C(=O)NC,"3,51"
6 820,CC1=CC(Br)=CC(=C1O)C(=O)NCC,"3,61"
6 821,CC1=CC(Br)=CC(=C1O)C(=O)NCCCC,"4,21"
6 822,OCC1OC(C(O)C1O)N1C=CN(=O)=NC1=O,"-2,43"
6 823,NC(=O)C1C=NC=NC=1,"-0,92"
6 824,CCOC(=O)C1C=NC=NC=1,"0,52"
6 825,CN(C)CCCNC(=O)C1C=CC=CC=1,"1,27"
6 826,NCCCC1=CN=CC=C1,"0,44"
6 827,CCN1C2N=CNC=2C(=O)NC1=O,"-0,11"
6 828,CCCN1C(=O)NC(=O)C2NC=NC1=2,"0,33"
6 829,CCCCN1C2N=CNC=2C(=O)NC1=O,"0,84"
6 830,CCC12CC3(N)CC(C1)CC(C2)C3,"3,40"
6 831,OCC1OC(CC1F)N1C=CC(=O)NC1=O,"-0,49"
6 832,CC1=CN=C(C=N1)C(=O)OC,"0,17"
6 833,CC1=CN=C(C=N1)C(=O)OCC,"0,61"
6 834,CC1=CN=CC(=N1)C(=O)OC,"0,10"
6 835,CC1=CN=CC(=N1)C(=O)OCC,"0,51"
6 836,COC1OC(C/N=C(\\O)/N(C)N=O)C(O)C(O)C1O,"-1,57"
6 837,O=C1CCC(=O)N1C1C=CC(Br)=CC=1,"1,18"
6 838,CCCSP(=O)(OC1C=CC(Br)=CC=1Cl)OCC,"4,68"
6 839,O=C1C(Cl)=C(Cl)C(=O)N1C1C=CC(F)=CC=1,"2,30"
6 840,C1CCCCN1C1=NC=NC2=CC=CC=C21,"2,92"
6 841,CC1=NN=C(C(=O)N1N)C1C=CC=CC=1,"0,83"
6 842,N/C(/NC#N)=N\\C1C=CC=CC=1,"1,05"
6 843,ClC1=C(C2=CC(Cl)=CC=C2)C(Cl)=C(Cl)C(Cl)=C1Cl,"7,30"
6 844,ClC1C=CC(=CC=1)C1C(Cl)=C(Cl)C(Cl)=C(Cl)C=1Cl,"7,31"
6 845,CC12CC(=O)C(=O)C(C)C1CC1OC(=O)C(OC(=O)C=C(C)C(C)C)C3C4(OCC13C2C(O)C4O)C(=O)OC,"1,66"
6 846,ClC1C=CC(Cl)=CC=1C1C=CC=C(Cl)C=1Cl,"5,90"
6 847,ClC1C=C(Cl)C=CC=1C1C=C(Cl)C=CC=1Cl,"6,26"
6 848,ClC1=CC(=CC(Cl)=C1)C1=CC=CC(Cl)=C1Cl,"6,17"
6 849,ClC1C=C(Cl)C(Cl)=CC=1C1C=CC=C(Cl)C=1Cl,"6,67"
6 850,CC1=NC(NCC)=NC(OS(=O)(=O)N(C)C)=C1CCCC,"2,70"
6 851,COCCOC1C=CC=CC=1,"1,73"
6 852,NC1C=NC=C(N)N=1,"-0,45"
6 853,CC(N)CC1=CC(OC)=C(C=C1OC)C(C)(C)C,"3,91"
6 854,CCOC(=O)COC1C=CC=C2C=CC=CC2=1,"2,90"
6 855,CC(=O)C1C=CC(=CC=1)/N=C/O,"0,94"
6 856,CC1C=CC=C(C)C=1NC(=O)C(C)N,"0,76"
6 857,CC1C=CC=C2SC3=NN=CN3C2=1,"1,70"
6 858,OC1C=CC(CNC(=O)C2C=CC=CC=2)=CC=1,"1,87"
6 859,NC1=NC=NC2=C1N=C(SC1=CC=C(Cl)C=C1)N2C1OC2COP(O)(=O)OC2C1O,"-0,98"
6 860,OC(=O)C=COC1C=CC=CC=1,"2,27"
6 861,CC1=NC=C(N1CCNC(=S)OC)[N+]([O-])=O,"1,15"
6 862,C1C=CC2C=CC3=C4C=2C1=CC=C4C1=CC=CC=C31,"5,78"
6 863,CCOC1C=CC=C(Cl)N=1,"2,55"
6 864,O=C(CN1CCCC1)NCC1C=CC=CC=1,"1,69"
6 865,CC(C)(C)NCC(O)COC1=CC=CC2CC(O)C(O)CC=21,"0,81"
6 866,C1CN(CCN1)C1=NC=CS1,"0,61"
6 867,CS(=O)(=O)C1C=CC(=CC=1)OCC(O)=O,"0,06"
6 868,C#CCN1C=NC=C1[N+]([O-])=O,"0,52"
6 869,CCOC(=O)OC1=CC=CC2C=CC=NC=21,"1,73"
6 870,CC(CN1CCCCC1)C(C)=O,"1,28"
6 871,CN1CC(CC1=O)C(O)=O,"-1,50"
6 872,CC(=O)NC1=CC=CC2N=CC=CC=21,"0,71"
6 873,CC(=O)C1C=CC(=CC=1N)OC,"1,76"
6 874,CC1=NC=C(CNC(=O)N(CCCl)N=O)C(N)=N1,"0,39"
6 875,CC(C)N1N=C(N=C1Cl)OP(=S)(OCC)OCC,"3,82"
6 876,CC(CC1C=CC2OCOC=2C=1)NC,"2,15"
6 877,CN(O)N=NC1C=CC(=CC=1)C(N)=O,"-0,22"
6 878,OC(=O)C1CCC(CC1)NC(=O)N(CCCl)N=O,"1,68"
6 879,COC(=O)C1C=C(C=CC=1[N+]([O-])=O)OC1=CC=C(Cl)C=C1Cl,"4,48"
6 880,[O-][N+](=O)C1C=CC(=CC=1)C(O)C(CO)/N=C(/O)\\C(F)(F)F,"1,07"
6 881,CN(/C(/O)=N/C(C)(C)C1C=CC=CC=1)C1C=CC=CC=1,"3,01"
6 882,CC1=NN=C(SCC2C=CC=CC=2)S1,"2,35"
6 883,CC1CCC2=CC(F)=CC3=C2N1C=C(C(O)=O)C3=O,"1,60"
6 884,N#CC1C=CN=CN=1,"-0,08"
6 885,CCOC(=O)C1N=CC=CN=1,"-0,31"
6 886,CC(=O)C1=CC(=CC=C1)NC(=O)N(C)C,"0,95"
6 887,[O-][N+](=O)C1C=CC(=CC=1)OC1C=CC(=CC=1Cl)C(F)(F)F,"4,54"
6 888,CCOC1=CC(=CC=C1[N+]([O-])=O)OC1=CC=C(C=C1Cl)C(F)(F)F,"4,73"
6 889,CC(=O)CCC1C=C2C=CC(=CC2=CC=1)OC,"3,08"
6 890,CCOC(=O)C=COC1C=CC=CC=1,"3,18"
6 891,CS(=O)(=O)C1C=C(C=CC=1)OC,"0,76"
6 892,CC(C)(C)C(=O)C(OC1C=CC(Cl)=CC=1)N1C=NC=N1,"2,77"
6 893,CCOC(=O)C(CCC(=O)OCC)NC(=O)C1C=CC(=CC=1)N(C)CC1=CN=C2N=C(N)N=C(N)C2=N1,"0,98"
6 894,NCCC1=CN2C=CC=CC2=N1,"0,59"
6 895,CC(=O)NC1C=NC=NC=1,"-0,22"
6 896,CC(C)(C)C1CCN(CC1)N=O,"2,54"
6 897,CC(C)C(N)CC1C=CC=CC=1,"2,59"
6 898,ClC1=CC=C(CN2C=NC=N2)C=C1,"1,84"
6 899,[I-].CN(C)C(SC1C=CC=CC=1)N(C)C,"-0,68"
6 900,C=CC(=O)NCCCN1CCOCC1,"-0,53"
6 901,[I-].CC1C=CC=CC=1SC(N(C)C)N(C)C,"-0,10"
6 902,[I-].CN(C)C(SC1C=CC(Br)=CC=1)N(C)C,"0,06"
6 903,[I-].CC1C=CC(=CC=1)SC(N(C)C)N(C)C,"-0,10"
6 904,[I-].CN(C)C(SC1C=CC(Cl)=CC=1)N(C)C,"-0,20"
6 905,[I-].CN(C)C(SC1C=CC(F)=CC=1)N(C)C,"-0,58"
6 906,[I-].CN(C)C(SC1C=CC(=CC=1)C#N)N(C)C,"-1,13"
6 907,[I-].COC1C=CC(=CC=1)SC(N(C)C)N(C)C,"-0,51"
6 908,CC1(C)NC(=N)NC(=N)N1C1C=CC(I)=CC=1,"1,39"
6 909,NC(=N)N/C(/O)=N/C1C=C(Cl)C(=CC=1)[N+]([O-])=O,"1,79"
6 910,[I-].CC(=O)C1=CC=C(C=C1)SC(N(C)C)N(C)C,"-0,85"
6 911,[I-].COC(=O)C1C=CC(=CC=1)SC(N(C)C)N(C)C,"-0,74"
6 912,CC1(C)NC(=N)NC(=N)N1C1=CC=C(C=C1)C(F)(F)F,"1,22"
6 913,CC(C)(C)NCC(O)COC1=CC=CC=C1OCC#C,"2,32"
6 914,CC(C)(C)NCC(O)COC1=CC=CC2C(=O)CCCC=21,"2,40"
6 915,O=C(OC1C=CC(=CC=1)N=C=S)C1C=CC=CC=1,"4,90"
6 916,CN(C)CCCC1=CC=CO1,"2,08"
6 917,CC1C(=NO[N+]=1[O-])[N+]([O-])=O,"0,78"
6 918,[O-][N+](=O)C1=CC=C(C=CC2=NC=CS2)O1,"1,97"
6 919,O=C1CN=C(C2=CC=CC=C2F)C2C=C(Cl)C=CC=2N1CC(F)(F)F,"3,36"
6 920,CC(Cl)/C(/O)=N\\C(CO)C(O)C1C=CC(=CC=1)[N+]([O-])=O,"0,98"
6 921,[O-][N+](=O)C1C=CC(=CC=1)C(O)C(CO)/N=C(/O)\\C(F)F,"0,42"
6 922,[O-][N+](=O)C1C=CC(=CC=1)C(O)C(CO)/N=C(/O)\\CF,"0,15"
6 923,[O-][N+](=O)C1C=CC(=CC=1)C(O)C(CO)/N=C(/O)\\C(Br)(Br)Br,"2,17"
6 924,[O-][N+](=O)C1C=CC(=CC=1)C(O)C(CO)/N=C(/O)\\CC1C=CC=CC=1,"1,52"
6 925,N#CC(C1C=CC=CC=1)/C(/O)=N\\C(CO)C(O)C1C=CC(=CC=1)[N+]([O-])=O,"1,47"
6 926,CCC(CC)/C(/O)=N\\C(CO)C(O)C1=CC=C(C=C1)[N+]([O-])=O,"1,71"
6 927,CC(C)(C)/C(/O)=N\\C(CO)C(O)C1C=CC(=CC=1)[N+]([O-])=O,"1,33"
6 928,O/C(=N/C(CO)C(O)C1=CC=C(I)C=C1)/C(Cl)Cl,"2,22"
6 929,O/C(=N/C(CO)C(O)C1=CC=C(C=C1)C1=CC=CC=N1)/C(F)(F)F,"1,31"
6 930,CC1=NO[N+]([O-])=C1SC1C=CC=CC=1,"2,69"
6 931,CC1C(=NON=1=O)S(=O)(=O)CC,"0,65"
6 932,CC1=NON=C1S(=O)(=O)CC,"0,92"
6 933,CC1C(=NO[N+]=1[O-])S(=O)(=O)C1C=CC=CC=1,"2,14"
6 934,CC1=NON=C1S(=O)(=O)C1C=CC=CC=1,"2,36"
6 935,CC1C(=CC(CC2=CN=C(N)N=C2N)=CC=1OC)OC,"2,14"
6 936,CCC/N=C(\\N)/N=C(\\N)/NC1C=CC(Cl)=CC=1,"2,63"
6 937,O=C1SSC2CCCCC=21,"2,40"
6 938,CC1=NON=C1SC1C=CC=CC=1,"2,92"
6 939,CCN(N=O)C(=O)N(CC)CC,"1,54"
6 940,CN(C)C(=O)N(CC)N=O,"0,71"
6 941,CN(N=O)C(=O)N(CC)CC,"1,11"
6 942,CC1C=CC=C(C)C=1/N=C(\\O)/C/N=C(\\O)/CN(CC)CC,"2,20"
6 943,NC(=O)C1=CC2=CC=CC=C2O1,"1,54"
6 944,COC1C(Cl)=C(Cl)C=CC=1Cl,"3,64"
6 945,CC12CCC(=O)C=C1CCC1C3CCC4(CCC(=O)O4)C3(C)CC3OC213,"1,89"
6 946,COC(=O)CS(=O)(=O)C1C=CC(Br)=CC=1,"1,52"
6 947,CC1C(=O)C(C)C(=O)OC=1C,"0,36"
6 948,OC(=O)CCC1C=CC(=CC=1)OCC1C=CC=CC=1,"3,31"
6 949,CC1(C=C)OC(=O)N(C2C=C(Cl)C=C(Cl)C=2)C1=O,"3,10"
6 950,CC(C)OC(=O)C(=C1SCCS1)C(=O)OC(C)C,"2,88"
6 951,COC1C=CC(=CC=1NC1NCCN=1)OC,"0,97"
6 952,O=NN1CCCCC1=O,"-1,05"
6 953,CC1C=CC=C(C)C=1N(CCOC)C(=O)CCl,"2,17"
6 954,CC1(C)NC(=N)NC(=N)N1C1C=CC(=CC=1)OCC(=O)N1CCOCC1,"-1,18"
6 955,O=S(=O)(CF)NC1C=CC(Cl)=CC=1,"2,25"
6 956,O=S(=O)(NC1C=CC(=CC=1)C1C=CC=CC=1)C(F)(F)F,"4,97"
6 957,CC1C=C(C=C(C)C=1[N+]([O-])=O)OP(=S)(OC)OC,"3,89"
6 958,CC1C=C(C=C(C)C=1[N+]([O-])=O)OP(=O)(OC)OC,"2,57"
6 959,[O-][N+](=O)C1C=CC(=CC=1C(O)=O)OC1=CC=C(C=C1Cl)C(F)(F)F,"3,70"
6 960,COC(=O)C1C=C(C=CC=1[N+]([O-])=O)OC1=CC=C(C=C1Cl)C(F)(F)F,"4,26"
6 961,CCCCCCCSC1OC(CO)C(O)C(O)C1O,"1,50"
6 962,OCC1OC(SCCCC2C=CC=CC=2)C(O)C(O)C1O,"0,38"
6 963,CCN(CC)/C(/O)=N/S(=O)(=O)C1C=CC=CC=1,"0,99"
6 964,CC1CC2C3CC(F)C4=CC(=O)C(Cl)=CC4(C)C3(F)C(O)CC2(C)C1(O)C(=O)CO,"2,58"
6 965,COC(=O)CSC1C=CC=CC=1[N+]([O-])=O,"1,88"
6 966,CN1CC(=O)C(=O)C=C1,"-0,70"
6 967,NS(=O)(=O)C1C=CC=C(I)C=1,"1,58"
6 968,CCSCCSP(=O)(CC)OCC,"2,03"
6 969,CCCOC(=O)C(=C1SCCS1)C(=O)OCCC,"3,35"
6 970,CCCCOC(=O)C(=C1SCCS1)C(=O)OCCCC,"4,60"
6 971,CC(C)(C)OC(=O)C(=C1SCCS1)C(=O)OCC(C)C,"4,53"
6 972,CC(C)(C)OC(=O)C(=C1SCCS1)C(=O)OC(C)(C)C,"2,80"
6 973,CCOC(=O)C(C(=O)OC(C)C)=C1SCCS1,"2,90"
6 974,CCOP(C)(=O)SCCN(C(C)C)C(C)C,"2,09"
6 975,CC(=O)OC1=CC=CC=C1C(=O)OCC(=N)O,"0,22"
6 976,CC(=O)OC1=CC=CC=C1C(=O)OCC(=O)OCC,"1,67"
6 977,C/N=C(\\O)/C1=CC(=CC=C1)OC1C=CC=CC=1,"2,86"
6 978,[O-][N+](=O)C1=CC=C(C=CC2=NNC=N2)O1,"1,10"
6 979,CC1=NC=C(N1CC/N=C(/C)\\O)[N+]([O-])=O,"-0,47"
6 980,CC1C(=CC=CC=1NC(C)=O)OC,"1,13"
6 981,CC1=CC(=CC=C1)NC(=O)CC1C=CC=CC=1,"3,14"
6 982,COC1C=C(C=CC=1)NC(=O)CC1C=CC=CC=1,"2,86"
6 983,COC1C=CC(=CC=1)NC(=O)CC1C=CC=CC=1,"2,49"
6 984,CC(C)C1=NN=C(N(N)C1=O)N1CCOCC1,"0,49"
6 985,CCSC1=NN=C(C(C)C)C(=O)N1N,"1,52"
6 986,CCCSC1=NN=C(C(C)C)C(=O)N1N,"2,12"
6 987,CC(C)SC1=NN=C(C(C)C)C(=O)N1N,"2,06"
6 988,CCCCSC1=NN=C(C(C)C)C(=O)N1N,"3,21"
6 989,CC1OC(CC(OC)C1OC(C)=O)OC1CC2CCC3C(CCC4(C)C(C(CC43O)OC(C)=O)C3COC(=O)C=3)C2(C)CC1,"2,95"
6 990,COC1=CC=C(C=C1C(=O)NCCN(CC)CC)S(C)(=O)=O,"0,90"
6 991,CCC1=NC=C(N1CCNC(=S)OC)[N+]([O-])=O,"1,46"
6 992,OC(=O)C1CC(=O)C2=CC=CC=C2O1,"1,26"
6 993,CCCNC(=O)C1=CN=CC=C1,"0,66"
6 994,CC(=O)OC1C=CC(=CC=1)C(N)=O,"0,27"
6 995,CC12CCC3C(C(CC4=CC(=O)CCC43C)C#N)C1CCC12CCC(=O)O1,"1,67"
6 996,CCOC(=O)CN(C1=CC=CC=C1Cl)C(=O)CCl,"2,30"
6 997,CCOC(=O)CN(C1C=CC=CC=1)C(=O)CCl,"1,60"
6 998,CC1(C)C2CC1CCC2CO,"3,41"
6 999,CC(C)(C)C1(O)CC2C3=CC=CC4CCC5=CC=CC=C5C(CN2CC1)C=43,"5,20"
7 000,CCN(CC)C(=O)OCC1C=CC=CC=1,"2,93"
7 001,ClC1=CC2OC3=CC(Cl)=C(Cl)C=C3C=2C=C1Cl,"6,53"
7 002,CC1=CC=CC(CC)=C1N(C(C)COC)C(=O)CCl,"3,13"
7 003,CCCOCCN(C(=O)CCl)C1C(CC)=CC=CC=1CC,"4,08"
7 004,CC(=O)C=CC1C=CC(=CC=1)C#N,"1,64"
7 005,OCCN1C(=O)C(O)N=C(C2C=C(Cl)C=CC1=2)C1C=CC=CC=1,"1,53"
7 006,CC(C(O)=O)C1C=C2N=C(OC2=CC=1)C1C=CC(Cl)=CC=1,"3,23"
7 007,CN(C)C1=NC(=O)N(C2CCCCC2)C(=O)N1C,"1,85"
7 008,COC1=CC=CC=C1C(=O)C1C=CN=CC=1,"1,86"
7 009,NS(=O)(=O)C1C=CC(=CC=1)C(=O)C1C=CN=CC=1,"0,56"
7 010,OC1C=CC(=CC=1)C(=O)C1C=CN=CC=1,"1,37"
7 011,NC1C=CN(C2CC(F)C(CO)O2)C(=O)N=1,"-0,89"
7 012,CC1NC=NC=1CCCCNC(=S)NC,"0,85"
7 013,COC1C=C(C=CC=1OCCOC(=O)CC)C=O,"1,33"
7 014,CCC1=CC2C(=NCC(=O)NC=2C=C1)C1=CC=CC=C1F,"2,92"
7 015,CCCCSC(=NC1C=CC=NC=1)SCC1C=CC(=CC=1)C(C)(C)C,"7,00"
7 016,OC(=O)COC1C=CC(=CC=1)OC1C=CC(Cl)=CC=1Cl,"4,51"
7 017,COC(=O)C(C)OC1C=CC(=CC=1)OC1=CC=C(Cl)C=C1Cl,"4,71"
7 018,COC1=CC=C(C=C1)OCCN(C)C,"1,23"
7 019,CC1C=CC(=CC=1)OCCN(C)C,"2,17"
7 020,COC1C=C(C=CC=1)NC(=O)OC,"1,92"
7 021,CC1C=CC(Br)=CC=1F,"3,64"
7 022,CC1=NOC(=O)C1N=NC1=CC=CC=C1Cl,"2,60"
7 023,NC(=O)C1C=CSC=1,"0,50"
7 024,C1CO[Si]2(OC3C=CC=CC=3)OCCN1CCO2,"-0,30"
7 025,CC1=CC=C(C=C1)O[Si]12OCCN(CCO1)CCO2,"0,08"
7 026,ClC1=CC=C(C=C1)O[Si]12OCCN(CCO1)CCO2,"0,60"
7 027,CC1NC=NC=1CSCCN/C(/NC)=N/C#N,"0,40"
7 028,O=S1C=CC2=CC=CC=C12,"1,01"
7 029,CC1(C)CC(CC(C)(C)N1O)OP(=S)(N1CC1)N1CC1,"1,77"
7 030,CC1=C(CC(O)=O)SC2C=CC(Cl)=CC=21,"3,92"
7 031,CN(C1=CC=CC=N1)S(=O)(=O)C1C=CC(N)=CC=1,"1,30"
7 032,CN(C)C(=O)OC1C=CC=NC=1[N+]([O-])=O,"0,54"
7 033,CN(C)C(=O)OC1C=CC=NC=1Cl,"1,04"
7 034,CN(C)C(=O)OC1C=CC=NC=1Br,"1,14"
7 035,CN(C)C(=O)OC1C=CC=NC=1I,"1,26"
7 036,CC1=CC2C(=O)OC3CC4(CCC(C)C(C)O4)OC(CC=C(C)CC(C)C=CC=C4COC(C1O)C42O)C3,"5,30"
7 037,CCC1OC2(CCC1C)CC1CC(CC=C(C)CC(C)C=CC=C3COC4C(O)C(C)=CC(C(=O)O1)C34O)O2,"5,90"
7 038,CC(C)C(C1=CC=C(Cl)C=C1)C(=O)OC(C#N)C1C=C(C=CC=1)OC1C=CC=CC=1,"6,20"
7 039,CCN(CC)C1C=CC(=CC=1)S(=O)(=O)C1C=CC(N)=CC=1,"3,00"
7 040,CC(=O)NC1C=CC(Br)=CC=1CC,"2,27"
7 041,O=C(NC1=CN=NS1)NC1C=CC=CC=1,"1,77"
7 042,CC12CCC(CC1CCC1C2CC(O)C2(C)C(CCC21O)C1COC(=O)C=1)OC1CC(OC)C(OC2CC(O)C(OC3CC(O)C(OC)C(C)O3)C(C)O2)C(C)O1,"2,14"
7 043,CC(=O)OC1CC2C(CCC3CC(CCC32C)OC2CC(O)C(OC3CC(O)C(OC4CC(O)C(OC)C(C)O4)C(C)O3)C(C)O2)C2(O)CCC(C3COC(=O)C=3)C21C,"2,87"
7 044,O=C1CN=C(C2=CC=CC=C2Cl)C2C=C(Br)C=CC=2N1,"3,30"
7 045,CN(C)P(=O)(N(CC)CC)N(C)C,"0,66"
7 046,ClC1(Cl)CC2C(Cl)C(Cl)C1(CCl)C2(CCl)CCl,"5,23"
7 047,CS(=O)(=O)NC1=CC=C(C=C1OC1C=CC=CC=1)[N+]([O-])=O,"2,60"
7 048,ClC1C=C(Cl)C=CC=1OC1C=CC=CC=1,"4,93"
7 049,ClC1C=C(Cl)C(Cl)=CC=1C1C=C(Cl)C=C(Cl)C=1Cl,"7,12"
7 050,OC(=O)C1CCC2=CC=CC=C2O1,"1,90"
7 051,CCN1C=C(C(O)=O)C(=O)C2C=NC(=NC1=2)N1CCNCC1,"-2,15"
7 052,CC(C)N=NC(O)COC1C=CC=CC=1Cl,"1,82"
7 053,CC(C)N=NC(O)COC1=CC(Cl)=CC=C1,"1,91"
7 054,OC(=O)CCCC(=O)C1C=CC(=CC=1)C1C=CC=CC=1,"3,35"
7 055,CCC1=CSC=C1,"2,82"
7 056,COC1OCC(O)C(/N=C(\\O)/N(C)N=O)C1O,"-1,08"
7 057,COC1OC(CO)C(O)C(NC(=O)N(C)N=O)C1O,"-0,82"
7 058,OC1CCC(CC1)/N=C(\\O)/N(CCCl)N=O,"1,11"
7 059,COP(=O)(NC(C)(C)C)SC,"0,96"
7 060,CCNP(=O)(OC)SC,"0,07"
7 061,CCCCNP(=O)(OC)SC,"0,94"
7 062,CCC(C)NP(=O)(OC)SC,"0,95"
7 063,COP(=O)(NCC(C)C)SC,"0,97"
7 064,CCCCCCNP(=O)(OC)SC,"1,11"
7 065,COC1=C(OC)C(O)=C(OC)C(OC)=C1O,"0,39"
7 066,CCN=NC(O)COC1C=CC=CC=1,"1,00"
7 067,OC(COC1C=CC=CC=1)N=NCC1C=CC=CC=1,"2,16"
7 068,CC(N=NC(O)COC1C=CC=CC=1)C1C=CC=CC=1,"2,46"
7 069,C/N=C(\\O)/NS(=O)(=O)C1C=CC=CC=1,"0,44"
7 070,CC(C)(C)/N=C(\\O)/NS(=O)(=O)C1C=CC=CC=1,"1,95"
7 071,CNC(=O)NS(=O)(=O)C1=CC=C(Cl)C=C1,"1,16"
7 072,CC(C)COC(=O)N(C)C,"2,00"
7 073,CC(=O)NC1C=CC(Br)=C(CC)C=1,"3,33"
7 074,CC1C(CNC2C=C(OC)C(OC)=C(C=2)OC)=CC=C2N=C(N)N=C(N)C=12,"2,55"
7 075,CC(=O)NC1C=C(C=CC=1)C(=O)OC,"1,46"
7 076,N=C(S)N=NC(O)C1C=C2OCOC2=CC=1,"0,21"
7 077,CCCOC1=CC=CC(=C1)/N=C(\\O)/OCCN1CCCCC1,"4,48"
7 078,CCCCCOC1=CC=CC(=C1)/N=C(\\O)/OCCN1CCCCC1,"5,50"
7 079,CCCCCC1=CNN=C1,"2,96"
7 080,CCC1=CC2=CC3=CC=CC=C3C=C2C=C1,"5,85"
7 081,CN(CCO)C1N=C(N=C(N=1)N(C)C)N(C)C,"1,96"
7 082,CC1(C)C(C1C=C(Cl)Cl)C(=O)OC(C#N)C1C=C(C=CC=1)OC1C=CC=CC=1,"6,60"
7 083,OC(=O)CCC(/N=C(\\O)/N(CCCl)N=O)C(O)=O,"0,60"
7 084,CC(C)(NC(=O)N(CCCl)N=O)C(O)=O,"1,74"
7 085,OC(=O)C1(CCCC1)NC(=O)N(CCCl)N=O,"2,01"
7 086,ClC1C=C(Cl)C(Cl)=CC=1OC1C=CC=CC=1,"5,51"
7 087,C/C(/O)=N/C(CC1C=CC(O)=CC=1)/C(/O)=N/C(CC1C=CC=CC=1)C(=N)O,"0,54"
7 088,OC(=O)CNC(=O)C1=CC(I)=CC=C1,"1,88"
7 089,CCNCNC(=O)C1C=CC=CC=1,"0,56"
7 090,CC(C)CNC/N=C(\\O)/C1C=CC=CC=1,"1,73"
7 091,S=C1SSC2CCCCCCC=21,"3,75"
7 092,CSC1=CC=CC=C1N=NN(C)C,"3,13"
7 093,CSC1C=C(C=CC=1)N=NN(C)C,"2,98"
7 094,FC1C=CC(=CC=1)C(C1C=CC(F)=CC=1)N1CCN(CC=CC2C=CC=CC=2)CC1,"5,78"
7 095,CCC1=CC(=S)SS1,"2,31"
7 096,OCC1C=NC(O)=NC=1O,"-1,94"
7 097,COC1C(OC)=C(O)C=CC=1O,"0,61"
7 098,CC1(C)C(C1C=C(Cl)Cl)C(=O)OCC1C=CC=C(C=1)OC1C=CC=CC=1,"6,50"
7 099,N=C1N=C(O)C(=CC2=CC=C(O2)[N+]([O-])=O)S1,"1,09"
7 100,CC(=O)NC1=NC(=O)C(=CC2=CC=C(O2)[N+]([O-])=O)S1,"1,03"
7 101,CC(=O)N(C)C1=NC(=O)C(=CC2=CC=C(O2)[N+]([O-])=O)S1,"1,05"
7 102,CSC1=NC(=O)C(=CC2=CC=C(O2)[N+]([O-])=O)S1,"1,41"
7 103,[O-][N+](=O)C1=CC=C(O1)C1=CC(O)=NC(=O)S1,"0,55"
7 104,C/N=C1\\N=C(O)C=C(S\\1)C1=CC=C(O1)[N+]([O-])=O,"0,86"
7 105,C/C(/O)=N/C1=NC(=O)C=C(S1)C1=CC=C(O1)[N+]([O-])=O,"1,01"
7 106,CN(C)C1=NC(=O)C=C(S1)C1=CC=C(O1)[N+]([O-])=O,"0,55"
7 107,CC(=O)N=C1SC(=CC2=CC=C(O2)[N+]([O-])=O)C(=O)N1C,"1,21"
7 108,CC(=O)N=C1SC(=CC2=CC=C(O2)[N+]([O-])=O)C(=O)N1CCC,"1,17"
7 109,CCCN1C(=O)C(=CC2=CC=C(O2)[N+]([O-])=O)SC1=O,"2,40"
7 110,NNC(=O)NC1CCCCC1,"0,15"
7 111,ClC1C=CC=CC=1C1C=CC(Cl)=C(Cl)C=1Cl,"6,11"
7 112,ClC1=C(C2C=CC=C(Cl)C=2Cl)C(Cl)=CC=C1Cl,"6,04"
7 113,ClC1C=C(C2C=C(Cl)C=C(Cl)C=2Cl)C(Cl)=CC=1,"6,79"
7 114,ClC1C=CC(C2C=C(Cl)C=C(Cl)C=2Cl)=C(Cl)C=1Cl,"7,39"
7 115,ClC1C=C(Cl)C(Cl)=CC=1C1C=C(Cl)C(Cl)=C(Cl)C=1,"7,50"
7 116,ClC1=CC(Cl)=C(Cl)C(C2=C(Cl)C(Cl)=C(Cl)C(Cl)=C2Cl)=C1Cl,"8,16"
7 117,ClC1C=C(Cl)C(Cl)=C(C2C=CC=C(Cl)C=2Cl)C=1Cl,"7,25"
7 118,ClC1C=CC(Cl)=CC=1C1C=C(Cl)C(Cl)=C(Cl)C=1Cl,"7,19"
7 119,ClC1=CC(C2C(Cl)=C(Cl)C(Cl)=C(Cl)C=2Cl)=C(Cl)C=C1,"7,46"
7 120,ClC1C=C(Cl)C(Cl)=C(C=1)C1=C(Cl)C(Cl)=CC=C1Cl,"7,15"
7 121,CCCCCCCCCCCCCC1C=CC(O)=CC=1,"8,20"
7 122,CC(C)(O)C(=O)NC1=CC(=C(C=C1)[N+]([O-])=O)C(F)(F)F,"2,70"
7 123,CCCNC/C(/O)=N/C(=O)C=[N+]=[N-],"-0,24"
7 124,N#[N+]C/C(/[O-])=N\\CC(=O)NCCO,"-1,35"
7 125,OCC(O)CN1C(=O)CN=C(C2=CC(Cl)=CC=C12)C1=CC=CC=C1F,"1,51"
7 126,CCCCC1=NN=C(N)O1,"0,65"
7 127,CC1=NN=C(N)O1,"-0,92"
7 128,CN(C)CCC=C1C2=CC=CC=C2CCC2C(Cl)=CC=CC=21,"5,55"
7 129,CCCN(CCC)C(=O)SCC1C=CC=CC=1,"4,65"
7 130,CC1(C)C(C1C=C(Br)Br)C(=O)OC(C#N)C1C=C(C=CC=1)OC1C=CC=CC=1,"6,20"
7 131,CC(=O)OCN1C(=O)C2CCCCC=2C1=O,"1,15"
7 132,CC1C=CC(=CC=1)S(=O)(=O)OC1=CC=CC=C1C(=O)N(C)C,"2,01"
7 133,COC1=CC2C=CN=CC=2C=C1,"2,22"
7 134,CC1C=C(C)N=C(NC2C=CC=CC=2)N=1,"2,84"
7 135,O=C1NC2C=C(Cl)C=CC=2N1C1CCN(CCCC(C2C=CC(F)=CC=2)C2C=CC(F)=CC=2)CC1,"7,10"
7 136,CN1CC(C)(C)C(=O)C2=CC=CC=C12,"2,72"
7 137,CSC1=NCCN1C1=CC=C(O1)[N+]([O-])=O,"1,19"
7 138,CC(C)N=C(O)C=CC1=NC=C(S1)[N+]([O-])=O,"1,76"
7 139,OC(C1CCCCN1)C1=CC(=NC2C(=CC=CC=21)C(F)(F)F)C(F)(F)F,"4,49"
7 140,CCCCCCCC[N+]1=CC(C)=C(C)C=C1,"-0,41"
7 141,C/N=C(\\O)/N(C)/C(/O)=N/C1=CC=CC=C1F,"2,12"
7 142,CCC(N)CC1C=CC=CC=1,"2,28"
7 143,O=C(CN1CCCCC1)NC1C=CC=C(Br)C=1,"3,62"
7 144,CNC(=S)NCCCCCC,"2,31"
7 145,CN1C(=CN=C1C=CC1C=CN=CN=1)[N+]([O-])=O,"0,85"
7 146,CN(C)P(=O)(N1CCCC1)N1CCCC1,"1,88"
7 147,OC1C(O)C2CCCCC2C2=CC=CC=C21,"2,47"
7 148,N=C(O)OC1C(OC(=N)O)C2=CC=CC=C2C2CCCCC21,"2,17"
7 149,CSC1C=CC(=CC=1)C(N)=S,"2,01"
7 150,ClC1C=C2C(C=CC=C2Cl)=C(Cl)C=1Cl,"5,77"
7 151,ClC1C=C(Cl)C2C=C(Cl)C=C(Cl)C=2C=1,"6,19"
7 152,COC1=CC=C(C=C1C(=O)NCC1CCCN1CC)S(=O)(=O)CC,"1,06"
7 153,OC(=O)C=COC1C=CC(Cl)=CC=1Cl,"3,46"
7 154,COC1C=CC(C=CN=CO)=CC=1,"1,94"
7 155,CC(O)CN(C)C,"0,20"
7 156,CNC(CC1C=CC=CC=1)CC1C=CC=CC=1,"3,80"
7 157,O/C(/CC1C=CC=CC=1)=N\\CCNCC(O)COC1C=CC=CC=1,"0,63"
7 158,COC1=CC=CC=C1C(=O)NCCN,"0,00"
7 159,NC1NC2=C(N=CN2C2C=CC(CO)O2)C(=O)N=1,"-1,21"
7 160,CC(=O)NC1=CC(NS(=O)(=O)C(F)(F)F)=C(C)C=C1C,"2,02"
7 161,COCCOC1C(=CC(CC2=CN=C(N)N=C2N)=CC=1OC)OC,"0,56"
7 162,OC1C(Cl)C(Cl)C(Cl)C(Cl)C1Cl,"2,54"
7 163,[O-][N+](=O)C=CC1=COC=C1,"1,41"
7 164,CC(C)C1(C)C(O)=NC(=O)N=C1O,"0,54"
7 165,COC(=O)C1=CC2=CC=CC=C2N=C1,"2,25"
7 166,ON1C2=CC=C(Cl)C=C2C(=O)C2=C1CC(CC2=O)C1C=CC(=CC=1)C(F)(F)F,"3,46"
7 167,COC1C=NC(N)=CN=1,"0,63"
7 168,CCOC1=CN=CC(=N1)C(=N)O,"0,61"
7 169,CCC12CC(=C)C3C4CCC(=O)C=C4CCC3C1CCC2(O)C#C,"3,16"
7 170,CC1CC2C3CCC4=CC(=O)C=CC4(C)C3(F)C(=O)CC2(C)C1(O)C(=O)CCl,"2,61"
7 171,CS(=O)(=O)C1=CC=CC2=CC=CC=C21,"1,74"
7 172,COC1C=CC(Cl)=C(Cl)C=1Cl,"3,89"
7 173,COC1=CC(Cl)=C(Cl)C(Cl)=C1,"4,22"
7 174,CC(=O)OC1C(NC(=O)N(CCCl)N=O)OCC(OC(C)=O)C1OC(C)=O,"1,13"
7 175,O=C(NCC1CCCCN1)C1C=C(C=CC=1OCC(F)(F)F)OCC(F)(F)F,"3,78"
7 176,CCC(=O)C1C=CC(=CC=1)O/C(/O)=N/C,"1,55"
7 177,CN=C(O)ON=C1COCS1,"0,06"
7 178,CN=C(O)ON=C1SCOC1C,"0,46"
7 179,CN=C(O)ON=C1COCCS1,"0,00"
7 180,CN=C(O)ON=C1SCOC1CCC,"1,52"
7 181,CC(C)C1OCSC1=NOC(O)=NC,"1,48"
7 182,COCCC1OCSC1=NOC(O)=NC,"0,51"
7 183,COP(=O)(NC)OC1C=CC(=CC=1)[N+]([O-])=O,"1,27"
7 184,C/N=C(\\O)/OC1C=C(C=O)C=CC=1,"0,92"
7 185,CNC(=O)OC1C=CC(=CC=1)C=O,"0,99"
7 186,CCC1C=CC=C2C=C(OC2=1)C(O)CNC(C)(C)C,"3,50"
7 187,CN1CCN(CC2=NC=C(N2C)[N+]([O-])=O)CC1,"-0,32"
7 188,CC(CC)C(=O)NC1C=CC=CC=1,"2,56"
7 189,OC(=O)CSC1=CNC2=CC=CC=C12,"1,78"
7 190,CC1=CN=C2CCCC(C)N2C1=O,"0,37"
7 191,CCOP(=S)(OC(Cl)C(Cl)(Cl)Cl)OCC,"4,59"
7 192,NC(=O)C1=CN=C2CCCCN2C1=O,"-0,38"
7 193,COCC1=CC(=O)C(=O)CO1,"-0,62"
7 194,CCN(N=O)C(=O)NC1C=CC=CC=1,"2,25"
7 195,CC(N)CC1CCCCC1,"2,96"
7 196,CSC1=CC=CC=C1C(N)=O,"0,71"
7 197,OCC1OC(O)C(NC(=O)N(CCCl)N=O)C(O)C1O,"-1,02"
7 198,N#CN=N(=O)C1C=CC=CC=1,"1,87"
7 199,CC1=CC=C(C=C1)N(=O)=NC#N,"2,39"
7 200,N#CN=N(=O)C1C=CC(Cl)=CC=1,"2,33"
7 201,OC1=C(C=C(Cl)C=C1Cl)C(=O)NC1C=CC(F)=CC=1,"4,76"
7 202,CC1=CC=C(COC(=N)O)C=C1,"1,76"
7 203,CC1N=CNC=1CSCC/N=C1\\C=CN=C(O)N\\1,"-0,40"
7 204,CC1N=CNC=1CSCC/N=C1/C=CCC(O)=N/1,"0,79"
7 205,CC1N=CNC=1CSCCNC1C=C(O)C=CN=1,"0,80"
7 206,CC1N=CNC=1CSCC/N=C1/NS(=O)(=O)CCN/1,"-0,74"
7 207,CC1N=CNC=1CSCCNC1N=C(O)C=CN=1,"0,02"
7 208,COC1C=CC(Cl)=CC=1C(=O)NCCC1C=CC(=CC=1)C(O)=O,"3,40"
7 209,CNCCC(OC1C=CC(=CC=1)C(F)(F)F)C1C=CC=CC=1,"4,05"
7 210,CC1C=C(C=CC=1)OCC(O)N=NC(C)C,"1,77"
7 211,CC1C=CC(=CC=1)OCC(O)N=NC(C)C,"1,81"
7 212,CC(C)N=NC(O)COC1=CC=C(C=C1)OC,"1,21"
7 213,CC(C)N=NC(O)C(C)(C)OC1=CC=C(Cl)C=C1,"2,56"
7 214,CC1C=C(C=CC=1)OC(C)C(O)N=NC(C)C,"1,88"
7 215,CCN=NC(O)COC1C=CC(Cl)=CC=1,"1,73"
7 216,OC(COC1C=CC(Cl)=CC=1)N=NCC1C=CC=CC=1,"2,92"
7 217,CCCSC1C=C2N=C(NC(=O)OC)NC2=CC=1,"3,07"
7 218,CC1CCC(CC1)(C1C=CC=CC=1)N1CCCCC1,"5,66"
7 219,OC(=O)CN1CCCCC1,"-1,05"
7 220,CC(=CC(O)=O)C=CC=C(C)C=CC1=C(C)C(C)=C(C=C1C)OC,"6,40"
7 221,CC(C)OC(=O)C(=C(SC)SC)C(=O)OC(C)C,"3,38"
7 222,CC(O)=NC1C=CC(=CC=1)N=NC(C#N)C#N,"1,83"
7 223,CC(C)(C)C(O)C(OC1=CC=C(C=C1)C1=CC=CC=C1)N1C=NC=N1,"4,16"
7 224,C/C(/O)=N/C1=CC(CC)=C(O)C(CC)=C1,"1,87"
7 225,ClC1=CC(C2C=CC=C(Cl)C=2Cl)=C(Cl)C(Cl)=C1Cl,"7,32"
7 226,CC(C)(C)C(O)C(OC1=CC=C(Cl)C=C1)N1C=NC=N1,"2,90"
7 227,COC1C=CC(F)=CC=1C(=O)NCCN(CC)CC,"2,62"
7 228,FC1C(Br)C(Cl)C(Cl)C(Cl)C1Cl,"3,28"
7 229,ClC1C(Br)C(Cl)C(Cl)C(Cl)C1Br,"3,98"
7 230,CON=C(C1=CC=CO1)C(=O)NC1C2SCC(COC(N)=O)=C(C(O)=O)N2C1=O,"-0,16"
7 231,CC(=C)CN(CC)C1C(=CC(=CC=1[N+]([O-])=O)C(F)(F)F)[N+]([O-])=O,"5,11"
7 232,CC1=C(C)S(=O)(=O)CCS1(=O)=O,"-0,17"
7 233,ClC1C(Br)C(Br)C(Cl)C(Cl)C1Cl,"3,88"
7 234,CC1C=CC=C(C)C=1C(=N)O,"0,90"
7 235,C1NCCN2CC3NC4=CC=CC=C4C=3CC21,"0,36"
7 236,CCC(C)C1=CC=CC=C1OC(=O)N(C)C,"3,31"
7 237,O=C(OC1C=CC=CC=1)N1CCCC1,"2,73"
7 238,CC1CN(CC(C)N1N=O)N=O,"0,08"
7 239,CC1ON=C(C=1/C(/O)=N/C1C2N(C(C(O)=O)C(C)(C)S2=O)C1=O)C1=CC=CC=C1Cl,"2,00"
7 240,CN(C)N=NC1C=CC(=CC=1)S(N)(=O)=O,"1,06"
7 241,CC1SSC(=S)C=1CC,"2,94"
7 242,ClC1C=CC(=CC=1Cl)OC1C=CC=CC=1,"4,99"
7 243,OC1CN(CCC1)N=O,"-0,47"
7 244,CC1CCC(C)N1N=O,"0,86"
7 245,CC1CN(N=O)C(C)CN1N=O,"0,15"
7 246,O=NN1CCC(=O)CC1,"-0,47"
7 247,O=NN1CC=CCC1,"1,18"
7 248,OC1CCN(CC1)N=O,"-0,89"
7 249,CC1CN(CCN1N=O)N=O,"-0,28"
7 250,O=NN1CCCN(CC1)N=O,"-0,51"
7 251,CC(C)C(/N=C(\\O)/C(CC1C=CC=CC=1)/N=C(\\O)/OCC1C=CC=CC=1)C(O)=O,"2,88"
7 252,N#CC(C#N)N=NC1=CC=CC=C1Cl,"3,12"
7 253,CC1C=CC=CC=1N=NC(C#N)C#N,"2,38"
7 254,N#CC(C#N)N=NC1=CC=CC=C1[N+]([O-])=O,"2,90"
7 255,CC(=O)C1C=CC(=CC=1)N=NC(C#N)C#N,"2,10"
7 256,NN(C1C=CC=CC=1)C(=O)C1C=CC(=CC=1)[N+]([O-])=O,"2,48"
7 257,COC1C=CC(=CC=1)C(=O)N(N)C1C=CC=CC=1,"2,83"
7 258,COC1C=C(CC2C=NC(=N)NC2=N)C=C(OC)C=1C(=O)OC,"0,95"
7 259,CC(C)OC(=O)C1=C(C=C(CC2C=NC(=N)NC2=N)C=C1OC)OC,"1,72"
7 260,CCOC(=O)C1C(=CC(CC2=CN=C(N)N=C2N)=CC=1OC)OC,"1,25"
7 261,COC1=CC(CC2=CN=C(N)N=C2N)=CC(OC)=C1CO,"0,42"
7 262,CCOC1C=C(CC2C=NC(=N)NC2=N)C=C(OCC)C=1C(=O)OCC,"2,28"
7 263,CC(C)(O)C1C(=CC(CC2C=NC(N)=NC=2N)=CC=1OCC)OCC,"2,46"
7 264,COC1=CC(CC2=CN=C(N)N=C2N)=CC(OC)=C1C(N)=O,"-0,85"
7 265,COC1=CC(CC2=CN=C(N)N=C2N)=CC(OC)=C1C#N,"1,39"
7 266,CS(=O)(=O)CC(=O)C1C(=CC(CC2C=NC(N)=NC=2N)=CC=1OCC)OCC,"0,79"
7 267,CC(=O)C1C(=CC(CC2C=NC(=N)NC2=N)=CC=1OCC)OCC,"2,04"
7 268,COC1=CC(CC2C=NC(=N)NC2=N)=CC(OC)=C1C(=O)CS(C)(=O)=O,"-0,31"
7 269,CC(=O)C1C(=CC(CC2=CN=C(N)N=C2N)=CC=1OC)OC,"1,10"
7 270,COCC1C(=CC(CC2C=NC(=N)NC2=N)=CC=1OC)OC,"1,19"
7 271,COC1=CC(CC2=CN=C(N)N=C2N)=CC(OC)=C1C(C)(C)O,"1,49"
7 272,ClC1=CC=C(Cl)C(C2C=CC=CC=2)=C1Cl,"5,67"
7 273,ClC1C(Cl)=C(C=CC=1Cl)C1C=CC=CC=1,"5,86"
7 274,ClC1C=C2C=CC(Cl)=CC2=C(Cl)C=1,"5,35"
7 275,ClC1=CC2=CC(Cl)=C(Cl)C=C2C=C1,"5,12"
7 276,ClC1C=CC(Cl)=C2C=C(Cl)C(Cl)=CC=12,"5,81"
7 277,NC(CC1=CC(O)=C(O)C=C1)C(=O)OCC1C=CC=CC=1,"1,50"
7 278,OC(=O)CCCCCN1C(=O)C=CC1=O,"1,15"
7 279,CC1=CC=CC=C1CCN,"1,60"
7 280,CN1C(=O)N=C(N)C(C1=O)N(C)C=O,"-2,03"
7 281,OC(=O)CNC(=O)C1=CC=C(I)C=C1,"1,94"
7 282,COC1=CC=CC=C1NC(=O)OCCN1CCCCC1,"3,11"
7 283,COC1=CC=CC(=C1)NC(=O)OCCN1CCCCC1,"3,32"
7 284,COC1=CC=C(C=C1)NC(=O)OCCN1CCCCC1,"2,95"
7 285,CCOC1=CC=CC=C1NC(=O)OCCN1CCCCC1,"3,59"
7 286,CCOC1=CC=CC(=C1)/N=C(\\O)/OCCN1CCCCC1,"3,77"
7 287,CCOC1=CC=C(C=C1)NC(=O)OCCN1CCCCC1,"3,41"
7 288,CCCOC1=CC=CC=C1NC(=O)OCCN1CCCCC1,"4,23"
7 289,CCCOC1=CC=C(C=C1)NC(=O)OCCN1CCCCC1,"4,20"
7 290,CCCCOC1=CC=CC=C1NC(=O)OCCN1CCCCC1,"4,79"
7 291,CCCCOC1=CC=CC(=C1)NC(=O)OCCN1CCCCC1,"5,04"
7 292,CCCCOC1=CC=C(C=C1)NC(=O)OCCN1CCCCC1,"4,69"
7 293,CCCCCOC1=CC=CC=C1NC(=O)OCCN1CCCCC1,"4,97"
7 294,CCCCCOC1=CC=C(C=C1)NC(=O)OCCN1CCCCC1,"5,31"
7 295,CCCCCCOC1=CC=CC=C1NC(=O)OCCN1CCCCC1,"5,29"
7 296,CCCCCCOC1=CC=CC(=C1)/N=C(\\O)/OCCN1CCCCC1,"5,51"
7 297,CCCCCCOC1=CC=C(C=C1)NC(=O)OCCN1CCCCC1,"5,41"
7 298,CCCCCCCOC1=CC=CC=C1NC(=O)OCCN1CCCCC1,"5,62"
7 299,CCCCCCCOC1=CC=CC(=C1)NC(=O)OCCN1CCCCC1,"5,53"
7 300,CCCCCCCOC1=CC=C(C=C1)NC(=O)OCCN1CCCCC1,"5,87"
7 301,CCCCCCCCOC1=CC=CC=C1NC(=O)OCCN1CCCCC1,"6,36"
7 302,CCCCCCCCOC1=CC=CC(=C1)/N=C(\\O)/OCCN1CCCCC1,"5,82"
7 303,OC1=NC2=CC=CC=C2N1C1CCN(CC(O)C2COC3=CC=CC=C3O2)CC1,"3,43"
7 304,CC1C=CC=CC=1C(=O)NC1=CC(=CC=C1)OC(C)C,"3,66"
7 305,CCOC1C=CC(=CC=1)C(N)=O,"1,30"
7 306,CC(C)NCC(O)COC1=CC=CC=C1C1CCCCC1,"3,68"
7 307,OCCOCCOCCN1CCC(CC1)=C(C1=CC=CC=C1)C1=CC=CC=C1,"3,78"
7 308,OCCN1CCN(CC1)CCCC1C2=CC=C(F)C=C2SC2=CC=C(C=C21)C(F)(F)F,"4,47"
7 309,NS(=O)(=O)C1C=C(C=C(C=1OC1C=CC=CC=1)N1CCCC1)C(O)=O,"3,92"
7 310,CN(C)C(=O)NC1C=C(ON=1)C(C)(C)C,"1,98"
7 311,OC(=O)CC1=CC2SCC3=CC=CC=C3C(=O)C=2C=C1,"2,97"
7 312,CC1N=CNC=1CSCCN/C(/C[N+]([O-])=O)=N/C,"-0,40"
7 313,COC1C=C(N)C(Cl)=CC=1C(=O)NC1CCN(CC2C=CC=CC=2)CC1,"3,58"
7 314,CCCCCCCCOC1=CC=C(C=C1)NC(=O)OCCN1CCCCC1,"6,44"
7 315,COC(=O)C1C(C(C(=O)OCCN(C)CC2C=CC=CC=2)=C(C)N=C1C)C1C=C(C=CC=1)[N+]([O-])=O,"3,82"
7 316,CC(C)C1C=CC(=CC=1)C1C(=O)C2=CC=CC=C2C1=O,"4,43"
7 317,CCCCCCCCC1C=CC(=CC=1)C1C(=O)C2=CC=CC=C2C1=O,"6,93"
7 318,CCC1C=C(C=C(CC)C=1)C1C(=O)C2=CC=CC=C2C1=O,"4,94"
7 319,CC(C)C1C=C(C=C(C=1)C(C)C)C1C(=O)C2=CC=CC=C2C1=O,"5,96"
7 320,CCCCCCCCN(C)N=NC1N=CN=C1C(N)=O,"3,22"
7 321,CCC(=O)N(C1C=CC=CC=1)C1(COC)CCN(CCC2=CC=CS2)CC1,"3,95"
7 322,CSC1C(Cl)C(Cl)C(Cl)C(Cl)C1Cl,"3,85"
7 323,CCC(=O)N1C(O)=NC=C(F)C1=O,"0,19"
7 324,COC1=CC(CC2=CN=C(N)N=C2N)=CC(OC)=C1N,"0,83"
7 325,CCOC1C=C(CC2C=NC(=N)NC2=N)C=C(OCC)C=1N,"1,69"
7 326,COC1=CC(CC2=CN=C(N)N=C2N)=CC(OC)=C1N(C)C,"1,51"
7 327,CC(C)(C)S(=O)(=O)CSP(=O)(OCC)OCC,"2,71"
7 328,CC(C)(C)S(=O)(=O)CSP(=S)(OCC)OCC,"2,48"
7 329,O=C1C(C2CC(CC3=CC=CC=C32)C2C=CC(=CC=2)C2C=CC(Br)=CC=2)C(=O)OC2=CC=CC=C12,"8,50"
7 330,FC1C(Cl)C(Cl)C(Cl)C(Cl)C1Cl,"3,19"
7 331,CC(C)(C)C1C=CC(=CC=1)C(N)=O,"2,51"
7 332,CC(C)C1=CC=CC=C1C(N)=O,"1,39"
7 333,COC1=CC=C(CC2C=NC(=N)NC2=N)C=C1Br,"1,88"
7 334,CC1=CC(=CC=C1Cl)N/C(/O)=N/C(N)=N,"2,19"
7 335,O=C1NC(=O)C2(CCCC2)C(=O)N1,"0,24"
7 336,CC1C=C(C=CC=1)NC1C=CN=CC=1S(=O)(=O)NC(=O)NC(C)C,"3,37"
7 337,CCSC1OC(CO)C(O)C(O)C1O,"-1,51"
7 338,OC1CCCCC1NC(=O)N(CCCl)N=O,"1,75"
7 339,CC1C=NC=C(N=1)N(C)C,"1,57"
7 340,CCC1(CCC)C(O)=NC(=O)N(C)C1=O,"1,65"
7 341,ClC1C=CC(=CC=1Cl)OC1=CC(Cl)=C(Cl)C=C1,"6,36"
7 342,CC1=CC=CC=C1OC(=O)C1C=CC(N)=CC=1O,"3,14"
7 343,CC1=CC(=CC=C1)OC(=O)C1C=CC(N)=CC=1O,"3,64"
7 344,CC1C=CC(=CC=1)OC(=O)C1C=CC(N)=CC=1O,"3,38"
7 345,CC1C=CC=C(C)C=1OC(=O)C1C=CC(N)=CC=1O,"3,88"
7 346,COC1=CC=CC=C1OC(=O)C1C=CC(N)=CC=1O,"2,88"
7 347,COC1C=CC=C(C=1)OC(=O)C1C=CC(N)=CC=1O,"3,25"
7 348,CC(C)C1C=CC(=CC=1)OC(=O)C1C=CC(N)=CC=1O,"4,12"
7 349,CC(C)C1=CC=CC=C1OC(=O)C1C=CC(N)=CC=1O,"4,28"
7 350,NC1=CC(O)=C(C=C1)C(=O)OC1C=C(N)C=CC=1,"2,08"
7 351,NC1=CC(O)=C(C=C1)C(=O)OC1C=CC(N)=CC=1,"2,04"
7 352,NC1=CC(O)=C(C=C1)C(=O)OC1=CC=CC=C1F,"3,29"
7 353,NC1=CC(O)=C(C=C1)C(=O)OC1=CC(F)=CC=C1,"3,42"
7 354,NC1=CC(O)=C(C=C1)C(=O)OC1C=CC(F)=CC=1,"3,27"
7 355,NC1=CC(O)=C(C=C1)C(=O)OC1=CC=CC=C1Cl,"3,72"
7 356,NC1=CC(O)=C(C=C1)C(=O)OC1=CC(Cl)=CC=C1,"3,90"
7 357,NC1=CC(O)=C(C=C1)C(=O)OC1C=CC(Cl)=CC=1,"3,60"
7 358,NC1=CC(O)=C(C=C1)C(=O)OC1=CC=CC=C1Br,"3,74"
7 359,NC1=CC(O)=C(C=C1)C(=O)OC1C=C(Br)C=CC=1,"3,84"
7 360,NC1=CC(O)=C(C=C1)C(=O)OC1C=CC(Br)=CC=1,"3,46"
7 361,NC1=CC(O)=C(C=C1)C(=O)OC1C=C(C=CC=1)C(F)(F)F,"3,61"
7 362,FC(F)(F)COC1C(Cl)C(Cl)C(Cl)C(Cl)C1Cl,"4,15"
7 363,COC1C(OC)C(Cl)C(Cl)C(Cl)C1Cl,"2,82"
7 364,COC1C(Cl)C(Cl)C(OC)C(Cl)C1Cl,"3,15"
7 365,OCC1C(Cl)C(Cl)C(Cl)C(Cl)C1Cl,"2,94"
7 366,COC1(C(Cl)C(Cl)C(Cl)C(Cl)C1Cl)C(F)(F)F,"4,06"
7 367,BrC1C=NC=CN=1,"0,93"
7 368,CC(C)C(O)(C1C=NC=NC=1)C1C=CC(=CC=1)OC(F)(F)F,"3,34"
7 369,CNC1C(Cl)=CC=CC=1Cl,"2,91"
7 370,COC1=CC=C(C=C1C(=O)NCC1CCCN1CC1C=CC(F)=CC=1)S(N)(=O)=O,"2,46"
7 371,ClC1=CC(NC2NCCN=2)=C(Cl)C=C1,"2,04"
7 372,COC1=CC(CC2=CN=C(N)N=C2N)=CC(OC)=C1Br,"2,01"
7 373,COC1=CC(CC2=CN=C(N)N=C2N)=CC(OC)=C1Cl,"1,87"
7 374,COC1=CC(CC2C=NC(=N)NC2=N)=CC(OC)=C1I,"2,40"
7 375,ClC1C2C3CC1C(Cl)=C(Cl)C2(Cl)C(Cl)=C3Cl,"5,66"
7 376,OC1=NC(=O)N(C=C1F)/C(/O)=N/C1C=CC=CC=1,"1,50"
7 377,CNC(=O)N1C=C(F)C(=O)NC1=O,"-0,20"
7 378,CN1N=NN=C1SCC1C=CC=CC=1,"1,63"
7 379,N#CC(=CC1=CC=C(Br)O1)C#N,"2,16"
7 380,CC1C=CC(=O)C(C)CC(CC=O)C(OC2OC(C)CC(C2O)N(C)C)C(C)C(O)CC(=O)OC(CC)C(C)C=1,"2,49"
7 381,CC(=O)OC1CC(=O)OC(C)CC=CC=CC(O)C(C)CC(CC=O)C(OC2OC(C)C(OC3CC(C)(O)C(OC(=O)CC(C)C)C(C)O3)C(C2O)N(C)C)C1OC,"2,39"
7 382,CC(=O)NC(C(C)CC)C(N)=O,"-0,03"
7 383,CCOC(=O)N=[N+]([O-])C1C=CC=CC=1,"2,53"
7 384,CN1N=NN=C1SCC1CSC2N(C=1C(O)=O)C(=O)C2(NC(=O)CSCC#N)OC,"-0,60"
7 385,CC(C)(C)C1=CC(=CC=C1)OP(=O)(OC1C=CC=CC=1)OC1C=CC=CC=1,"5,12"
7 386,CNC1N=CN=C2SC=CC=12,"1,43"
7 387,[O-][N+](=O)C1C=CC(=CC=1)OC1OC(CO)C(OC2OC(CO)C(O)C(O)C2O)C(O)C1O,"-1,39"
7 388,CC(=O)OC1N=C(C2C=C(Cl)C=CC=2N(CCOC(C)=O)C1=O)C1C=CC=CC=1,"2,74"
7 389,CC(=O)OC1N=C(C2C=C(Cl)C=CC=2N(CCCOC(C)=O)C1=O)C1C=CC=CC=1,"3,08"
7 390,CCOC1N=C(C2C=C(Cl)C=CC=2N(CCCl)C1=O)C1C=CC=CC=1,"3,95"
7 391,[O-][N+](=O)C1=CC2C(=NC(O)C(=O)N(CCO)C=2C=C1)C1C=CC=CC=1,"0,72"
7 392,CC1CC2C3CCC4=CC(=O)C=CC4(C)C3(F)C(O)CC2(C)C1(O)C(=O)COC(=O)CCC,"3,55"
7 393,OC1=C(Cl)C(Cl)=C(Cl)C=C1O,"3,71"
7 394,CC(=O)C1C=C(C=CC=1OCC(O)CNC(C)(C)C)NC(=O)N(CC)CC,"1,92"
7 395,ClC1C(Cl)CC=CC1Cl,"2,84"
7 396,CC1C=C(Cl)C(OP(=S)(OC)OC)=C(Cl)C=1,"4,56"
7 397,COC(=O)C1C=C(C=CC=1Cl)OC1C=CC(=CC=1Cl)C(F)(F)F,"5,04"
7 398,COC1C(O)=CC(Cl)=C(Cl)C=1Cl,"3,77"
7 399,OC(=O)CCCN1C(=O)C=CC1=O,"0,40"
7 400,OC(=O)CCCCN1C(=O)C=CC1=O,"0,60"
7 401,OC(=O)CCCCCCCN1C(=O)C=CC1=O,"1,99"
7 402,CCOC(=O)CCN1C(=O)C=CC1=O,"0,41"
7 403,CCOC(=O)CCCCCN1C(=O)C=CC1=O,"1,50"
7 404,OC1=CC(Cl)=C(NC2NCCN=2)C(Cl)=C1,"1,52"
7 405,ClC1=C(Cl)C2OC3C=C(Cl)C(Cl)=CC=3C=2C=C1Cl,"6,92"
7 406,ClC1C=C2C(=CC=1Cl)OC1=C2C=C(Cl)C=C1Cl,"6,73"
7 407,ClC1C=CC2=C(OC3=C2C=C(Cl)C=C3Cl)C=1Cl,"6,25"
7 408,ClC1C=CC2=C(OC3C=C(Cl)C(Cl)=CC=32)C=1Cl,"6,31"
7 409,ClC1C=C2C3=C(C=C(Cl)C(Cl)=C3Cl)OC2=CC=1Cl,"6,79"
7 410,ClC1C=CC2C3=C(C=C(Cl)C(Cl)=C3Cl)OC=2C=1Cl,"6,26"
7 411,ClC1C=C2C(OC3C2=CC=C(Cl)C=3Cl)=C(Cl)C=1Cl,"6,47"
7 412,O=S(CC1=CC=CC=N1)C1NC2=CC=CC=C2N=1,"1,33"
7 413,OC(COC1C=CC=C2C=CC=CC2=1)CCNC1CCCCC1,"3,99"
7 414,COC1=NN=C(OC)C2=CC=CC=C21,"2,22"
7 415,CC1C=CN=C2C=1C(O)=CC=C2O,"1,59"
7 416,COC1C=CC(O)=C2N=CC=CC=12,"2,06"
7 417,OC1=CC=CC2=C(Cl)C=CN=C21,"2,67"
7 418,CC1C=CN=C2C=1C(=CC=C2O)OC,"2,75"
7 419,O=C1CCC2C=CC=C3CCN1C=23,"1,57"
7 420,NC1=NC(=NC(N)=N1)C1=CC(Cl)=CC=C1Cl,"1,97"
7 421,N=C1NC(=NC(=N)N1)C1C=C(Cl)C=CC=1F,"1,81"
7 422,N=C1NC(=NC(=N)N1)C1C=C(Cl)C=CC=1Br,"1,85"
7 423,N=C1NC(=NC(=N)N1)C1C=C(F)C=CC=1Br,"1,45"
7 424,NC1=NC(=NC(N)=N1)C1C=C(Br)C=CC=1Br,"2,09"
7 425,NC1=NC(=NC(N)=N1)C1C=C(Br)C=CC=1Cl,"2,04"
7 426,NC1=NC(=NC(N)=N1)C1C=CC(Cl)=CC=1Cl,"2,07"
7 427,N=C1NC(=NC(=N)N1)C1C=CC(Cl)=CC=1Br,"2,09"
7 428,N=C1NC(=NC(=N)N1)C1C(Cl)=CC=CC=1Cl,"1,38"
7 429,N=C1NC(=NC(=N)N1)C1C=C(F)C=CC=1Cl,"1,38"
7 430,N=C1NC(=NC(=N)N1)C1C=C(Br)C=CC=1F,"1,94"
7 431,CC(=O)N(C)CCOC(=O)C1C=CC=CC=1,"1,24"
7 432,COCCOC(=O)C1C=CC=CC=1,"1,78"
7 433,OCC1C=CC=C(I)C=1,"2,55"
7 434,CCCCC(=O)OC1(CCC2C3CCC4=CC(=O)CCC4(C)C3C(O)CC12C)C(=O)CO,"3,79"
7 435,[O-][N+](=O)C1=CN=C(Cl)N1,"0,66"
7 436,O=NN1CC(Cl)C(Cl)CC1,"1,04"
7 437,O=NN1CC(Br)C(Br)CC1,"1,23"
7 438,COC1C=C(C=C(OC)C=1OC)S(=O)(=O)CCO,"0,18"
7 439,COC1C=C(C=C(OC)C=1OC)S(=O)(=O)CC=C,"1,34"
7 440,COC1C=C(C=C(OC)C=1OC)S(=O)(=O)CCN1CCCCC1,"1,60"
7 441,COC1C=C(C=C(OC)C=1OC)S(=O)(=O)CCN1CCOCC1,"1,29"
7 442,CCC1(C(C)CCC)C(O)=NC(=O)N(C)C1=O,"2,45"
7 443,COC(=O)C(C)N(C1C(C)=CC=CC=1C)C(=O)C1=CC=CO1,"2,61"
7 444,COC(=O)C1C=CC=CC=1S(N)(=O)=O,"0,01"
7 445,COC1C=CC(=CC=1)C(=O)N1CCCCC1,"2,40"
7 446,COCCOCCOC1=CC=CC=C1OCCOCCOC,"0,76"
7 447,COCCOCCOCCOC1=CC=CC=C1OCCOCCOCCOC,"0,38"
7 448,ClC1(Cl)CCC(Cl)=C(Cl)C1(Cl)Cl,"4,31"
7 449,CC1=CC=CC2=NC=C(CC)C(=O)N12,"1,79"
7 450,CC(C)NCC(O)COC1=CC=CC2NC3C=CC=CC=3C1=2,"3,59"
7 451,CC1=NN=C2CN=C(C3=CC=CC=C3Cl)C3C=C(Br)SC=3N21,"2,79"
7 452,O=C1NC2C=C(Cl)C=CC=2N1C1CCN(CCCN2C3C=CC=CC=3NC2=O)CC1,"3,90"
7 453,CC1C=CC=C(C)C=1N(C(C)C(=O)OC)C(=O)COC,"1,65"
7 454,CC1SSC(=O)C=1C1C=CC=CC=1,"2,93"
7 455,CC(C)NC(=O)NN,"-1,30"
7 456,CCNC(=O)NC(=O)C(C#N)=NOC,"0,59"
7 457,CCOC(=O)NC1=C(C(=O)C(NC(=O)OCC)=C(C1=O)N1CC1)N1CC1,"-0,02"
7 458,CC1C=CC(=CC=1)S(=O)(=O)OC1=C(C(=O)C2C=CC(Cl)=CC=2Cl)C(C)=NN1C,"3,90"
7 459,CCNCC(F)(F)F,"0,74"
7 460,CN1C2=CC=CC=C2N(C)C(=O)C1=O,"0,08"
7 461,C=C(CC(=O)C1C=CC(=CC=1)C1=CC=CC=C1Cl)C(O)=O,"3,32"
7 462,CC(=O)NC1C=CC(=CC=1)C(N)=O,"0,01"
7 463,CC(=O)NC1C=C(C=CC=1)C#N,"1,20"
7 464,COC1C=CC(=CC=1)N/C(/O)=N/C(N)=N,"0,56"
7 465,NC(=N)/N=C(\\O)/NC1C=CC(Cl)=CC=1,"1,78"
7 466,COC1C=C(C=CC=1C#N)/N=C(\\O)/NC(N)=N,"1,28"
7 467,CC1CC(CCC1)(C1C=CC=CC=1)N1CCCCC1,"5,86"
7 468,C[N+](C)(C)CC1CSCO1,"-2,70"
7 469,CC1CC(CC(C)(C)C1)OC(=O)COC1C=CC(F)=CC=1,"1,64"
7 470,CC(C)CC(NC(=O)C(NC(=O)C(N)CC(C)C)C(C)C)C(O)=O,"-1,57"
7 471,COC(=O)CC1C=CSC=1,"1,46"
7 472,O=C(CN1CCCCC1)NC1C=CC(Br)=CC=1,"3,57"
7 473,O=C(CN1CCCCC1)NC1C=CC(I)=CC=1,"3,90"
7 474,O=C(CN1CCCCC1)NC1=CC=CC=C1F,"2,16"
7 475,O=C(CN1CCCCC1)NC1=CC=CC=C1Br,"2,94"
7 476,O=C(CN1CCCCC1)NC1C=CC=C(F)C=1,"2,85"
7 477,O/C(/CN1CCCCC1)=N\\C1C=C(I)C=CC=1,"3,92"
7 478,COC1C=CC(=CC=1)NC(=O)CN1CCCCC1,"2,52"
7 479,NC(=O)CN1CCCCC1,"2,82"
7 480,CC(C)CC1C=C(C=CN=1)C(=O)NN,"1,02"
7 481,CCOC1C=C(C=CN=1)C(O)N=N,"0,48"
7 482,NC1C=C(C=CN=1)C(=O)NN,"-0,98"
7 483,C/C(/O)=N/C1C=C(C=CN=1)C(O)N=N,"-1,25"
7 484,C/C(/O)=N/CC1C=C(C=CN=1)C(O)N=N,"-1,58"
7 485,NNC(=O)C1C=CN=C(Cl)C=1,"0,11"
7 486,N=NC(O)C1C=C(N=CC=1)[N+]([O-])=O,"-0,76"
7 487,NNC(=O)C1=CC(=NC=C1)C1C=CC=CC=1,"1,36"
7 488,N=NC(O)C1=CC(CC2C=CC=CC=2)=NC=C1,"1,01"
7 489,O/C(=N\\C1C(O)CCCC1O)/N(CCCl)N=O,"0,16"
7 490,CC(=O)OC1C(COC(C)=O)OC(/N=C(\\O)/N(CCCl)N=O)C(OC(C)=O)C1OC(C)=O,"1,04"
7 491,CCCC(C)CCC(C)=O,"2,92"
7 492,CC1N=C(C2=CC=CC=C2Cl)C2C=C(C=CC=2NC1=O)[N+]([O-])=O,"2,72"
7 493,CC(C(O)=O)N(C1C=CC(F)=C(Cl)C=1)C(=O)C1C=CC=CC=1,"2,90"
7 494,CC1=CC(Br)=CC(=C1O)C(=O)NC(C)C,"4,19"
7 495,CC1=CC(Br)=CC(=C1O)C(=O)NC1CC1,"3,80"
7 496,CC1=CC(Cl)=CC(=C1O)C(=O)NCC,"3,55"
7 497,O=C1CCC(=O)N1C1C=CC=C(Br)C=1,"1,09"
7 498,COC1=CC(=CC=C1)S(N)(=O)=O,"0,53"
7 499,NC1CC2CC1C1=CC=CC=C12,"2,00"
7 500,CNC1CC2CC1C1=CC=CC=C12,"2,32"
7 501,ClC1C=C2OC3=C(C2=CC=1Cl)C(Cl)=C(Cl)C=C3Cl,"6,26"
7 502,ClC1C=C2C3=C(C=CC(Cl)=C3Cl)OC2=CC=1Cl,"6,23"
7 503,CC1C=CC=C(C)C=1N(C1CCOC1=O)C(=O)CCl,"1,39"
7 504,C1=C(N=CC2=CC=CC=C21)C1=CC=CC=N1,"3,05"
7 505,ClC1=CC2=C(C(Cl)=C(Cl)C(Cl)=C2Cl)C(Cl)=C1Cl,"8,20"
7 506,N#CCCOC1C=CC=C2C=CC=CC2=1,"2,80"
7 507,CC(=O)NC1C(=NC2C=CC=CC=2)C(=O)C2C=CC=CC=2C1=O,"1,73"
7 508,ClC1C=C(Cl)C2NC3=C(C=C(Cl)C=C3Cl)C=2C=1,"5,75"
7 509,CC(C)CC1N=C(O)N=C1O,"0,35"
7 510,ClC1C=C(Cl)C(=CC=1)OC1C=CC(Cl)=CC=1,"5,53"
7 511,CC1CC(=O)N(CCOC2=CC3=CC=CC=C3C=C2)N=1,"2,74"
7 512,NCCCCCC1C=CN=CC=1,"1,40"
7 513,NCCCCCC1=CC=CC=N1,"1,32"
7 514,CCCCSC1=CC(=O)C2=CC=CC=C2C1=O,"3,29"
7 515,CCCCN=C1CC(=O)C2C=CC=CC=2C1=O,"3,11"
7 516,CC1C=C(C=CC=1)OCC(O)CNCCC1=CC(OC)=C(C=C1)OC,"3,00"
7 517,CN1C=NC(Br)=C1[N+]([O-])=O,"0,77"
7 518,CSCCC(N)C(=O)N1CCCC1C(O)=O,"-2,52"
7 519,NC1N=C2C(N=CN2COCCO)=C(N)N=1,"-1,06"
7 520,NC1NC(=O)C2N=CN(COCCO)C=2N=1,"-1,56"
7 521,CC(=O)NC1C=CC(Cl)=CC=1F,"1,91"
7 522,ClC1C=C(Cl)C(C2C=CC(Cl)=C(Cl)C=2Cl)=C(Cl)C=1,"7,25"
7 523,ClC1C=C(Cl)C(C2=CC(Cl)=C(Cl)C(Cl)=C2)=C(Cl)C=1,"7,25"
7 524,CC1=CN=C(Cl)C=N1,"1,08"
7 525,CCCOC(=O)C1=CC=CS1,"3,01"
7 526,COC1=CC2=NNN=C2C=C1C(=O)NCC1CCCN1CC=C,"1,37"
7 527,CC1C=CC=C(C)C=1/N=C(\\O)/C(N)CC,"0,84"
7 528,OCC(O)C1=CC=CC=C1Cl,"1,17"
7 529,CC(=O)OC1CCCCC1/N=C(\\O)/N(CCCl)N=O,"1,98"
7 530,CC(=NO)C1C=CSC=1,"1,81"
7 531,ClC1=CC(NC2NCCN=2)=C(Cl)C=C1Cl,"2,11"
7 532,ClC1C=C(Cl)C=C(Cl)C=1NC1NCCN=1,"2,18"
7 533,CN(C)N=N(=O)C1C=CC=CC=1,"1,80"
7 534,COC1C=C(CC2=CN=C(N)N=C2N)C=CC=1,"1,54"
7 535,CC(=O)OCC1CSC2C(/N=C(\\O)/CSC3C=C(Cl)C=CC=3Cl)C(=O)N2C=1C(O)=O,"1,66"
7 536,CC1N=CNC=1CSCCN/C(/N[N+]([O-])=O)=N\\C,"0,18"
7 537,CN(SN(C)C(=O)ON=C(C)SC)C(=O)ON=C(C)SC,"1,70"
7 538,CCN(C)N=NC1C=CC(=CC=1)C(N)=O,"1,69"
7 539,CN(CCO)N=NC1C=CC(=CC=1)C(N)=O,"0,26"
7 540,CCCCN(C)N=NC1C=CC(=CC=1)C(N)=O,"2,46"
7 541,CCCCCN(C)N=NC1C=CC(=CC=1)C(N)=O,"3,18"
7 542,CC(C)N(C)N=NC1C=CC(=CC=1)C(N)=O,"2,02"
7 543,CN(CC1C=CC=CC=1)N=NC1C=CC(=CC=1)C(N)=O,"2,76"
7 544,CN(N=NC1C=CC(=CC=1)C(N)=O)C(C)(C)C,"2,61"
7 545,CC(C)N1CCC(CC1)N(C(=O)CC1C=CC=CC=1)C1C=CC(Cl)=CC=1,"4,85"
7 546,CSC1C=CC(=CC=1)OCC1=NC=C(N1C)[N+]([O-])=O,"2,50"
7 547,CN1C=C(C(=O)C(=C1)C1C=CC=CC=1)C1=CC(=CC=C1)C(F)(F)F,"3,04"
7 548,FC1C=CC=C(F)C=1NC1NCCN=1,"0,93"
7 549,FC1=CC=CC(Cl)=C1NC1NCCN=1,"1,45"
7 550,CCCOC(=O)C1C=CC(=CC=1)S(N)(=O)=O,"1,75"
7 551,CCCCOC(=O)C1=CC=C(C=C1)S(N)(=O)=O,"2,34"
7 552,CCCCCOC(=O)C1=CC=C(C=C1)S(N)(=O)=O,"2,71"
7 553,CCNC(=O)C1=CC=C(C=C1)S(N)(=O)=O,"0,03"
7 554,CCCCNC(=O)C1=CC=C(C=C1)S(N)(=O)=O,"1,05"
7 555,CCCCCNC(=O)C1=CC=C(C=C1)S(N)(=O)=O,"1,51"
7 556,CCCCCCNC(=O)C1=CC=C(C=C1)S(N)(=O)=O,"2,05"
7 557,O=C1NC2C=C(Cl)C=CC=2N1C1CCN(CCNC(=O)C2C=CC(F)=CC=2)CC1,"4,63"
7 558,COC(=O)C1CC(=O)N(C)C1,"-0,74"
7 559,O=NN1CC(Cl)C(Cl)C1,"0,83"
7 560,CC=CCC(C)C(O)C1C(=O)NC(CC)C(=O)N(C)CC(=O)N(C)C(CC(C)C)C(=O)NC(C(C)C)C(=O)N(C)C(CC(C)C)C(=O)NC(C)C(=O)NC(C)C(=O)N(C)C(CC(C)C)C(=O)N(C)C(CC(C)C)C(=O)N(C)C(C(C)C)C(=O)N1C,"2,92"
7 561,OCCN1CCN(CC1)C1=C(C(=O)C(=C(C1=O)N1CC1)N1CCN(CCO)CC1)N1CC1,"-0,77"
7 562,CN(CCO)C1=C(C(=O)C(=C(C1=O)N1CC1)N(C)CCO)N1CC1,"-0,37"
7 563,OCCNC1=C(C(=O)C(NCCO)=C(C1=O)N1CC1)N1CC1,"-1,47"
7 564,OC(CNC1=C(C(=O)C(NCC(O)CO)=C(C1=O)N1CC1)N1CC1)CO,"-1,97"
7 565,OC1=CC2OC=CC(=O)C=2C=C1,"1,44"
7 566,CC1(C)C(C=C(Cl)Cl)C1C(=O)OC,"3,63"
7 567,CN(C)C(=O)C1C=CSC=1,"0,55"
7 568,C/N=C(\\O)/C1C=CSC=1,"0,81"
7 569,CC(=O)NC1C(=CC=CC=1C)[N+]([O-])=O,"0,61"
7 570,CN(C)CNC(=O)C1C=CC=CC=1,"0,63"
7 571,CC(C)OC(=O)C(=C1SC=CS1)C(=O)OC(C)C,"3,75"
7 572,CCCCCCOC1C=CC(CC(O)=O)=CC=1,"3,96"
7 573,C/C(/O)=N/C1=NNC(=N1)/N=C(/C)\\O,"-1,02"
7 574,OCC(CO)(CO)NC(=O)NC1C=CC=CC=1,"0,43"
7 575,CC(C)(O)C1CCC(C)(C=C)O1,"2,43"
7 576,O=C1CCC(=O)N1C1C=C(C=CC=1)C(F)(F)F,"1,26"
7 577,COC1C(OC)C(Cl)C(Cl)C(Cl)C1OC,"1,87"
7 578,COC1C(SC)C(Cl)C(Cl)C(Cl)C1Cl,"3,30"
7 579,ClC1CC(Cl)C(Cl)CC1Cl,"2,82"
7 580,NC(=O)C1=CSC(=N1)C1OC(CO)C(O)C1O,"-1,73"
7 581,ClC1=CC(Cl)=C(C=C1)OC1C=C(Cl)C(Cl)=CC=1Cl,"6,38"
7 582,ClC1=CC(Cl)=C(Cl)C=C1OC1=CC(Cl)=C(Cl)C=C1,"6,60"
7 583,CC(C)CNC(=O)CNC(=O)C=[N+]=N,"0,37"
7 584,CCCCCCNC(=O)C/N=C(/[O-])\\C[N+]#N,"1,51"
7 585,[N-]=[N+]=CC(=O)NCC(=O)N1CCOCC1,"-0,47"
7 586,N=C(O)N=N(=O)C1C=CC=CC=1,"0,58"
7 587,N#CN=[N+]([O-])C1=CC=C(C=C1)[N+]([O-])=O,"1,51"
7 588,NCC1(CC(O)=O)CCCCC1,"-1,10"
7 589,CCOC(=O)CN(C1=CC=CC=C1CC)C(=O)CCl,"2,57"
7 590,COC1=CC=CC=C1N(CC(=O)OCC)C(=O)CCl,"1,78"
7 591,CCOC(=O)CN(C1=CC=CC=C1OC(C)C)C(=O)CCl,"2,75"
7 592,CC(C)NC(=O)NO,"0,20"
7 593,CC(O)C(=O)NC1C(I)=C(C(I)=C(C=1I)C(=O)NC(CO)CO)C(=O)NC(CO)CO,"-2,42"
7 594,OC(C1=CC=CC=C1Cl)(C1C=CC(Cl)=CC=1)C1C=NC=NC=1,"3,60"
7 595,CC1=NC=C(N1CC(O)COC)[N+]([O-])=O,"0,04"
7 596,ClC1=CC(Cl)=C(C=C1)C1(CN2C=NC=N2)OCCO1,"2,32"
7 597,CCCC1COC(CN2C=NC=N2)(O1)C1C=CC(Cl)=CC=1Cl,"3,72"
7 598,CCC1COC(CN2C=NC=N2)(O1)C1C=CC(Cl)=CC=1Cl,"3,10"
7 599,CNC1=NC=NC2=C1N=CN2C1OC(CO)C(O)C1O,"-0,52"
7 600,OCC1C=C(Cl)C=C(Cl)C=1,"2,90"
7 601,CN(C(N)=N)/C(/N)=N/C1C=CC(Cl)=CC=1,"1,58"
7 602,CC/N=C(\\N)/N=C(\\N)/NC1C=CC(Cl)=CC=1,"2,14"
7 603,OC1C(OC2C=C(OC3OC(CO)C(O)C(O)C3O)C(I)=CC=2I)OC(CO)C(O)C1O,"-0,25"
7 604,CCCC1C2OC(=CC(=O)C=2C=C2CCCCC=12)C(O)=O,"4,20"
7 605,CCCC1=C2OC(=CC(=O)C2=C(O)C2CCCCC=21)C(O)=O,"5,00"
7 606,CC1OC(=CC2C=CC(=CC=2)OC)C(=O)C=1C(=O)OCC,"2,96"
7 607,OC1C(OC2C=CC(I)=C(OC3OC(CO)C(O)C(O)C3O)C=2I)OC(CO)C(O)C1O,"-1,31"
7 608,CN1C(=CN=C1[N+]([O-])=O)C(C)(C)O,"0,43"
7 609,C1=NC=CN1C(C1C=CC=CC=1)C1C=CC(=CC=1)C1C=CC=CC=1,"4,77"
7 610,C=CC(N)CCC(O)=O,"-2,16"
7 611,O=C1CCC(=O)N1C1C=C(F)C=CC=1,"0,38"
7 612,O=C1CCC(=O)N1C1C=CC(F)=CC=1,"0,29"
7 613,CCCNC(=O)C1=CC=CO1,"1,10"
7 614,OC(=O)CC1=CC(Cl)=C(C=C1)OCC1C=CC=CC=1,"3,43"
7 615,OCCCCC1=CN=CC=C1,"0,92"
7 616,O=C(NCCCCNC(=O)N(CCCl)N=O)N(CCCl)N=O,"0,90"
7 617,OCCNC(=O)N(CCCl)N=O,"0,30"
7 618,CCCCCCCC1(CC)C(=O)NC(=O)NC1=O,"2,91"
7 619,CCCCC1=CC=C(CO)C=C1,"3,00"
7 620,OC(=O)C1=CC2OCCOCCOCCOCCOCCOC=2C=C1,"-0,28"
7 621,COCOC(=O)C1N2C(SC1(C)C)C(C2=O)N1C(=O)C(NC1(C)C)C1C=CC(O)=CC=1,"0,30"
7 622,CN(C)C(=O)N1C=C(F)C(=O)NC1=O,"-0,37"
7 623,ClC1C=C(C=CC=1)C1NCCS1,"2,04"
7 624,CCCCC(CN1C=NC=C1)(C#N)C1C=CC=CC=1,"2,94"
7 625,CC(=O)OCC1CCC(CC1)/N=C(\\O)/N(CCCl)N=O,"2,24"
7 626,CC(C)N1CCOC(C1)C1C=CC=C(Cl)C=1,"3,27"
7 627,CN1C(=O)CCC1(O)C1C=NC=CC=1,"-0,57"
7 628,O=C1C(Cl)C(CN1C1=CC(=CC=C1)C(F)(F)F)CCl,"3,36"
7 629,NC1=CC=C(CO)C=C1,"-0,22"
7 630,O=C(C1C=CC=CC=1)N1C(=O)N=CC(F)C1=O,"0,80"
7 631,CC1C=CC(=O)C(C)CC(CC=O)C(OC2OC(C)C(O)C(C2O)N(C)C)C(C)C(O)CC(=O)OC(CC)C(CO)C=1,"0,99"
7 632,C1COCCOCCOC2C=CC=CC=2OCCOC2C=CC=CC=2OCCOCCOCCO1,"1,63"
7 633,ClC1C=C(C=CC=1Cl)OC1=CC=CC=C1Cl,"5,50"
7 634,ClC1C=CC(=CC=1)OC1=CC(Cl)=C(Cl)C=C1Cl,"5,99"
7 635,CC(C)C(Cl)/C(/O)=N/C(=N)O,"1,00"
7 636,CCC1(CC=C)C(=O)NC(=O)N(C)C1=O,"1,35"
7 637,CCC1(C(C)C2C=CC=CC=2)C(=O)NC(=O)N(C)C1=O,"3,14"
7 638,COC1=CC(CCN)=CC(OC)=C1OC(C)C,"1,52"
7 639,COC1=CC(CCN)=CC(OC)=C1Br,"2,03"
7 640,CCC(=O)N(C1C=CC=CC=1)C1(CCN(CC1C)CCC1C=CC=CC=1)C(=O)OC,"4,22"
7 641,COC(=O)C1C=C(C=CC=1[N+]([O-])=O)SC1C=CC(=CC=1Cl)C(F)(F)F,"4,76"
7 642,CCC(Cl)(CC)/C(/O)=N/C(=N)O,"1,40"
7 643,CCCCCCNC(=O)N1C=C(F)C(=O)NC1=O,"2,63"
7 644,CC(C)(SC(=O)N1CCCCC1)C1C=CC=CC=1,"4,02"
7 645,CC1=NN=C(C=NO)S1,"0,78"
7 646,CC1=NC2=CC=CC=C2C(=N1)C1C=CC=CC=1,"3,10"
7 647,CCN1CCN(C(=O)C1=O)C(=O)NC(C1C=CC=CC=1)C(=O)NC1C2SC(C)(C)C(C(O)=O)N2C1=O,"0,50"
7 648,CC(C)N1CCN=C1CN1CCCCSC2=CC=C(Cl)C=C12,"5,15"
7 649,S=C=NCCCCC1C=CC=CC=1,"4,00"
7 650,CC1C(=CC(CC2C=NC(=N)NC2=N)=CC=1N(C)C)N(C)C,"2,06"
7 651,CN(C)C1C=C(CC2C=NC(=N)NC2=N)C=C(C=1OC)N(C)C(C)=O,"1,01"
7 652,CN(C)C1=CC(CC2C=NC(=N)NC2=N)=CC(=C1OC)N(C)C,"2,05"
7 653,CNC1C=C(CC2=CN=C(N)N=C2N)C=C(C=1)NC,"0,44"
7 654,CNC1C=C(CC2C=NC(=N)NC2=N)C=C(C=1C)N(C)C(C)=O,"0,53"
7 655,[O-][N+](=O)C1=CC2C(=NCC(=O)N(CC(O)CO)C=2C=C1)C1C=CC=CC=1,"0,96"
7 656,CC(C)(C)NCC(O)COC1=CC=CC2CN(CCC=21)C=O,"1,30"
7 657,NC(=N)N=NC1C=CC(C=C1)N=NC(=N)O,"1,56"
7 658,CCCCCOC1C=C(N)C=CC=1C(O)=O,"2,38"
7 659,CC(C)CCOC1C=C(N)C=CC=1C(O)=O,"2,30"
7 660,CN(C)C1C=C(CC2=CN=C(N)N=C2N)C=C(C=1)N(C)C,"1,60"
7 661,CNC1=CC(CC2C=NC(=N)NC2=N)=CC(=C1OC)N(C)C,"1,56"
7 662,CC1CC2C(CC=1)C(C)(C)OC1=CC(=CC(O)=C12)C(C)(C)CCCCCC,"9,96"
7 663,COC1C(OC)=C(O)C2=CC=CC=C2C=1O,"2,39"
7 664,CSC1C=C(OC)C(CC(C)N)=CC=1OC,"2,17"
7 665,CSC1C=C(OC)C(CCN)=CC=1OC,"1,81"
7 666,CN(C)C1=CN=CC(Cl)=N1,"1,95"
7 667,CN(C)C(=O)NC1C=CC(=CC=1)C(=O)C1C=CC=CC=1,"2,59"
7 668,CCCCCOC(=O)C(=C1SCCS1)C(=O)OCCCCC,"5,60"
7 669,ClC1C(Cl)=C(C2=CC=CC(Cl)=C2Cl)C(Cl)=CC=1Cl,"7,25"
7 670,CC1=CC=C(C=C1)S(=O)(=O)CC(=O)C1C=CC(Cl)=CC=1,"3,43"
7 671,CC1C=CC(=CC=1)C(=O)CS(=O)(=O)C1C=CC(C)=CC=1,"3,30"
7 672,NCCC1=NC(=CS1)C1C=CC=CC=1,"2,22"
7 673,FC1C=C(C=CC=1)C1CNCCO1,"1,42"
7 674,CC1=CC(=CC=C1)C1CNCCO1,"1,52"
7 675,CSC1=NN=CC(=O)N1N,"0,73"
7 676,CC(C)(O)C(=O)NC1C=CC(Cl)=CC=1,"2,00"
7 677,CC(C)(O)C(=O)NC1C=CC(=CC=1)[N+]([O-])=O,"1,61"
7 678,CC(=O)NC1C=CC2=C(OC(C)=C(C)C2=O)C=1[N+]([O-])=O,"1,61"
7 679,ClC1=CC=CC2=NC=CN=C21,"1,75"
7 680,NCCCCC1C=CN=CC=1,"0,86"
7 681,CCCOC1OC(CO)C(O)C(O)C1O,"-1,66"
7 682,CC1C=CC=CC=1OCC(O)N=NC(C)C,"1,83"
7 683,CC(C)N=NC(O)COC1C=CC=CC=1OC,"1,11"
7 684,CC(C)N=NC(O)COC1=CC(=CC=C1)OC,"1,33"
7 685,OC1C=CC(F)=CC=1C(=O)C1C=CC(Cl)=CC=1,"4,05"
7 686,CC1=CC2NC(=O)NC(=O)C=2C=C1,"0,55"
7 687,CC1=CC2=C(C=C1)NC(=O)NC2=O,"0,55"
7 688,CCOC1C=CC=NN=1,"0,63"
7 689,CC(CS)C(=O)N1CCCC1C(O)=O,"0,34"
7 690,CC1=NC=C(N1CC(O)CO)[N+]([O-])=O,"-0,59"
7 691,N=C(O)CCCN=C(C1C=C(F)C=CC=1O)C1C=CC(Cl)=CC=1,"3,06"
7 692,CC1C=CC(=CC=1)NC(=O)NN,"0,69"
7 693,COC1=CC=CC=C1NC(=O)NN,"-0,15"
7 694,COC1C=CC(=CC=1)NC(=O)NN,"0,17"
7 695,CC1C=CC=C(CN(C)N=O)C=1,"1,96"
7 696,CC1C=CC(CN(C)N=O)=CC=1,"2,14"
7 697,N#CN=[N+]([O-])C1C=CC=C(Cl)C=1,"2,40"
7 698,N#CN=[N+]([O-])C1C=CC=C(Br)C=1,"2,56"
7 699,N#CN=[N+]([O-])C1C=CC(Br)=CC=1,"2,50"
7 700,N#CN=[N+]([O-])C1=CC(=CC=C1)[N+]([O-])=O,"1,45"
7 701,COC1C=C(C=CC=1)[N+]([O-])=NC#N,"2,24"
7 702,COC1C=CC(=CC=1)[N+]([O-])=NC#N,"2,15"
7 703,CN(C)C1C=CC(=CC=1)[N+]([O-])=NC#N,"2,30"
7 704,CN(C)C(=O)SCCCCOC1C=CC=CC=1,"3,28"
7 705,CN1N=NN=C1SCC1CSC2C(NC(=O)C(NC(=O)N3CCN(CC)C(=O)C3=O)C3C=CC(O)=CC=3)C(=O)N2C=1C(O)=O,"-0,74"
7 706,CCN(CC1C(F)=CC=CC=1Cl)C1C(=CC(=CC=1[N+]([O-])=O)C(F)(F)F)[N+]([O-])=O,"5,45"
7 707,O=CNC1=CC=CC2C=CC=NC=21,"1,80"
7 708,CN1C(=CN=C1C=CC1C=CN=C(N)N=1)[N+]([O-])=O,"0,85"
7 709,C/C(/O)=N/C1=CC2NC3=CC=CC=C3C=2C=C1,"3,02"
7 710,CCCCCOC(=O)NC1C=CC=CC=1,"3,80"
7 711,CN(C)CCNC(=O)C1C=CC=CC=1,"1,10"
7 712,CC(=O)OC(C1C=CC(=CC=1)OC)C(Cl)(Cl)Cl,"3,72"
7 713,OC(C1=CC=CC=C1Cl)(C1C=NC=NC=1)C1C=CC(F)=CC=1,"3,18"
7 714,COC1=CC(OC)=C(C=C1Cl)NC1NCCN=1,"1,38"
7 715,CC1C=CC(NC2NCCN=2)=C(C=1)OC,"1,64"
7 716,BrC1=CC=C(C=C1)NC1NCCN=1,"1,75"
7 717,CC(C)C1=CC=CC(C(C)C)=C1NC1NCCN=1,"3,04"
7 718,CCCSC1OC(CO)C(O)C(O)C1O,"-1,18"
7 719,OCC1OC(SCCC2C=CC=CC=2)C(O)C(O)C1O,"-0,10"
7 720,CC(C)(C)NCC(O)COCC1C=CC=CC=1,"1,70"
7 721,CC(C)(C)NC(=O)NO,"0,50"
7 722,ClC1C=C(Cl)C=C(Cl)C=1OC1C=CC(Cl)=CC=1,"5,92"
7 723,O=C1CN=C(C2=CC=CC=C2Br)C2C=C(Cl)C=CC=2N1,"3,17"
7 724,CN1C=C(N=C1Cl)[N+]([O-])=O,"0,19"
7 725,ClC1C=CC(=CC=1)OC1=CC(Cl)=C(Cl)C=C1,"5,88"
7 726,ClC1C=C(Cl)C(Cl)=C(OC2C=CC(Cl)=CC=2)C=1Cl,"6,41"
7 727,NC1NC2C=C(C=CC=2N=1)C#N,"1,13"
7 728,CC(C)NCC(O)COC1=CC=C(CCOCC2CC2)C=C1,"2,81"
7 729,CC(C)COC(=O)C1C(C(C(=O)OC)C(C)=NC=1C)C1=CC=CC=C1[N+]([O-])=O,"3,26"
7 730,COC(=O)C(C)N(C1=CC(Cl)=C(F)C=C1)C(=O)C1C=CC=CC=1,"3,00"
7 731,CC1=CC=CC2=NC(CC)=CC(=O)N12,"1,59"
7 732,CC(C)OC(=O)C(C)N(C1=CC(Cl)=C(F)C=C1)C(=O)C1C=CC=CC=1,"3,69"
7 733,CCC1OC(CO1)COC1=CC=C(C=C1)OC1=CC=CC=C1,"4,35"
7 734,CN(C)C1N=CN=C2SC=CC=12,"1,82"
7 735,CCC(C)N1N=NC2=CC=CC=C12,"2,31"
7 736,CCCC(N)CC1C=CC=CC=1,"2,79"
7 737,CC12CCC3C(C)CCC4C(C)C(=O)OC(O1)C43OO2,"2,90"
7 738,CC(C)C1OC(=O)C2=CC=CC=C21,"2,10"
7 739,CC(=NOC(=O)N(C)SN(C)C(=O)OCC)SC,"1,90"
7 740,CC(=NOC(=O)N(C)SN(C)C(=O)OC(C)(C)C)SC,"2,80"
7 741,CC(=NOC(=O)N(C)SN(C)C(=O)OC)SC,"1,40"
7 742,CCCCNC(=O)N1C=C(F)C(=O)NC1=O,"1,44"
7 743,CCCCCCCC/N=C(\\O)/N1C=C(F)C(O)=NC1=O,"3,90"
7 744,OC1C=C(Cl)C(NC2=CC=CC=C2CC(O)=O)=C(Cl)C=1,"3,70"
7 745,CN(O)C1N=C(N=C(N=1)N(C)C)N(C)C,"1,61"
7 746,CN(CC)C1N=C(N=C(N=1)N(C)CC)N(C)CC,"3,90"
7 747,CN(CO)C1N=C(N=C(N=1)N(C)CO)N(C)CO,"0,40"
7 748,CC(C)=CCCC(C)=CCCC(CO)=CCCC(C)=CCO,"4,70"
7 749,CN1C=CC=C1C(N)=O,"0,45"
7 750,CC(C)N(C(=O)CSP(=S)(OC)OC)C1C=CC(Cl)=CC=1,"3,81"
7 751,N#CSO,"0,32"
7 752,CC(C)(C)C(=O)OCC(=O)C1(O)C(C)CC2C3CC(F)C4=CC(=O)C(Cl)=CC4(C)C3(Cl)C(O)CC12C,"4,73"
7 753,CC(C)=CC1C(C(=O)OCC2C=CC=CC=2)C1(C)C,"5,49"
7 754,CC1=CC(CC(O)=O)=CC=C1OCC1C=CC=CC=1,"3,37"
7 755,CN1C=C(C(=O)N2C(C)CCC=C12)C(=N)O,"0,12"
7 756,COC1C=CC=C(C=1C(=N)O)[N+]([O-])=O,"-0,26"
7 757,CC1=CC(=CC=C1)N(=O)=NC#N,"2,49"
7 758,CC(=O)OC(C)OC(=O)C1=C(COC(N)=O)CSC2C(NC(=O)C(=NOC)C3=CC=CO3)C(=O)N12,"0,89"
7 759,ClC1C=C(Cl)C2C3=C(C=C(Cl)C=C3Cl)OC=2C=1,"6,34"
7 760,ClC1(Cl)C(Cl)C2C(Cl)C(Cl)C1(CCl)C2(CCl)CCl,"5,74"
7 761,O=C(NC1C=CC(=CC=1)OC(F)(F)F)NC(=O)C1=CC=CC=C1Cl,"4,91"
7 762,CCCC1=CC(OC)=C(CC(C)N)C=C1OC,"3,37"
7 763,CCCCC1=CC(OC)=C(CC(C)N)C=C1OC,"4,00"
7 764,CCCCCC1=CC(OC)=C(CC(C)N)C=C1OC,"4,43"
7 765,NC(=O)COC(=O)C1C=CC=CC=1,"0,69"
7 766,CCNC(=O)COC(=O)C1C=CC=CC=1,"1,28"
7 767,CCN(CC)C(=O)COC(=O)C1C=CC=CC=1,"2,06"
7 768,C/N=C(\\O)/C1=CC2=CC=CC=C2O1,"1,85"
7 769,COC1C=C(C=O)C=CC=1OCCO,"0,58"
7 770,CCOC(=O)C=C1N=C(O)C(S1)N1CCCCC1,"2,34"
7 771,CC1=CC(=CC=C1N=NC(C#N)C#N)[N+]([O-])=O,"3,55"
7 772,CC1C=C(C(=CC=1)N=NC(C#N)C#N)[N+]([O-])=O,"2,50"
7 773,O=C1C=CC(C=C1)=NBr,"1,12"
7 774,O/C(=N\\C1=CC(Cl)=C(Cl)C=C1)/C(F)(F)F,"3,90"
7 775,CCCCOC1C(=CC(CCN)=CC=1OC)OC,"2,32"
7 776,COC1=CC(CC(C)N)=CC(OC)=C1Br,"2,44"
7 777,CCCCCCCCC1(CC)C(=O)NC(=O)NC1=O,"3,78"
7 778,CCCCCCCCCC1(CC)C(=O)NC(=O)NC1=O,"4,00"
7 779,CC1=CC(=CC(C)=C1Br)NC(C)=O,"3,28"
7 780,CCCC(=O)OCCOCN1C=NC2C(O)=NC(=N)NC1=2,"-0,08"
7 781,CN1C(=O)N=C(O)C(CC(=C)Br)(CC=C)C1=O,"1,78"
7 782,CC1N=C(N=C(NC(=O)NS(=O)(=O)C2C=CC=CC=2Cl)N=1)OC,"2,00"
7 783,CN1N=NN=C1SCC1COC2N(C=1C(O)=O)C(=O)C2(NC(=O)C(C1C=CC(O)=CC=1)C(O)=O)OC,"-0,58"
7 784,CC(C)(C)NCC(O)COC1C=CC=CC=1,"1,50"
7 785,COC1=CC=CC=C1/C(/O)=N/CCN(CC)CC,"1,98"
7 786,COC1C=C(N)C(=CC=1/C(/O)=N/CCN(CC)CC)C#N,"1,94"
7 787,NC1=NC(=NC(N)=N1)C1=CC(=CC=C1)SC(F)(F)F,"3,20"
7 788,CSC1C=C(C=CC=1)C1NC(=N)NC(=N)N=1,"2,16"
7 789,CS(=O)(=O)C1C=C(C=CC=1)C1NC(=N)NC(=N)N=1,"0,29"
7 790,COC1C=CC(Br)=CC=1C1NC(=N)NC(=N)N=1,"1,53"
7 791,ClC1=CC(OC2C=CC(Cl)=CC=2)=C(Cl)C=C1,"5,66"
7 792,ClC1C=CC(=CC=1)OC1C=CC(Cl)=C(Cl)C=1Cl,"6,14"
7 793,ClC1C=CC(OC2C(Cl)=C(Cl)C(Cl)=C(Cl)C=2Cl)=C(Cl)C=1Cl,"7,84"
7 794,O=C(NC12CC3CC(C1)CC(C2)C3)NP(=O)(N1CC1)N1CC1,"1,81"
7 795,CC(=O)NC(CC1C=CC=CC=1)C(=O)NC(C(C)C)C(N)=O,"0,43"
7 796,C/C(/O)=N/C(CC1C=CC=CC=1)/C(/O)=N/C/C(/O)=N/C(CC(C)C)C(=N)O,"0,60"
7 797,CC1=NON=C1/C(/O)=N/C,"0,56"
7 798,CC1=NON=C1NC(C)=O,"0,17"
7 799,CN1N=NN=C1SCC1CSC2C(NC(=O)C(=NOC)C3=CSC(N)=N3)C(=O)N2C=1C(=O)OCOC(=O)C(C)(C)C,"1,74"
7 800,O=C1CN=C(C2=CC=CC=C2Br)C2C=C(Br)C=CC=2N1,"3,30"
7 801,O=C1CN=C(C2C=C(Br)C=CC=2N1)C1=CC(Br)=CC=C1,"3,88"
7 802,O=C1CN=C(C2C=C(Br)C=CC=2N1)C1C=CC(Br)=CC=1,"4,04"
7 803,O=C1CN=C(C2C=C(Br)C=CC=2N1)C1=CC(Cl)=CC=C1,"3,63"
7 804,O=C1CN=C(C2C=C(Br)C=CC=2N1)C1C=CC(Cl)=CC=1,"3,78"
7 805,CN(C)C(=O)C1=CC(=CC=C1)OC1C=CC=CC=1,"2,57"
7 806,CC(C)/N=C(\\O)/C1=CC(=CC=C1)OC1C=C(C)C=CC=1C,"4,35"
7 807,CC1C=CC(C)=CC=1OC1C=C(C=CC=1)/C(/O)=N/C(C)(C)C,"4,78"
7 808,C/N=C(\\O)/C1=CC(=CC=C1)OC1C=C(C)C=CC=1C,"3,76"
7 809,CC(=O)N1CCN(CC1)C1C=CC(=CC=1)OCC1COC(CN2C=NC=C2)(O1)C1=CC=C(Cl)C=C1Cl,"4,35"
7 810,CC(C)C1=NN=C(N)O1,"0,20"
7 811,[O-][N+](=O)C1=CC=C(C=C1)OCCN1CCOCC1,"1,54"
7 812,CCC1(C(O)=NC(=O)N(C)C1=O)C1CCCCCC=1,"2,82"
7 813,CCCOC1=CC=CC=C1NC(=O)OCCN1CCOCC1,"2,78"
7 814,CCCCOC1=CC=CC=C1NC(=O)OCCN1CCOCC1,"3,25"
7 815,CCCCCOC1=CC=CC=C1NC(=O)OCCN1CCOCC1,"3,70"
7 816,CCCCCCOC1=CC=CC=C1NC(=O)OCCN1CCOCC1,"4,24"
7 817,CCCCCCCOC1=CC=CC=C1NC(=O)OCCN1CCOCC1,"4,51"
7 818,CCCOC1=CC=CC(=C1)NC(=O)OCCN1CCOCC1,"3,04"
7 819,CCCCOC1=CC=CC(=C1)NC(=O)OCCN1CCOCC1,"3,62"
7 820,CCCCCOC1=CC=CC(=C1)NC(=O)OCCN1CCOCC1,"4,13"
7 821,CCCCCCOC1=CC=CC(=C1)NC(=O)OCCN1CCOCC1,"4,73"
7 822,CCCCCCCOC1=CC=CC(=C1)NC(=O)OCCN1CCOCC1,"5,28"
7 823,CCCOC1=CC=C(C=C1)NC(=O)OCCN1CCOCC1,"2,78"
7 824,CCCCOC1=CC=C(C=C1)NC(=O)OCCN1CCOCC1,"3,35"
7 825,CCCCCCOC1=CC=C(C=C1)NC(=O)OCCN1CCOCC1,"4,51"
7 826,CCCCCCCOC1=CC=C(C=C1)NC(=O)OCCN1CCOCC1,"4,96"
7 827,CCCCCCCCOC1=CC=C(C=C1)NC(=O)OCCN1CCOCC1,"4,80"
7 828,COC1CC2=C(C=C(O)C=C2O)OC1C1=CC=C(O)C(O)=C1,"1,00"
7 829,C/C(/O)=N/C(CC1C=CC(O)=CC=1)/C(/O)=N/C(CC(C)C)C(=N)O,"0,32"
7 830,CCCCCOC1=CC=C(C=C1)NC(=O)OCCN1CCOCC1,"3,96"
7 831,CC1CN(CC(C)C1)N=O,"1,53"
7 832,CCC1=CC=C(C=C1)NC(=O)CN1CCCCC1,"3,52"
7 833,COC(=O)NC1C=C(C=CC=1)C#N,"1,77"
7 834,CC1(C)OC2(C(CC3C4CC(F)C5=CC(=O)C(Cl)=CC5(C)C4(F)C(O)CC23C)O1)C(=O)CO,"2,99"
7 835,CC1C(=S)SSC=1C1=CC=C(C=C1)OC,"4,10"
7 836,ClC1=CC(Cl)=C(C=C1)C1C=CC(Cl)=C(Cl)C=1Cl,"6,61"
7 837,CC1=NO[N+]([O-])=C1Cl,"0,90"
7 838,CN(CC1C=CC(Cl)=CC=1)N=NC1C=CC(=CC=1)C(O)=O,"4,85"
7 839,CN(CC1C=CC(=CC=1)[N+]([O-])=O)N=NC1C=CC(=CC=1)C(O)=O,"4,03"
7 840,CN(CC1C=CC(=CC=1)C#N)N=NC1C=CC(=CC=1)C(O)=O,"3,60"
7 841,CC1C=CC(CN(C)N=NC2C=CC(=CC=2)C(O)=O)=CC=1,"4,75"
7 842,COC1C=CC(CN(C)N=NC2C=CC(=CC=2)C(O)=O)=CC=1,"4,43"
7 843,CC(O)=NC1C=CC(CN(C)N=NC2C=CC(=CC=2)C(O)=O)=CC=1,"3,35"
7 844,CN(CC1C=CC=CC=1)N=NC1C=CC(=CC=1)C#N,"3,82"
7 845,CCCCNC1=CC=CC=C1OC,"2,85"
7 846,CCOC1C=C(C=CC=1)/N=C(\\O)/CN1CCCCC1,"3,17"
7 847,CN(CC1C=CC=CC=1)N=NC1C=CC(=CC=1)C(O)=O,"4,04"
7 848,OCCCCCC(F)(F)F,"1,64"
7 849,CCN(CC)C(=O)COC(=O)C1=CC=CC=C1O,"1,99"
7 850,COC1C=CC(CC2=CN=C(N)N=C2N)=C(N=1)OC,"2,01"
7 851,NC1=NC(=O)N(C=N1)C1OC(CO)C(O)C1O,"-2,17"
7 852,[O-][N+](=O)C1=CN=C(Br)N1,"0,71"
7 853,COC(=O)N(C)SN(C)C(=O)OC1=CC=CC2CC(C)(C)OC1=2,"3,00"
7 854,CCOC(=O)N(C)SN(C)C(=O)OC1=CC=CC2CC(C)(C)OC1=2,"3,50"
7 855,CCCCOC(=O)N(C)SN(C)C(=O)OC1=CC=CC2CC(C)(C)OC1=2,"4,70"
7 856,CC1C=C(Br)C=C(C)C=1NC1NCCN=1,"2,80"
7 857,COC1=CC(Cl)=C(NC2NCCN=2)C(Cl)=C1,"1,60"
7 858,ClC1=CC=CC(Br)=C1NC1NCCN=1,"1,73"
7 859,[O-][N+](=O)C1=CC(Cl)=C(NC2NCCN=2)C(Cl)=C1,"2,10"
7 860,CCC(=O)OC1(CCC2C3CCC4=CC(=O)CCC4(C)C3C(O)CC12C)C(=O)CO,"2,70"
7 861,CCOCC(O)CN1C=CN=C1[N+]([O-])=O,"0,04"
7 862,NC1CCN(N=1)C1C=C(C=CC=1)C(F)(F)F,"2,56"
7 863,O=C(NC1C=CC=CC=1)N(CC1C=CC(Cl)=CC=1)C1CCCC1,"4,82"
7 864,N=C(O)C1C(Cl)=CC=CC=1Br,"1,00"
7 865,NC(=O)C1=C(F)C=CC=C1Cl,"0,49"
7 866,CC1=NN=C(O1)C1=CC=CC=N1,"0,46"
7 867,CC(C)OC(=O)C1C(C(C(=O)OCCOC)=C(C)N=C1C)C1=CC(=CC=C1)[N+]([O-])=O,"3,05"
7 868,CC(=O)N(CCO)C1C(I)=C(C(I)=C(C=1I)/C(/O)=N/CC(O)CO)/C(/O)=N/CC(O)CO,"-2,47"
7 869,CC(=O)N(CC(O)CO)C1C(I)=C(C(I)=C(C=1I)C(=O)NCC(O)CO)C(=O)NCC(O)CO,"-3,05"
7 870,CNC(=O)NC1C(OCCN2CCCC2)=C(OC)C2OC=CC=2C=1OC,"1,38"
7 871,CCCCCCCCCCCC(=O)N1CCCC1=O,"5,05"
7 872,CO/C(/O)=N/C1=NCC(C2C=CC=CC=2)N1C,"1,57"
7 873,CN1C(CN=C1/N=C(\\O)/OC)C1=CC=CC=C1F,"1,53"
7 874,CN1C(CN=C1/N=C(\\O)/OC)C1=CC=CC=C1Cl,"2,08"
7 875,CO/C(/O)=N/C1=NCC(C2C=CC(Cl)=CC=2)N1C,"2,17"
7 876,CCO/C(/O)=N/C1=NCC(C2=CC=CC(C)=C2C)N1C,"2,57"
7 877,[N-]=[N+]=NC1CC(OC1CO)N1C=NC2=C(N)N=CN=C12,"0,35"
7 878,[N-]=[N+]=NC1CC(OC1CO)N1C=NC2=C1NC(=N)N=C2O,"-0,33"
7 879,CC(C)OC1=CC(=CC=C1)NC(=O)C1C=CC=CC=1C(F)(F)F,"3,70"
7 880,NC(=O)C1C=CC(Cl)=NN=1,"0,00"
7 881,C/N=C(\\C[N+]([O-])=O)/NCCSCC1=CC=C(CN(C)C)O1,"0,27"
7 882,CC(=NOC(=O)N(C)SN(C)C(=O)OCCCCCC)SC,"4,20"
7 883,CN(SN(CCCC)C(=O)OCCCC)C(=O)ON=C(C)SC,"4,20"
7 884,CN(SN(CCCC)C(=O)OC)C(=O)ON=C(C)SC,"2,50"
7 885,OC=NC=CC1C=CC=CC=1,"1,95"
7 886,CC(=O)OC1C=CC(C=CN=CO)=CC=1,"1,32"
7 887,CC(=NOC(=O)N(C)SN(C)C(=O)C1CC1)SC,"1,70"
7 888,C1CCCC1N1N=NC2=CC=CC=C12,"2,61"
7 889,C1CCCCC1N1N=C2C=CC=CC2=N1,"3,63"
7 890,N#CC1C=CC(C=CN=CO)=CC=1,"1,62"
7 891,CN(C)N=NC1C=CC(=CC=1)NC(=N)O,"1,25"
7 892,CCCCCCCCN(C)N=NC1C=CC(=CC=1)C(N)=O,"4,70"
7 893,C1CCCC1N1N=C2C=CC=CC2=N1,"3,04"
7 894,C1CCCCC1N1N=NC2=CC=CC=C12,"3,11"
7 895,CCCC(=O)OCN1C=C(F)C(=O)NC1=O,"0,47"
7 896,CC1=CC=CC=C1C(=O)C1=CC=C2C(CCN21)C(O)=O,"2,90"
7 897,OC(=O)C1CCN2C(=CC=C21)C(=O)C1C=CC(F)=CC=1,"2,90"
7 898,COC1C=C(C=C(C=1OC)C(=O)NCC1CCCN1CC=C)S(N)(=O)=O,"1,47"
7 899,CC1C=CC=C(C)C=1/N=C(\\O)/CCN,"0,62"
7 900,N#CC(C#N)N=NC1C=CC(=CC=1)N=NC1C=CC=CC=1,"4,25"
7 901,CC(C)OCCOCC1C=CC(=CC=1)OCC(O)CNC(C)C,"1,87"
7 902,ClC1C=C(C=CC=1Cl)OC1=CC(Cl)=CC=C1,"5,74"
7 903,C1CC2C(CCC3=CNN=C32)C2=NNC=C21,"0,30"
7 904,CC(C)=CCC1(C)C(=O)NC(=O)NC1=O,"1,17"
7 905,CC1=CC(=CC=C1)OC(=O)C/N=C(\\O)/C1C=CC=CC=1,"2,72"
7 906,CN(C)N=NC1=CC=CC=C1I,"3,50"
7 907,CN(C)N=NC1=CC=CC=C1CO,"1,73"
7 908,CN(CC=C)N=NC1C=CC(=CC=1)C(N)=O,"2,09"
7 909,CON(C)N=NC1C=CC(=CC=1)C(N)=O,"1,19"
7 910,COC1C=CC(=CC=1N=NN(C)C)C(=N)O,"0,44"
7 911,CNC(=O)C1=CC=CC=C1N=NN(C)C,"1,83"
7 912,CN(C)N=NC1=CC=CC=C1C(=O)NCC#N,"1,79"
7 913,CN(C)N=NC1=CC=CC=C1C(=O)NCC(N)=O,"1,18"
7 914,CN(C)N=NC1=CC=CC=C1C(=O)NC#N,"0,80"
7 915,CC1C=CC(=CC=1)N=NN(C)C(C)=O,"3,23"
7 916,CN(C)N=NC1=CC=CC=C1C(=O)NN,"1,28"
7 917,CN(CC#C)N=NC1N=CN=C1C(N)=O,"0,33"
7 918,CCN(CCC/N=C(\\O)/C1C=CC=CC=1)CC,"1,56"
7 919,OC1=NC(=O)N(C=C1F)C(=O)OC1C=CC=CC=1,"0,64"
7 920,OC1=NC(=O)N(C=C1F)C(=O)OCC1C=CC=CC=1,"1,18"
7 921,CCCCCCOC(=O)N1C=C(F)C(O)=NC1=O,"2,04"
7 922,COCC1=CC=C(C=C1)C(O)=O,"1,76"
7 923,CC1C=CC=C(C)C=1N(CCCN1CCCCC1)C(=O)CC1C=CC=CC=1,"5,28"
7 924,CC(C)=CCC1(C(C)C)C(=O)NC(=O)NC1=O,"2,23"
7 925,N#CC(=CC1=CC=CO1)[N+]([O-])=O,"1,05"
7 926,CC1C=CC=C(C)C=1N(CN1C=CC=N1)C(=O)CCl,"2,13"
7 927,OC1=CC2C(CNCCC=2C(Cl)=C1O)C1C=CC(O)=CC=1,"2,39"
7 928,CCCC(C)N1N=NC2=CC=CC=C12,"2,95"
7 929,CCCCC(N)CC1C=CC=CC=1,"3,36"
7 930,CC(C)(C)C(N)CC1C=CC=CC=1,"2,91"
7 931,CC(C)CC(N)CC1C=CC=CC=1,"3,29"
7 932,ClC1=CC(Cl)=CC2OC3C(=CC=C(Cl)C=3Cl)OC1=2,"6,43"
7 933,[O-][N+](=O)C1=CC=C(C=CBr)O1,"2,45"
7 934,CCOP(N)(=O)ON=C(C#N)C1=CC=CC=C1,"0,72"
7 935,CCOP(=O)(NC)ON=C(C#N)C1=CC=C(Cl)C=C1,"2,50"
7 936,COC1=CC(CC(C)N)=C(C=C1[N+]([O-])=O)OC,"1,74"
7 937,ClC1C=C2C(OC3=C2C=C(Cl)C=C3Cl)=C(Cl)C=1Cl,"6,59"
7 938,CC1(C)CNC(NC1)=NN=C(C=CC1C=CC(=CC=1)C(F)(F)F)C=CC1C=CC(=CC=1)C(F)(F)F,"2,31"
7 939,ClC1=CC2C3=C(OC=2C=C1)C(Cl)=C(Cl)C(Cl)=C3Cl,"6,79"
7 940,CC(C)(C)N(NC(=O)C1C=CC=CC=1)C(=O)C1C=CC(=CC=1)[N+]([O-])=O,"2,63"
7 941,ClC1=CC2=C(OC3C2=C(Cl)C(Cl)=C(Cl)C=3Cl)C(Cl)=C1Cl,"7,92"
7 942,ClC1=C(Br)C=CC=C1NC1NCCN=1,"1,82"
7 943,CC(CC1C=CC(=CC=1)C(C)(C)C)CN1CC(C)OC(C)C1,"4,93"
7 944,NC1C=CC2N=C3C=CC=CN3C=2N=1,"1,38"
7 945,CC1=CC=CN2C1=NC1C=CC(N)=NC2=1,"1,75"
7 946,BrC1=CC2=C(C=C1Br)OC1C=C(Br)C(Br)=CC2=1,"6,10"
7 947,CCCN(CCOC1C(Cl)=CC(Cl)=CC=1Cl)C(=O)N1C=CN=C1,"4,10"
7 948,CC(=O)OCC1OC(C(OC(C)=O)C(OC(C)=O)C1OC(C)=O)N1C=CN=C1[N+]([O-])=O,"0,52"
7 949,CC1CN(CC(C)N1)N=O,"0,73"
7 950,CCC1=CC=CC=C1C(N)=O,"1,17"
7 951,ClC1CC2CC1CC2,"3,35"
7 952,CC1=CN=CC(=N1)OCCC,"2,29"
7 953,COCCN(CCOC)N=O,"-0,38"
7 954,CCOCCN(CCOCC)N=O,"0,79"
7 955,BrC1C=C(C2C=C(Br)C=CC=2Br)C(Br)=CC=1Br,"7,10"
7 956,ClC1=CC2=C(C=C1)C(Cl)=C(Cl)C(Cl)=C2Cl,"7,00"
7 957,C1COCCOCCOC2=CC=CC=C2OCCOCCOCCO1,"0,57"
7 958,CC1C=C2C(NC3C=CC=CC=32)=NC=1N,"2,90"
7 959,COC1N=CNC=1[N+]([O-])=O,"0,13"
7 960,CC1(C)C(C1C=C(Cl)C(F)(F)F)C(=O)OC(C#N)C1C=C(C=CC=1)OC1C=CC=CC=1,"6,80"
7 961,CC(=O)OCCN(CCC#N)C1C=CC(=CC=1)N=NC1=NC2=CC=C(C=C2S1)[N+]([O-])=O,"4,08"
7 962,O=C(NC1=CC(Cl)=NC=C1)NC1C=CC=CC=1,"3,20"
7 963,CC(=O)OC(COC(C)=O)CN1C=CN=C1[N+]([O-])=O,"-0,05"
7 964,CCS(=O)(=O)CCN1C=CN=C1[N+]([O-])=O,"-0,58"
7 965,CC=COCC(O)CN1C=CN=C1[N+]([O-])=O,"0,28"
7 966,COC(=O)C(=CC1=CC=C(O1)[N+]([O-])=O)[N+]([O-])=O,"1,60"
7 967,COC(=O)C(=CC1=CC=C(Br)O1)[N+]([O-])=O,"2,74"
7 968,ClC1C=C(Cl)C=C(Cl)C=1C1=C(Cl)C(Cl)=CC=C1Cl,"6,75"
7 969,CC(C)N(CCC(CCN1CCCCC1)(C(N)=O)C1=CC=CC=C1Cl)C(C)C,"4,78"
7 970,C/C(/O)=N/C1=NN=C(S1)S(=O)(=O)NC,"0,49"
7 971,CC12CCC(CC1CCC1C2CC(O)C2(C)C(CCC21O)C1COC(=O)C=1)OC1CC(O)C(OC2CC(O)C(OC3CC(OC(=O)C4OC(O)CC(O)C4O)C(O)C(C)O3)C(C)O2)C(C)O1,"-1,77"
7 972,CC1C=CC(CCOC2C=CC(=CC=2)NC(=O)N(C)OC)=CC=1,"3,81"
7 973,CC1(C)C(C1C=C(Cl)Cl)C(=O)OC(C#N)C1C=C(OC2C=CC=CC=2)C(F)=CC=1,"5,95"
7 974,O=C1NC(=O)C2(CCOC3C=CC(F)=CC2=3)N1,"0,78"
7 975,CCS(=O)(=O)OC1C=CC2OCC(C)(C)C=2C=1,"2,41"
7 976,CCCN1CCCC1C/N=C(\\O)/C1C=C(C=CC=1OC)S(N)(=O)=O,"2,16"
7 977,CC(=O)NC(=O)COC(=O)C1C=CC=CC=1,"1,24"
7 978,CN(SN(CCCC)C(=O)OC)C(=O)OC1=CC=CC2CC(C)(C)OC=21,"4,60"
7 979,CC(=O)C1(O)CC2C(C(C1)OC1CC(NC(=O)CN(C)C)C(O)C(C)O1)=C(O)C1=C(C(=O)C3=CC=CC(OC)=C3C1=O)C=2O,"1,26"
7 980,CCCOCC(=NC1C=CC(Cl)=CC=1C(F)(F)F)N1C=NC=C1,"1,40"
7 981,N#CC1=CN=NC=C1,"-0,63"
7 982,CC(=O)N(C)SN(C)C(=O)OC1=CC=CC2CC(C)(C)OC1=2,"2,70"
7 983,CC(=O)NC1=CC(=C(C=C1N=NC1C(Br)=CC(=CC=1[N+]([O-])=O)[N+]([O-])=O)OC)N(CC=C)CCC#N,"5,40"
7 984,COC1=CC(CC2C=NC(=N)NC2=N)=CC=C1SC,"1,92"
7 985,COC1=CC(CC2=CN=C(N)N=C2N)=CC(OC)=C1SC,"1,54"
7 986,ClC1C=C(Cl)C=CC=1OC1=CC=CC=C1Cl,"4,96"
7 987,OC1CC(N=1)SC1C=CC(Cl)=CC=1,"2,31"
7 988,OC1C=CC(NC2C(Cl)=CC=CC=2Cl)=C(CC(O)=O)C=1,"3,94"
7 989,CN/C(/NCCSCC1=CSC(=N1)N=C(N)N)=N\\C#N,"0,68"
7 990,CCN1C2=C(CCC)C3OC(=CC(=O)C=3C=C2C(=O)C=C1C(O)=O)C(O)=O,"2,22"
7 991,CC(C)(C)C(O)C(CC(=O)C(C)(C)C)N1C=NC=N1,"1,95"
7 992,CC(C)OC1=CC=CC=C1OC(=O)N(C)C,"2,06"
7 993,CON=CCCC1C=CC=CC=1,"2,14"
7 994,NNC(=O)NC1=CC=C(Cl)C=C1,"0,87"
7 995,CCCCCN1N=NC2=CC=CC=C12,"3,22"
7 996,CC(C)N1N=NC2=CC=CC=C12,"1,98"
7 997,CCCCC(C)N1N=NC2=CC=CC=C12,"3,44"
7 998,OCCCN1N=NC2=CC=CC=C12,"0,91"
7 999,OCCCCN1N=NC2=CC=CC=C12,"1,03"
8 000,OCCCCCN1N=NC2=CC=CC=C12,"1,51"
8 001,OCCCCCCN1N=NC2=CC=CC=C12,"1,71"
8 002,OC(=O)CCCCN1N=NC2=CC=CC=C12,"0,48"
8 003,OC(=O)CCCCCN1N=NC2=CC=CC=C12,"0,86"
8 004,OC(=O)CCCCN1N=C2C=CC=CC2=N1,"0,94"
8 005,CCOC(=O)CN1N=NC2=CC=CC=C12,"1,30"
8 006,CCOC(=O)CCN1N=NC2=CC=CC=C12,"1,60"
8 007,CCOC(=O)CCCN1N=NC2=CC=CC=C12,"1,86"
8 008,CCOC(=O)CCCCN1N=NC2=CC=CC=C12,"2,20"
8 009,CCOC(=O)CCCCCN1N=NC2=CC=CC=C12,"2,68"
8 010,CCOC(=O)CN1N=C2C=CC=CC2=N1,"1,85"
8 011,CCOC(=O)CCN1N=C2C=CC=CC2=N1,"2,12"
8 012,NC(=O)CN1N=NC2=CC=CC=C12,"-0,10"
8 013,NC(=O)CCN1N=NC2=CC=CC=C12,"0,27"
8 014,N=C(O)CCCN1N=NC2=CC=CC=C12,"0,37"
8 015,N=C(O)CCCCN1N=NC2=CC=CC=C12,"0,58"
8 016,N=C(O)CCCCCN1N=NC2=CC=CC=C12,"0,79"
8 017,CC(C)N1C(=O)N(CSC1=NC(C)(C)C)C1C=CC=CC=1,"4,30"
8 018,CC(OC1C=CC(=CC=1)OC1C=CC(=CN=1)C(F)(F)F)C(O)=O,"3,18"
8 019,C1C2CC3CC1(CC(C2)C3)N1C=NC=C1,"2,90"
8 020,CNC(=O)CCC1=CNC2=CC=CC=C12,"1,23"
8 021,CC(CC)C(NCC1C=CC=CC=1)C(O)=O,"-0,27"
8 022,CC1=CC(NC(C)=O)=C(C)C=C1O,"0,60"
8 023,C/C(/O)=N/C1=CC(C)=C(O)C(C)=C1C,"0,82"
8 024,CCOC(=O)C(=CC1=CC=C(O1)[N+]([O-])=O)C(=O)OCC,"2,50"
8 025,CCC(C)C1(CC(=C)Br)C(O)=NC(=O)N(C)C1=O,"2,43"
8 026,N#CC(=CC1=CC=C(I)O1)C#N,"2,42"
8 027,CC(=C)C1C(=CC(CC2C=NC(=N)NC2=N)=CC=1OC)OCC,"2,65"
8 028,CN1CC(O)C(O)C(O)C1CO,"-2,40"
8 029,CC1CC(=O)N=NC1C1C=CC(=CC=1)NC(=O)C(C)Cl,"1,40"
8 030,OCC1CCC(O1)N1C=NC2C(=O)NC=NC1=2,"-1,24"
8 031,ClC1C=C(Cl)C2OC3=C(C=C(Cl)C=C3Cl)C=2C=1Cl,"6,34"
8 032,CCCC1=NN=C(N)O1,"0,23"
8 033,CC(C)CC1=NN=C(N)O1,"0,40"
8 034,CC(CC)C1N=NC(=N)O1,"0,62"
8 035,CC(C)(C)C1=NN=C(N)O1,"0,48"
8 036,CCCCCC1=NN=C(N)O1,"1,10"
8 037,CCCCCCC1=NN=C(N)O1,"1,43"
8 038,ClC1C=CC(C2C=C(Cl)C(Cl)=C(Cl)C=2)=C(Cl)C=1Cl,"7,60"
8 039,COC(=O)C(C)OC1C=CC(=CC=1)OC1=NC=C(C=C1Cl)C(F)(F)F,"4,07"
8 040,CCCCOC(=O)C(C)OC1C=CC(=CC=1)OC1=CC=C(C=N1)C(F)(F)F,"4,50"
8 041,C/N=C(\\O)/C1=CC2=CC=CC=C2N1,"1,90"
8 042,CCNC(=O)C1=CC2=CC=CC=C2N1,"2,32"
8 043,CC(C)C1=CC=C(C=C1)C1CN=C(N1)/N=C(\\O)/OC,"2,60"
8 044,CO/C(/O)=N/C1NC(CN=1)C1C=CC=C(F)C=1,"1,41"
8 045,CO/C(/O)=N/C1NC(CN=1)C1=CC=CC=C1Br,"1,85"
8 046,CO/C(/O)=N/C1NC(CN=1)C1C=CC=C(Br)C=1,"2,09"
8 047,CON(C)C(=O)NC1C=CC(=CC=1)OCCC1C=CC=CC=1,"4,50"
8 048,NC1C=CC(CC2C=NC(=N)NC2=N)=CC=1,"0,22"
8 049,CN(C)C1C=CC(CC2C=NC(=N)NC2=N)=CC=1,"1,82"
8 050,N=C1NC(=N)N=CC1CC1C=CC=C(Cl)C=1,"2,29"
8 051,CCN(CC)P(=O)(N(CC)CC)N1CCCC1,"2,39"
8 052,O=C1C2CCCC=2N=C2C=CC=CN21,"1,19"
8 053,CC1=CN2C(=O)C3CCCC=3N=C2C=C1,"1,63"
8 054,CCCOC1=CN=CC=N1,"1,84"
8 055,CC(C)C(C(=O)OC(C#N)C1=CC=CC(=C1)OC1=CC=CC=C1)C1=CC=C(C=C1)OC(F)F,"6,20"
8 056,[O-][N+](=O)C1=NC=CN1CC(O)CN1CCCCC1,"1,00"
8 057,OC(=O)CC1=CC=CC=C1NC1=CC=CC(Cl)=C1Cl,"4,86"
8 058,OC(=O)CC1=CC=CC=C1NC1C=CC=CC=1,"3,49"
8 059,CCCCOC(NC(=O)C1=CC=CC=C1O)C(Cl)(Cl)Cl,"4,45"
8 060,CC(CC)C(O)N=N,"-0,33"
8 061,CC1=CC=CC=C1N1C(=O)CCC1=O,"0,29"
8 062,CN1C(C(=O)NC2=CC=CC=N2)C(=O)C2SC(Cl)=CC=2S1(=O)=O,"2,62"
8 063,CCC1C(=O)N2C(C=CC=C2C)=NC=1C,"1,86"
8 064,CC1N=C2CCCC(C)N2C(=O)C=1CC,"1,43"
8 065,CC1N=C2C=CC=CN2C(=O)C=1CCC,"1,75"
8 066,CCC1N=C2C=CC=C(C)N2C(=O)C=1C,"1,87"
8 067,CC1=CC=CC2=NC(CCC)=C(CC)C(=O)N12,"2,37"
8 068,CN1CCN(CC1)C1=CC2=C(C=C1F)C(=O)C(=CN2CC)C(O)=O,"0,27"
8 069,CCN1C=C(C(O)=O)C(=O)C2=CC(F)=C(C=C12)N1CCNCC1,"-1,03"
8 070,CN(OC)C(=O)NC1C=C(C=CC=1)C(C)(C)C,"3,21"
8 071,CC1C(N=NC2=CC=C(Cl)C=C2[N+]([O-])=O)C(=O)N(CC)C(=O)C=1C#N,"3,40"
8 072,CC(=O)C1=CC(=CC=C1)N1C(N)=NC(N)=NC1(C)C,"-0,22"
8 073,CCCCOC1C=C(C=CC=1)N1C(=N)NC(=N)NC1(C)C,"2,03"
8 074,ClC1C=C(Cl)C2=C(OC3C2=C(Cl)C=CC=3Cl)C=1Cl,"6,34"
8 075,ClC1C=C(Cl)C2=C(OC3C=C(Cl)C=CC=32)C=1Cl,"6,23"
8 076,ClC1C=CC(Cl)=C2C=1OC1C2=C(Cl)C=CC=1Cl,"5,60"
8 077,ClC1C=C(Cl)C2OC3=C(C=2C=1Cl)C(Cl)=CC=C3Cl,"6,59"
8 078,CC(C)N(C(C)C)C(=O)C1=CC=CC=C1Cl,"3,00"
8 079,CC1NS(=O)(=O)C2C=CC=NC=2N=1,"-0,25"
8 080,CN(C)CCC(C1C=CC=CC=1)C1C=CC(=CC=1)C(C)(C)C,"5,10"
8 081,CN(C)CCCC(C1C=CC=CC=1)C1C=CC(=CC=1)C(C)(C)C,"5,72"
8 082,CN(C)CCN(CC1C=CC(=CC=1)C(C)(C)C)C1C=CC=CC=1,"5,34"
8 083,CN(C)C(=O)NC1=CC(=CC=C1)OCCC1C=CC=CC=1,"3,39"
8 084,ClC1C=C(Cl)C2C3=C(C=CC(Cl)=C3Cl)OC=2C=1Cl,"6,51"
8 085,NC(CC12CC3CC(C1)CC(C2)C3)C(O)=O,"0,43"
8 086,N#CC1=CC(=CN=C1Cl)C1C=CN=CC=1,"1,74"
8 087,COC1=NC=C(C=C1C#N)C1C=CN=CC=1,"2,02"
8 088,COC(=O)CN1C=NC(=N1)[N+]([O-])=O,"-0,38"
8 089,CC(C)OCC(O)CN1C=CN=C1[N+]([O-])=O,"0,51"
8 090,COCCN1C=CN=C1[N+]([O-])=O,"0,12"
8 091,[O-][N+](=O)C1=NC=CN1CCCOC1C=CC=CC=1,"2,38"
8 092,CC(=O)CN1C=CN=C1[N+]([O-])=O,"-0,34"
8 093,CCOCCN1C=CN=C1[N+]([O-])=O,"0,53"
8 094,[O-][N+](=O)C1=NC=CN1CCOC1C=CC=CC=1,"1,89"
8 095,CC1=NC(=CN1CC(O)COC)[N+]([O-])=O,"-0,36"
8 096,CS(=O)(=O)CCN1C=CN=C1[N+]([O-])=O,"-1,30"
8 097,[O-][N+](=O)C1=NC=CN1CCS(=O)(=O)C1C=CC=CC=1,"0,52"
8 098,CN=C(O)ON=CC1=CC=C(Cl)C=C1,"2,27"
8 099,CC1=CN=C(NC(=O)C2C(=O)C3=CC=CC=C3S(=O)(=O)N2C)S1,"3,43"
8 100,CCSC1C(=CC(CC2C=NC(=N)NC2=N)=CC=1OC)OC,"1,79"
8 101,COC1=CC(CC2C=NC(=N)NC2=N)=CC(OC)=C1N1C=CC=C1,"1,78"
8 102,NC1C=CN(C2CC(CO)C(O)C2O)C(=O)N=1,"-2,41"
8 103,CCN1N=NN(CCN2CCC(COC)(CC2)N(C2C=CC=CC=2)C(=O)CC)C1=O,"2,16"
8 104,CCS(=O)(=O)C1=CC(OC)=C(OC)C(=C1)OC,"1,05"
8 105,COC1C=C(C=C(OC)C=1OC)S(=O)(=O)CCC(C)C,"2,12"
8 106,CCCS(=O)(=O)C1=CC(OC)=C(OC)C(=C1)OC,"1,56"
8 107,COC1C=C(C=C(OC)C=1OC)S(=O)(=O)CC(O)C1C=CC=CC=1,"1,65"
8 108,CCCCN(C)CCS(=O)(=O)C1=CC(OC)=C(OC)C(=C1)OC,"2,05"
8 109,COC1C=C(C=C(OC)C=1OC)S(=O)(=O)CCN(CCCC)CCCC,"3,55"
8 110,COC1C=CC(Br)=CC=1/C(/O)=N/CCN(CC)CC,"3,20"
8 111,CCN(CC/N=C(\\O)/C1C=C(Cl)C=C(Cl)C=1)CC,"3,77"
8 112,CCOC(=O)C(C)OC1C=CC(=CC=1)OC1=NC2C=CC(Cl)=CC=2O1,"4,58"
8 113,COC1C=C2CCC(NC(=O)C(F)(F)F)C3=CC(=O)C(=O)CC=C3C2=C(OC)C=1OC,"1,82"
8 114,C/C(/O)=N/C(/O)=N/CC,"-0,01"
8 115,C[N+](C)(C)CC1=CC(=CC=C1)[N+]([O-])=O,"-2,66"
8 116,C[N+](C)(C)CC1=CC(=CC=C1)C(N)=O,"-2,80"
8 117,C[N+](C)(C)CC1C=CC=C(N)C=1,"-2,50"
8 118,C[N+](C)(C)CC1C=CC=C(O)C=1,"-2,40"
8 119,C[N+](C)(C)CC1=CC(=CC=C1)C(F)(F)F,"-1,35"
8 120,COC1=C(C=C2CCC(NC(=O)C(F)(F)F)C3C=C(OC)C(=O)C=CC=3C2=C1OC)OC,"2,08"
8 121,CC1C=CC(CC2=CN=C(NC2=O)NCCCCC2N=CC=CC=2OC)=CN=1,"2,58"
8 122,COC1C=CC(=CC=1Cl)C(=O)CCCC(O)=O,"2,17"
8 123,CC1=CC(=CC=C1)O[Si]12OCCN(CCO1)CCO2,"0,15"
8 124,CNC1C=CC(=CC=1)S(=O)(=O)N(C)C,"1,43"
8 125,O=C(NC1C=C(Cl)C(OC2=NC=C(C=C2Cl)C(F)(F)F)=C(Cl)C=1)NC(=O)C1C(F)=CC=CC=1F,"5,80"
8 126,COC1=CC(CC2C=NC(=N)NC2=N)=CC(O)=C1O,"-0,31"
8 127,CCCCCCN1CC(CC1=O)C(=O)OC,"2,30"
8 128,CC1=NN(C)C(OCC(=O)C2C=CC=CC=2)=C1C(=O)C1C=CC(Cl)=CC=1Cl,"3,69"
8 129,ClC1C=CC(OC2C=C(Cl)C(Cl)=CC=2Cl)=C(Cl)C=1Cl,"7,01"
8 130,ClC1=CC(Cl)=C(C=C1)OC1C=CC(Cl)=C(Cl)C=1Cl,"6,28"
8 131,ClC1C=C(Cl)C=CC=1OC1C=C(Cl)C(Cl)=C(Cl)C=1Cl,"6,72"
8 132,ClC1C=CC(OC2C=CC(Cl)=C(Cl)C=2Cl)=C(Cl)C=1Cl,"6,82"
8 133,ClC1C=CC(OC2C=C(Cl)C(Cl)=C(Cl)C=2Cl)=C(Cl)C=1Cl,"7,28"
8 134,CC1C=CC=C(C)C=1N(C(C)C(=O)OC)C(=O)CC1C=CC=CC=1,"3,40"
8 135,ClC1C=CC=C2OC3C=C(Cl)C(Cl)=C(Cl)C=3OC=12,"6,39"
8 136,COC1=CC(N)=C(C=C1C(=O)NCC1CCCN1CC)S(=O)(=O)CC,"1,10"
8 137,COC(=O)N1C=C(F)C(O)=NC1=O,"-0,68"
8 138,CC(C)COC(=O)N1C=C(F)C(O)=NC1=O,"0,87"
8 139,CN(C)CCN1N=NN=C1SCC1CSC2C(NC(=O)CC3=CSC(N)=N3)C(=O)N2C=1C(=O)OCOC(=O)C(C)(C)C,"1,57"
8 140,ClC1C=C(Cl)C(=CC=1Cl)OC1=CC(Cl)=C(Cl)C=C1Cl,"6,72"
8 141,NC(=O)CCCC1C=CN=CC=1,"-0,09"
8 142,ClC1=CC2OC3C(=CC=C(Cl)C=3Cl)OC=2C(Cl)=C1Cl,"6,74"
8 143,ClC1C=C(Cl)C=C2OC3=C(C=C(Cl)C(Cl)=C3Cl)OC=12,"6,53"
8 144,ClC1C=C(Cl)C=C2OC3C=C(Cl)C(Cl)=C(Cl)C=3OC=12,"6,40"
8 145,CC12CCC3C(C)CCC4C(C)C(OC(O1)C43OO2)OC,"3,53"
8 146,CC1C(=O)C2=CC=CC=C2OC=1C1C=CC=CC=1,"3,92"
8 147,CC1(C)C2CC3=CC=C(O)C=C3C1(CCN2CC1(O)CC1)CC,"3,82"
8 148,ClC1C=C(Cl)C2=C(C=1)OC1=C2C=C(Cl)C=C1Cl,"6,37"
8 149,N#CC1=NC(Cl)=CN=C1C#N,"0,95"
8 150,CCC1N=C(C#N)C(C#N)=NC=1Cl,"1,79"
8 151,CCCCC1N=C(C#N)C(C#N)=NC=1Cl,"2,89"
8 152,CC1N=C(C#N)C(C#N)=NC=1CCCC,"2,30"
8 153,CC(=O)C1=CC(=CC=C1)NC(=O)CC1C=CC=CC=1,"2,62"
8 154,CC1N=C(C#N)C(C#N)=NC=1Cl,"1,29"
8 155,CC1(C)CCC(CC1)(C1C=CC=CC=1)N1CCCCC1,"6,39"
8 156,CS(=O)(=O)NC(=O)C1=CC(=CC=C1[N+]([O-])=O)OC1=CC=C(C=C1Cl)C(F)(F)F,"2,90"
8 157,CC(=NN=C(N)N)C1=CC=CS1,"1,05"
8 158,C1COCCOCCOCCOC2=CC=CC=C2OCCOCCOCCO1,"0,45"
8 159,CC1(C)CC(C)CC(C1)(C1C=CC=CC=1)N1CCCCC1,"6,35"
8 160,O=C(CC1CCCCC1)N1CCCCC1,"3,20"
8 161,CC(C)S(=O)(=O)N1C(N)=NC2C=CC(=CC1=2)C(=NO)C1=CC=CC=C1,"3,10"
8 162,CCN(C/C(/O)=N/C1C2=CC=CC=C2C2=CC=CC=C21)CC,"3,64"
8 163,CCN(CC(=O)NCC1C=CC=CC=1)CC,"2,14"
8 164,CCCN(CC(=O)NCC1C=CC=CC=1)CCC,"3,11"
8 165,O=C(CN1CCCCC1)NCC1C=CC=CC=1,"2,27"
8 166,O=C(CN1CCOCC1)NCC1C=CC=CC=1,"0,67"
8 167,CCCN(C/C(/O)=N/C1C2=CC=CC=C2C2=CC=CC=C21)CCC,"4,61"
8 168,CCCCCCCCCCCCCC1C=CC=C(O)C=1,"8,84"
8 169,COC1C=CC(=CC=1)C1=NCC(=O)N(C)C2C=CC(Cl)=CC=21,"3,15"
8 170,O=[N+]1[N-]C(=NC2C=CC(Cl)=CC1=2)N1C=NC=C1,"2,04"
8 171,CCOC(=O)NCCOC1C=CC(=CC=1)OC1C=CC=CC=1,"4,30"
8 172,COC(=O)C1C(C(C(=O)OCC)C(C)=NC=1C)C1=CC=CC(Cl)=C1Cl,"3,86"
8 173,CC12OC3=C(C1=O)C1=C(C(=O)C(NC(=O)C(C)=CC=CC(C)C(O)C(C)C(O)C(C)C(OC(C)=O)C(C)C(C=CO2)OC)C2=NC4(CCN(CC(C)C)CC4)N=C21)C(O)=C3C,"4,50"
8 174,CC(=O)NC1=CC2CC3=CC(=CC=C3C=2C=C1)[N+]([O-])=O,"3,08"
8 175,CN(C1C=CC=CC=1)C(=O)N(C)N=O,"1,58"
8 176,O=C1CCC(=O)N1C1=CC=CC=C1F,"0,22"
8 177,O=C1CCC(=O)N1C1=CC=CC=C1I,"0,80"
8 178,O=C1CCC(=O)N1C1C=CC=C(I)C=1,"1,39"
8 179,CCC1=CC(=CC=C1)N1C(=O)CCC1=O,"1,04"
8 180,COC(=O)C1=CC(=CC=C1)N1C(=O)CCC1=O,"0,36"
8 181,CCC1=CC=C(C=C1)N1C(=O)CCC1=O,"1,10"
8 182,CC(C)C(C(=O)OC)C1C=CC=CC=1,"3,33"
8 183,[O-][N+](=O)C1=CC(Cl)=CC=C1/N=C(\\O)/C1C=C(Br)C=C(Br)C=1O,"5,05"
8 184,CC1=CC(OCCNC)=C(C=C1O)C(C)C,"2,35"
8 185,CC1C(CC2C=C(C=CC=2OC)OC)=CN=C2N=C(N)N=C(N)C=12,"2,13"
8 186,CO/C(/O)=N/C1C=C(F)C=CC=1,"2,21"
8 187,CCC1=CC=CC=C1C1NC(=N)NC(=N)N=1,"1,65"
8 188,COC1=CC=CC=C1C1N=C(N)N=C(N)N=1,"0,58"
8 189,CCOC1=CC=CC=C1C1NC(=N)NC(=N)N=1,"1,03"
8 190,CN1C(C)C(=NCC(C)C)C(=O)N(C1=O)C1C=CC=CC=1,"1,48"
8 191,N=C1NC(=NC(=N)N1)C1=CC=CC=C1I,"1,41"
8 192,CC1C=CC(OCC(O)C(C)NC(C)C)=C2CCCC=12,"3,19"
8 193,CC1NC=NC=1CSCCNC1NC(=O)C(CC2=CC3OCOC=3C=C2)=CN=1,"2,11"
8 194,COC1=CC=C(C=CC(=O)OCCN(CC)CC)C=C1,"3,55"
8 195,COC1C=C(C=C(OC)C=1OC)C=CC(=O)OCCN(CC)CC,"2,84"
8 196,CCN(CCOC(=O)C=CC1C=CC(F)=CC=1)CC,"3,52"
8 197,COC1C=CC=CC=1OCCNCC(O)COC1=CC=CC2NC3C=CC=CC=3C=21,"4,19"
8 198,CC(C)=CC1C(C(=O)OCN2C(=O)CN(CC#C)C2=O)C1(C)C,"2,90"
8 199,COC(=O)C(=CC1=CC=CO1)[N+]([O-])=O,"1,88"
8 200,CC(=O)C1=CC2C=CC=NC=2C=C1,"1,58"
8 201,COC1=CC=C(CC2C=NC(=N)NC2=N)C=C1OCC,"1,20"
8 202,O=C1OC2(CCCC2)C2=CC=CC=C21,"2,56"
8 203,CCOC1C=C(CC2=CN=C(N)N=C2N)C=C(OCC)C=1N1C=CC=C1,"2,89"
8 204,NC1CC2OC1C1=CC=CC=C12,"0,75"
8 205,CN(C(=O)COC1=NC2=CC=CC=C2S1)C1C=CC=CC=1,"3,23"
8 206,CCCCOC1C=CC(=CC=1)C(N)=O,"2,48"
8 207,CC1=CC(CC2C=NC(=N)NC2=N)=CC=C1OC,"1,91"
8 208,CC1=CC=C(CC2C=NC(=N)NC2=N)C=C1OC,"2,14"
8 209,CC(C)C1=CC(CC2C=NC(=N)NC2=N)=CC=C1OC,"2,79"
8 210,CC(C)C1=CC=C(CC2C=NC(=N)NC2=N)C=C1OC,"3,14"
8 211,COC1=CC(CC2C=NC(=N)NC2=N)=CC=C1Cl,"1,87"
8 212,COC1=CC=C(CC2C=NC(=N)NC2=N)C=C1Cl,"1,65"
8 213,COCC(=O)NC1=C(I)C(=C(I)C(=C1I)C(=O)N(C)CC(O)CO)C(=O)NCC(O)CO,"-2,05"
8 214,COC1=CC(CC2C=NC(=N)NC2=N)=CC=C1O,"0,64"
8 215,CS(=O)C1=CC(OC)=C(C=C1)C1NC2C=CC=NC=2N=1,"1,18"
8 216,CC1=CC2OC=CC=2C2OC(=O)C=CC=21,"2,41"
8 217,NN/C(/O)=N\\C1=CC=CC=C1C(O)=O,"-0,49"
8 218,NN/C(/O)=N/C1C=C(C=CC=1)C(O)=O,"-0,16"
8 219,NNC(=O)NC1=CC=C(C=C1)C(O)=O,"-0,21"
8 220,CC(C)C1=CN=C(NS(=O)(=O)C2C=CC(N)=CC=2)N=C1,"1,23"
8 221,CC(CC1C=CC(=CC=1)OC)NCC(O)C1=CC(NC=O)=C(O)C=C1,"0,40"
8 222,CCC(C)C(=O)OC1CCC=C2C=CC(C)C(CCC3CC(O)CC(=O)O3)C21,"3,95"
8 223,CC1C=C(CC2C=NC(=N)NC2=N)C=C(C)C=1OC,"2,19"
8 224,CC1C=NC(CS(=O)C2NC3C=CC(=CC=3N=2)OC)=C(C)C=1OC,"2,23"
8 225,CCOC(=O)C(CC)(CC)C(=O)NC(N)=O,"1,45"
8 226,CC(C)OC(=O)C(CC)(CC)C(=O)NC(N)=O,"1,99"
8 227,CCC(CC)(C(=O)NC(N)=O)C(=O)OCC1C=CC=CC=1,"2,74"
8 228,COCOC(=O)C(CC)(CC)C(=O)NC(N)=O,"1,00"
8 229,COC(=O)COC(=O)C(CC)(CC)C(=O)NC(N)=O,"0,99"
8 230,COC(=O)C(CC)(C1C=CC=CC=1)/C(/O)=N/C(=N)O,"1,58"
8 231,COC(=O)C(CC=C)(CC=C)/C(/O)=N/C(=N)O,"1,37"
8 232,C/N=C(\\O)/N=C(\\O)/C(C)(C1CCCC=C1)C(=O)OC,"1,75"
8 233,COCOC(=O)C(C)(C1CCCCC=1)/C(/O)=N/C(/O)=N/C,"1,80"
8 234,NC1C=CC(C(O)=O)=C(I)C=1,"1,65"
8 235,COC(=O)C(CC)(CC)C(=O)NC(N)=S,"1,82"
8 236,OC(CN1C=NC=C1)C1C=CC(CCC2C=CC=CC=2)=CC=1,"3,40"
8 237,CN1CCC2C(Cl)=CC=CC=2CC1,"2,92"
8 238,CCOC(=O)C1=CC2C=CC=NC=2C=C1,"2,64"
8 239,CCN1C=C(C(O)=O)C(=O)C2=CC(F)=C(N=C12)N1CCNCC1,"-0,20"
8 240,COC1C(OC2OC(C)C(OC3CC(C)(OC(=O)CC)C(OC(=O)CCC)C(C)O3)C(C2O)N(C)C)C(CC=O)CC(C)C(O)C=CC=CCC(C)OC(=O)CC1O,"3,08"
8 241,O=C1C2=CC=CC=C2NC(=O)N1CCN1CCC(CC1)C(=O)C1C=CC(F)=CC=1,"3,29"
8 242,CC(CC1CC(=O)C(C(CCC)=NOCC)C(=O)C1)SCC,"4,38"
8 243,CC(C=C)/C(/O)=N/C1C=CC(Cl)=CC=1Cl,"3,49"
8 244,NC1C(Cl)=C(C=CC=1[N+]([O-])=O)OC1C=CC=CC=1,"4,04"
8 245,CON(C)C(=O)NC1=CC(=CC=C1)OCC1C=CC=CC=1,"3,11"
8 246,ClC1C=CC=CC=1C1N=NC(=NN=1)C1=CC=CC=C1Cl,"3,10"
8 247,C/C(/O)=N/C1=CC2=C(C=C1)C(=O)C1=CC=CC=C1S2(=O)=O,"2,35"
8 248,CC(=O)NC1=CC2=C(C=C1)C(=O)C1C=C(C)C=CC=1S2(=O)=O,"2,76"
8 249,CC(=O)NC1=CC2=C(C=C1)C(=O)C1C=C(CC)C=CC=1S2(=O)=O,"3,44"
8 250,CC(=O)NC1=CC2=C(C=C1)C(=O)C1C=C(CCC)C=CC=1S2(=O)=O,"3,51"
8 251,CS(=O)CCN1C=CN=C1[N+]([O-])=O,"-1,22"
8 252,[O-][N+](=O)C1=NC=CN1CC(=O)N(CCO)CCO,"-1,64"
8 253,[O-][N+](=O)C1=NC=CN1C/C(/O)=N/CC(O)CO,"-1,75"
8 254,CC1N=CNC=1CSCCNC1=NCCC1[N+]([O-])=O,"-0,87"
8 255,CC1N=CNC=1CSCCNC1NC=CC=1[N+]([O-])=O,"1,04"
8 256,COC1(C)CC(OC2C(C)C(OC3OC(C)CC(C3O)N(C)C)C(C)(O)CC(C)C(N)C(C)C3OC(=O)OC3(C)C(CC)OC(=O)C2C)OC(C)C1O,"2,92"
8 257,CC1C=C(C)N=C(NC(=O)NS(=O)(=O)C2=CC=CC=C2C(=O)OC)N=1,"1,20"
8 258,CC1N=C(NC(=O)NS(=O)(=O)C2C=CC=CC=2C(=O)OC)N=C(N=1)OC,"2,20"
8 259,CC12CCC(=O)C=C1CCC1C2C(O)CC2(C)C1CCC2(O)C(=O)COC(=O)CCC(=O)N(C)C,"2,03"
8 260,CC(C)(C)NC(=O)NN,"-0,81"
8 261,O/C(/CN(C(=O)CCl)C1C=CC=CC=1)=N\\C1C=CC=CC=1,"2,32"
8 262,CC(=O)N(C/C(/O)=N/C1C=CC=CC=1)C1C=CC=CC=1,"2,01"
8 263,CC(Cl)C(=O)N(C/C(/O)=N\\C1C=CC=CC=1)C1C=CC=CC=1,"3,02"
8 264,O/C(/CN(C(=O)C(Cl)Cl)C1C=CC=CC=1)=N/C1C=CC=CC=1,"2,96"
8 265,CN(C)C(=O)N(C)SN(C)C(=O)ON=C(C)SC,"1,20"
8 266,CC(=NOC(=O)N(C)SN(C)C(=O)N(CC)CC)SC,"3,20"
8 267,CN(C)C(=O)N(SN(C)C(=O)ON=C(C)SC)C1CC1,"2,00"
8 268,CN(C)C(=O)N(CCCCCC)SN(C)C(=O)ON=C(C)SC,"3,30"
8 269,CCOC(=O)C=COC1=CC=CC=C1Cl,"3,55"
8 270,CC(=O)N(CC(O)CO)C1C(I)=C(C(I)=C(C=1I)/C(/O)=N/CCO)/C(/O)=N\\CCO,"-1,86"
8 271,CC1C=CC=C(C)C=1NC(=O)C1C=CC(CN(CC)CC)=CC=1,"3,49"
8 272,CCCCCC[N+]1C=CC=CC=1,"-2,03"
8 273,ClC1C=C(Cl)C=C(Cl)C=1C1C=C(Cl)C=C(Cl)C=1Cl,"6,87"
8 274,ClC1C=C(Cl)C(C2C=C(Cl)C=C(Cl)C=2)=C(Cl)C=1Cl,"7,10"
8 275,ClC1C=C(Cl)C(Cl)=C(C2C=C(Cl)C(Cl)=CC=2)C=1Cl,"7,20"
8 276,ClC1C=C(Cl)C(Cl)=C(C2C=C(Cl)C=C(Cl)C=2)C=1Cl,"7,37"
8 277,CC(C)NCCCC1(C(N)=O)C2=CC=CC=C2C2C=CC=CC1=2,"3,11"
8 278,[O-][N+](=O)C1=CN=C(C=CC2C=C3OCOC3=CC=2)N1CCO,"2,03"
8 279,CN1C(=CN=C1C1CC1)[N+]([O-])=O,"1,00"
8 280,CC1=NC=C(N1CC(O)CN1C(=CN=C1C)[N+]([O-])=O)[N+]([O-])=O,"0,31"
8 281,O=CC1C=C(Br)C=CC=1Br,"3,35"
8 282,CN1CCN(CCN2C=NC=C2[N+]([O-])=O)CC1,"-0,20"
8 283,CC1C=CC=C(C)C=1/N=C(\\O)/C1C=C(CN2CCCC2)C=CC=1,"3,10"
8 284,CC1C=CC=C(C)C=1NC(=O)C1=CC=C(CN2CCCCC2)C=C1,"3,86"
8 285,CC1C=CC=C(C)C=1/N=C(\\O)/C1C=C(CN2CCOCC2)C=CC=1,"2,14"
8 286,OC(=O)C(=O)NC1=NC(=CS1)C1=CC2OCCOC=2C=C1,"1,80"
8 287,N=C(NC1C=CC=CC=1)N=NCC1C=CC2C=CC=CC=2N=1,"0,99"
8 288,CNC(=S)NCCSCC1=CN=CN1C,"0,32"
8 289,CCCCCCCCCCCCCC[N+]1=CC=CC=C1C,"2,27"
8 290,CON=C(C1=CSC(N)=N1)C(=O)NC1C2SCC=C(C(=O)OCOC(=O)C(C)(C)C)N2C1=O,"1,76"
8 291,CC(C)(C)C(Br)/C(/O)=N/C(C)(C)C1C=CC=CC=1,"3,47"
8 292,CC1OC(OC(C)=O)C(/N=C(\\O)/N(CCCl)N=O)C(OC(C)=O)C1OC(C)=O,"1,32"
8 293,COC1=CC(CC2=CN=C(N)N=C2N)=CC(OC)=C1C(=O)N(C)C,"-0,21"
8 294,COC1=CC(CC2=CN=C(N)N=C2N)=CC(OC)=C1C(C)C,"3,37"
8 295,N#CC1=CNC=C1C1C=CC=C(Cl)C=1Cl,"3,86"
8 296,CN(C)S(=O)(=O)C1=CC=C(C=C1)N(C)C(C)=O,"0,23"
8 297,CN(C)S(=O)(=O)C1=CC=C(C=C1)N(C)C(=O)CC,"0,71"
8 298,CN(C)S(=O)(=O)C1=CC=C(C=C1)N(C)C(=O)CCCCCC,"2,61"
8 299,COC1OC(COC(C)=O)C(OC(C)=O)C(/N=C(\\O)/N(CCCl)N=O)C1OC(C)=O,"0,67"
8 300,C#CC(=NOCC1OCCO1)C1C=CC=CC=1,"2,76"
8 301,CCCN(CCC)C1CC2=CC(O)=CC=C2CC1,"3,75"
8 302,CCN(CC)C1C=CC(CO)=CC=1,"2,29"
8 303,CSCCCOC1C=CC(=CC=1)[N+]([O-])=O,"3,24"
8 304,CC(=O)OCCOCN1C=NC2=C1NC(NC(C)=O)=NC2=O,"-0,85"
8 305,COC1C=C(CC(O)=O)C=CC=1OCC1CCCCC1,"3,35"
8 306,CCC(C)C(=O)OC1CC(C)C=C2C=CC(C)C(CCC(O)CC(O)CC(O)=O)C21,"4,04"
8 307,CCC(C)C(=O)OC1CC(C)C=C2C=CC(C)C(CCC3CC(O)CC(=O)O3)C21,"4,26"
8 308,NC1C=CC(=CC=1)S(=O)(=O)C1C=CC(=CC=1[N+]([O-])=O)[N+]([O-])=O,"1,84"
8 309,CN1CCN(CC1)C1C(F)=C2C(=CC=1F)C(=O)C(=CN2CC)C(O)=O,"0,30"
8 310,CN1CCN(CC1)C(=O)C1C=CC=CC=1,"0,35"
8 311,O=N1ON=C(CC2C=CC=CC=2)C=1CC1C=CC=CC=1,"3,65"
8 312,CC(=O)N1C(O)=NC=C(F)C1=O,"-0,34"
8 313,CC1N=C(OC)C(NC2NCCN=2)=C(Cl)N=1,"0,90"
8 314,OC(CN1C=NC=C1)(C1C=CC(F)=CC=1)C1C=CC(=CC=1)C1C=CC=CC=1,"4,23"
8 315,CCOC(=O)C(C)N1N=C2C=CC=CC2=N1,"2,38"
8 316,CCOC(=O)C(C)N1N=NC2=CC=CC=C12,"1,87"
8 317,CCOC(=O)C1C=CC(Cl)=NN=1,"0,12"
8 318,CC(C)OC(=O)C1C(C2=CC=CC3=NON=C32)C(C(=O)OC)=C(C)N=C1C,"4,28"
8 319,CC(C)(C)C(O)C(CC1C=CC(Cl)=CC=1Cl)N1C=NC=N1,"3,80"
8 320,NC1C=C(C=CC=1O)N=O,"0,03"
8 321,[O-][N+](=O)C1=CC(=CC=C1)C1NCCS1,"1,59"
8 322,CC1=CC=C(C)N1NC1C=CC(=NN=1)N(CC)CC,"2,73"
8 323,CC1=CC=C(C)N1NC1=CC=C(N=N1)N1CCOCC1,"1,94"
8 324,CC1=CC=C(C)N1NC1C=CC(=NN=1)N1CCCC1,"2,45"
8 325,CC1=CC=C(C)N1NC1C=CC(=NN=1)N1CCCCC1,"3,13"
8 326,CN1CCN(CC1)C1=CC=C(NN2C(C)=CC=C2C)N=N1,"1,94"
8 327,CC1=CC=C(C)N1NC1=CC=C(N=N1)N1CCNCC1,"1,44"
8 328,CC1=CC=C(C)N1NC1C=CC(=NN=1)N(CCO)CCO,"1,06"
8 329,CC(O)CN(CCO)C1C=CC(NN2C(C)=CC=C2C)=NN=1,"1,30"
8 330,CC1=CC=C(C)N1NC1C=CC(=NN=1)N(CC(C)O)CC(C)O,"1,55"
8 331,CC1=CC=C(C)N1NC1C=CC(=NN=1)N1CCC(O)CC1,"1,70"
8 332,CN(C1C=CC(=NN=1)N1CCOCC1)N1C(C)=CC=C1C,"2,21"
8 333,CC1=CC=C(C)N1NC1=CC=C(N=N1)N(CCOC)CCOC,"2,06"
8 334,CN(CCOC)C1C=CC(NN2C(C)=CC=C2C)=NN=1,"2,16"
8 335,CN(C)C1C=CC(NN2C(C)=CC=C2C)=NN=1,"2,18"
8 336,COC1=CC=CC=C1N1CCN(CC1)C1C=CC(NN2C(C)=CC=C2C)=NN=1,"3,61"
8 337,CC(NC(CCC1C=CC=CC=1)C(=O)OCC)C(=O)N1CCCC1C(O)=O,"0,07"
8 338,CN(C)S(=O)(=O)C1C=CC(=CC=1)N(C)C(=O)CCC(=N)O,"-0,56"
8 339,CN(C)S(=O)(=O)C1=CC=C(C=C1)N(C)C(=O)CC/N=C(/C)\\O,"-0,35"
8 340,CN(C)S(=O)(=O)C1C=CC(=CC=1)N(C)C(=O)CCO,"-0,26"
8 341,CN(C)S(=O)(=O)C1C=CC(=CC=1)N(C)C(=O)CCC#N,"-0,17"
8 342,CN(C)S(=O)(=O)C1C=CC(=CC=1)N(C)C(=O)CCOC(C)=O,"0,26"
8 343,CN(C)S(=O)(=O)C1C=CC(=CC=1)N(C)C(=O)CCSC#N,"0,84"
8 344,CN(C)S(=O)(=O)C1C=C(C=CC=1)N(C)C(=O)CCC(=O)OCC,"0,84"
8 345,CN(C)S(=O)(=O)C1=CC=C(C=C1)N(C)C(=O)CCC,"1,19"
8 346,CN(C)S(=O)(=O)C1=CC=C(C=C1)N(C)C(=O)CCOCCC,"1,26"
8 347,CN(C)S(=O)(=O)C1=CC=C(C=C1)N(C)C(=O)CCCC,"1,63"
8 348,CN(C)S(=O)(=O)C1=CC=C(C=C1)N(C)C(=O)CCCCC,"2,16"
8 349,CC1COCCN1N=O,"-0,03"
8 350,CC1CC2C3CCC4=CC(=O)C=CC4(C)C3(F)C(O)CC2(C)C1(O)C(=O)COC(=O)CC,"3,06"
8 351,CC12CCC3C(C)CCC4C(C)C(OCC)OC(O1)C43OO2,"3,89"
8 352,CC12CCC3C(C)CCC4C(C)C(OC(O1)C43OO2)OC(=O)OC1C=CC=CC=1,"4,41"
8 353,CC1=CC2OCOC=2C=C1CC1C=NC(=N)NC1=N,"1,89"
8 354,CCOP(=O)(CC1C=CC(=CC=1)C1=NC2=CC=CC=C2S1)OCC,"3,50"
8 355,[O-][N+](=O)C1C=CC(=CC=1)OCCN1C=NC=C1,"1,69"
8 356,CCN1C2NC(=NC=2C(=O)N(CC)C1=O)C1C=CC=CC=1,"2,93"
8 357,[O-][N+](=O)C1=NON=C1C1C=CC=CC=1,"2,63"
8 358,CN1C(N)=NC2C3C=CC=NC=3C=CC1=2,"1,47"
8 359,CC(C)NCC(O)COC1=CC=CC2CCCN(C(=O)C3=CN=CC=C3)C1=2,"1,63"
8 360,CC(=O)C=CC1=CC=CC=C1C(F)(F)F,"3,14"
8 361,CCC(C)C1=CC=CC=C1OCC(O)=O,"3,32"
8 362,C/C(/O)=N/C1C(I)=C(C(I)=C(C=1I)/C(/O)=N/C(CO)CO)/C(/O)=N/C(CO)CO,"-2,27"
8 363,CC(=O)NC1C(I)=C(C(=O)N(C)CC(O)CO)C(I)=C(C(=O)NCC(O)CO)C=1I,"-2,06"
8 364,COC1=CC=CC(/C(/O)=N\\C2CC3CCC(C2)N3CC2C=CC=CC=2)=C1OC,"3,24"
8 365,CC(NC(CCC1C=CC=CC=1)C(O)=O)C(=O)N1CCCC1C(O)=O,"-0,74"
8 366,CC(=O)OC1=CC=CC=C1C(=O)OCSC,"1,94"
8 367,CC(=O)OC1=CC=CC=C1C(=O)OC[S+](C)[O-],"0,11"
8 368,CC(=O)OC1=CC=CC=C1C(=O)OCS(C)(=O)=O,"0,57"
8 369,CN1C=NC(I)=C1[N+]([O-])=O,"1,29"
8 370,[O-][N+](=O)C1N=CNC=1I,"0,28"
8 371,CSC1=CC=C(C=C(C#N)C#N)O1,"2,45"
8 372,COC(=O)C(=CC1=CC=C(O1)SC)C#N,"2,61"
8 373,NCCCCC(NC(CCC1C=CC=CC=1)C(O)=O)C(=O)N1CCCC1C(O)=O,"-1,22"
8 374,CCOC(=O)C(C)OC1C=CC(=CC=1)OC1=CN=C2C=C(Cl)C=CC2=N1,"4,28"
8 375,CCCCCCCOC1=CC=CC=C1/N=C(/O)\\OC(C)CN(CC)CC,"5,70"
8 376,CC1C(CC2=CN=CN2)=CC=CC=1C,"2,68"
8 377,OC(CN1C=NC=N1)(C1C=CC=CC=1F)C1C=CC(F)=CC=1,"2,29"
8 378,CC(C)(C)C(O)C(CC1=CC=C(Cl)C=C1)N1C=NC=N1,"3,20"
8 379,NC(N)=NC1=NC(CSCCC(N)=NS(N)(=O)=O)=CS1,"-0,64"
8 380,CC1C=C(Cl)C=CC=1NC(=O)C1=CC=CC=C1O,"5,18"
8 381,CC1=CC(Cl)=CC=C1NC(=O)C1C=C(F)C=CC=1O,"4,89"
8 382,CC1=CC(Br)=CC=C1NC(=O)C1C=C(F)C=CC=1O,"5,15"
8 383,CC1=CC2=NC=CC=C2C2N=C(N)N(C)C1=2,"1,98"
8 384,OC(=O)CC1=CC(Cl)=C(C=C1)OCCC1C=CC=CC=1,"3,53"
8 385,OC(=O)CC1=CC(Cl)=C(C=C1)OCCCC1C=CC=CC=1,"3,90"
8 386,COC1C=C(C=CC=1C1NC2C=CC=NC=2N=1)OC,"2,57"
8 387,CCCNC1C=C(C=CN=1)C1NC(N)=NN=1,"1,61"
8 388,CCCCCCN=C1C=C(CC=N1)C1NNC(=N)N=1,"3,30"
8 389,CCCCCCCCCCNC1C=C(C=CN=1)C1NC(N)=NN=1,"4,07"
8 390,C=CCNC1=CC(=CC=N1)C1=NNC=N1,"1,26"
8 391,NC1=NNC(=N1)C1=CC(NCCO)=NC=C1,"0,24"
8 392,COCCNC1C=C(C=CN=1)C1NC(N)=NN=1,"0,94"
8 393,NC1NN=C(N=1)C1=CC(NCCC2C=CC=CC=2)=NC=C1,"2,63"
8 394,CC1C=CC(CNC2C=C(C=CN=2)C2=NNC(N)=N2)=CC=1,"2,69"
8 395,NC1=CC(=CC=N1)C1NC(N)=NN=1,"0,11"
8 396,CNC1C=C(C=CN=1)C1=NNC(N)=N1,"0,69"
8 397,CCNC1C=C(C=CN=1)C1NN=C(N)N=1,"2,11"
8 398,CC1N=C(O)N(O)C(=O)C=1Br,"-1,12"
8 399,CC1N=C(O)N(OC)C(=O)C=1Br,"-0,30"
8 400,CC1N=C(O)N(OCC)C(=O)C=1Br,"0,11"
8 401,CC1N=C(O)N(OCCCl)C(=O)C=1Br,"0,30"
8 402,CC1N=C(O)N(OCCC)C(=O)C=1Br,"0,76"
8 403,CC1N=C(O)N(OC(C)C)C(=O)C=1Br,"0,45"
8 404,CC1N=C(O)N(OCC=C)C(=O)C=1Br,"0,32"
8 405,CC1N=C(O)N(OCC#C)C(=O)C=1Br,"-0,10"
8 406,CC1N=C(O)N(OCCCC)C(=O)C=1Br,"1,24"
8 407,CC1N=C(O)N(OC(C)CC)C(=O)C=1Br,"1,11"
8 408,CC1N=C(O)N(OCC(C)C)C(=O)C=1Br,"1,23"
8 409,CC1N=C(O)N(OCCCCC)C(=O)C=1Br,"1,69"
8 410,CC1N=C(O)N(OCCCCCC)C(=O)C=1Br,"2,48"
8 411,CC1N=C(O)N(OCCCCCCCC)C(=O)C=1Br,"3,39"
8 412,CC1N=C(O)N(OCCCCCCCCCC)C(=O)C=1Br,"4,65"
8 413,CC1=CC(=O)N(OCCC)C(O)=N1,"0,30"
8 414,CC1N=C(O)N(OCCC)C(=O)C=1SC#N,"-0,22"
8 415,CCCC1N=C(O)N(OCCC)C(=O)C=1Br,"1,73"
8 416,CN1C(=O)N(OCCC)C(=O)C(Br)=C1C,"0,72"
8 417,OC1OC(=O)C(Cl)=C1C(Cl)Cl,"1,13"
8 418,COC1C=C(CC2C=NC(=N)NC2=N)C=C(OCC)C=1C(C)(C)O,"2,11"
8 419,CS(=O)C1=CC(OC)=C(C=C1)C1NC2=NC=NC=C2N=1,"0,53"
8 420,CCOP(=O)(OC1C=NN(C=1)C1C=CC(Cl)=CC=1)SCCC,"3,77"
8 421,CC1C=CC=C(C)C=1/N=C(\\O)/CCCCCCN(CC)CC,"3,48"
8 422,CC1C=CC=C(C)C=1/N=C(\\O)/CCCC(C)N,"1,41"
8 423,CC1C=CC=C(C)C=1/N=C(\\O)/CCCC(C)N(CC)CC,"2,64"
8 424,CC1C=CC=C(C)C=1/N=C(\\O)/CC(C)N(CC)CC,"2,63"
8 425,CC1=CN=C2C=CC3=C(N=C(N)N3C)C2=N1,"1,01"
8 426,[O-][N+](=O)C1=CC=C(C=C1C(=O)OCC(O)=O)OC1=CC=C(C=C1Cl)C(F)(F)F,"4,27"
8 427,CCOC(=O)C(C)OC(=O)C1C=C(C=CC=1[N+]([O-])=O)OC1C=CC(=CC=1Cl)C(F)(F)F,"4,81"
8 428,CCOC(=O)COC(=O)C1C=C(C=CC=1[N+]([O-])=O)OC1C=CC(=CC=1Cl)C(F)(F)F,"3,65"
8 429,CC1=NON=C1CCC,"1,71"
8 430,CC1=NON=C1[N+]([O-])=O,"0,97"
8 431,COCC(=O)N(C1C(C)=CC=CC=1C)N1CCOC1=O,"0,80"
8 432,CN(C)S(=O)(=O)C1C=CC(=CC=1)N(C)C=O,"0,40"
8 433,CN(C)S(=O)(=O)C1C=CC(=CC=1)N(C)C(=O)CCC#C,"0,88"
8 434,COC1C=C2N=C(N=C(N)C2=CC=1OC)N1CCN(CC1)C(=O)C1COC2C=CC=CC=2O1,"3,30"
8 435,C1COCCOCCOCCOCCOC2C=CC=CC=2OCCOCCOCCOCCO1,"0,03"
8 436,CCOC1C(=CC(CC2C=NC(=N)NC2=N)=CC=1OC)OC,"1,34"
8 437,CCC1C(=CC(CC2=CN=C(N)N=C2N)=CC=1OC)OC,"2,72"
8 438,CC1C=C2NC(=NC2=CC=1C(=O)OC)S(=O)CC1=NC=CC=C1C,"2,40"
8 439,CC1C(=O)C2=C(C(COC(=N)O)C3(OC)C4NC4CN32)C(=O)C=1NC1=CN=CC=C1,"0,52"
8 440,CCN(CCN=C1C=C2C(CC1=NC1C=CC(Cl)=CC=1)=NC1=CC=CC=C1N2C1C=CC(Cl)=CC=1)CC,"7,97"
8 441,CCCCCCCCCCCCCCCC[N+]1C=CC(C)=CC=1C,"3,90"
8 442,C/C(/O)=N/C(C)/C(/O)=N/C(CC(C)C)C(=N)O,"-0,54"
8 443,COC1C=CC(CC2=CN=C(N)N=C2N)=CC=1OCC1C=CC=CC=1,"2,44"
8 444,CN(C)CCOC1=CC2C(=O)C3=CC=CC=C3C=2C2=CC=CC=C21,"4,32"
8 445,CC1C(Br)=C(C)C=C(C)C=1NC(=O)CN(CC(O)=O)CC(O)=O,"0,11"
8 446,CC(C)N(N=O)C(=O)NC1C=CC=CC=1,"2,50"
8 447,CC1C(=O)C2=C(C(COC(=N)O)C3(OC)C4NC4CN32)C(=O)C=1NC1=NC=CS1,"0,62"
8 448,CCCCCCCOC(=O)C(=C1SCCS1)C(=O)OCCCCCCC,"7,60"
8 449,CNC1=NS(=O)N=C1NCCSCC1=CC=C(CN(C)C)O1,"0,89"
8 450,CC1=CC(=CC(C)=C1Br)NC(=O)N(C)C,"2,92"
8 451,N=C(O)NC1C=CC(=CC=1)OC1C=CC=CC=1,"2,80"
8 452,CC1=CC(=CC=C1F)NC(=N)O,"1,59"
8 453,CC1C=C(C=CC=1Br)NC(N)=O,"2,49"
8 454,CC(=O)OC1C=C(C=C2NC(C)C3CCC(O)CC3C2=1)OC(C)CCCC1C=CC=CC=1,"5,71"
8 455,BrC1=CC2=CC=CC=C2N=N1,"1,72"
8 456,CCCCCCCOC1OC(CO)C(O)C(O)C1O,"0,73"
8 457,CN(C1C(I)=C(C(I)=C(C=1I)C(=O)NCC(O)CO)C(=O)NCC(O)CO)C(=O)CO,"-2,79"
8 458,CN1CC2=C(N=CN2C2=CC=C(F)C=C2C1=O)C(=O)OCC,"1,00"
8 459,COC1=CC=CC=C1C(=O)NCCN(C)C,"1,14"
8 460,BrC1C=CC=C(NC2NCCN=2)C=1Br,"2,16"
8 461,[O-][N+](=O)C1=CC(=C(NC2=NC=C(Cl)C=C2Cl)C(=C1)[N+]([O-])=O)C(F)(F)F,"3,47"
8 462,[O-][N+](=O)C1=CC(=CC(=C1NC1N=CC(=CC=1Cl)C(F)(F)F)C(F)(F)F)[N+]([O-])=O,"3,52"
8 463,CC(=O)N(C)C1=CC=CC=C1C(O)=O,"1,85"
8 464,CC1=COC2C=CC3C=CC(=O)OC=3C=21,"2,38"
8 465,CC1C=CC(=CC=1)C(=O)N(C)N,"1,36"
8 466,COC(=O)C1C=CSC=1S(=O)(=O)/N=C(\\O)/N=C1N=C(NC(=N1)OC)OC,"1,30"
8 467,CC1N=C(NC(=O)NS(=O)(=O)C2C=CSC=2C(=O)OC)N=C(N=1)OC,"1,56"
8 468,CC(C)C/N=C(\\O)/NN,"-0,84"
8 469,CCCCCC/N=C(\\O)/NN,"0,46"
8 470,OC1=C(C=C(Br)C=C1Br)/C(/O)=N/C1C=CC(F)=CC=1F,"4,99"
8 471,NCC1=CC=CC=C1SC1C=CC=CC=1CO,"2,39"
8 472,NC(=O)C1CN(CC(=O)NC2C(Cl)=CC=CC=2Cl)CCN1CCCC(C1C=CC(F)=CC=1)C1C=CC(F)=CC=1,"5,26"
8 473,CC(=O)NC1=CC(=CC=C1)OCC1=CC(=CC=C1)N1C(N)=NC(N)=NC1(C)C,"1,15"
8 474,CC1N=C(N/C(/N=1)=N/C(/O)=N/S(=O)(=O)C1=CC=CC=C1C(O)=O)OC,"1,70"
8 475,CC1(C)C(C=C(Cl)C(F)(F)F)C1C(=O)OCC1C(F)=C(F)C(C)=C(F)C=1F,"6,50"
8 476,CCOCOC1C=CC(=CC=1)C(=O)NC1=CC=CC(Cl)=C1Cl,"4,30"
8 477,COC1C=CC(=CC=1)C(=O)N(C(C)C)C(C)C,"2,80"
8 478,[O-][N+](=O)C1=CC(=C(Cl)C(=C1NC1N=CC(=CC=1Cl)C(F)(F)F)[N+]([O-])=O)C(F)(F)F,"4,01"
8 479,CN1CCN(CC1)C1C(F)=C2C(=CC=1F)C(=O)C(=CN2CCF)C(O)=O,"0,24"
8 480,CCOC(=O)N1CCC(CC1)=C1C2N=CC=CC=2CCC2C=C(Cl)C=CC=21,"5,20"
8 481,CC(=O)C1(O)CC2C(C(C1)OC1CC(C(O)C(C)O1)N1CCOCC1)=C(O)C1=C(C(=O)C3=CC=CC(OC)=C3C1=O)C=2O,"2,31"
8 482,CCC(C)(C)C(=O)OC1CC(C)C=C2C=CC(C)C(CCC3CC(O)CC(=O)O3)C21,"4,68"
8 483,CC1C(CC2C=CC=CC=2)=NON=1=O,"2,08"
8 484,C1OC2C=CC=CC=2OC1C1NCCN=1,"1,63"
8 485,COC1=CC=CC2=C1C(=O)C1=C(C2=O)C(O)=C2CC(O)(CC(OC3CC(C(O)C(C)O3)N3CCOCC3)C2=C1O)C(C)O,"2,03"
8 486,CCCCC(O)(CN1C=NC=N1)C1=CC=C(Cl)C=C1Cl,"3,90"
8 487,NC1=NCC2C3=CC=CC=C3CC3=CC=CC=C3N12,"3,51"
8 488,OC1=C(C=C(Cl)C=C1Cl)/C(/O)=N/C1C=CC(F)=CC=1F,"4,55"
8 489,CC(C)C1=CC(=CC(C(C)C)=C1NC(=S)NC(C)(C)C)OC1C=CC=CC=1,"6,00"
8 490,CCC12CC3CC(N)(C1)CC(C3)(C2)CC,"4,36"
8 491,CCCC12CC3(N)CC(C1)CC(C2)C3,"3,76"
8 492,CCN1CCCC1CNC(=O)C1C(OC)=C(Br)C=CC=1OC,"2,10"
8 493,CCOCC1=CC=CC=C1/N=C(\\O)/OCCN1CCCCC1,"2,72"
8 494,CCOC1=CC=C(CC2C=NC(=N)NC2=N)C=C1OCC,"1,72"
8 495,COC1=CC(CC2C=NC(=N)NC2=N)=CC=C1OCCC,"2,02"
8 496,CN1CC=C(CC1)C1=CC=CS1,"2,51"
8 497,OC(=O)CCSC1=CNC2=CC=CC=C12,"2,15"
8 498,O/C(/CC1C=CC=NC=1)=N\\N1CCC=CC1,"0,05"
8 499,CC(C)(C)/C(/O)=N/N1CC=CCC1,"1,03"
8 500,O/C(=N\\N1CC=CCC1)/C1CC1,"1,12"
8 501,O=C(NN1CCC=CC1)C1=CC=CO1,"0,81"
8 502,O=C(NN1CCC=CC1)C1=CC=CS1,"1,88"
8 503,COC(=O)C1C(Cl)=CC=CC=1[N+]([O-])=O,"2,21"
8 504,O=C(NC1NN=C(NC(=O)C(F)(F)F)N=1)C(F)(F)F,"0,62"
8 505,CCC(=O)NC1N=C(NC(=O)CC)NN=1,"0,07"
8 506,N=C1NNC(/N=C(\\O)/C(F)(F)C(F)(F)C(F)(F)F)=N1,"1,54"
8 507,CC(C)NCC(O)COCCCC1C=CC=CC=1,"1,94"
8 508,CC(C)(C)NCC(O)COCCCC1C=CC=CC=1,"2,58"
8 509,CC(C)(C)NCC(O)COCC=CC1C=CC=CC=1,"2,29"
8 510,CC(C)(C)NCC(O)COC1CCCC2=CC=CC=C21,"3,55"
8 511,OCCN1CCN(CC1)C1CC(C2=CC=C(F)C=C2)C2C=CC(=CC=21)C(F)(F)F,"4,39"
8 512,COC(=O)C1=CN=C2CCCCN2C1=O,"-0,25"
8 513,CC1OC(CC(C1O)N1CCOCC1)OC1CC(O)(CC2C1=C(O)C1=C(C(=O)C3=CC=CC(OC)=C3C1=O)C=2O)C(=O)CO,"1,73"
8 514,CCOC1C=CC(=CC=1)C(C)(C)COCC1C=CC=C(C=1)OC1C=CC=CC=1,"7,05"
8 515,CCC(C1C=CC=CC=1)(C(N)=O)C(N)=O,"0,13"
8 516,CCN(CC)C(=O)NN,"-0,62"
8 517,CC(=C)C(=O)OCC(C)(O)COC1=CC=CC2=CC=CC=C21,"3,77"
8 518,CC(=O)C=CC1=CC(=CC=C1)C(F)(F)F,"3,03"
8 519,CC(=O)C=CC1C=CC(=CC=1)C(F)(F)F,"3,13"
8 520,CC1=CC=C(C=C(C#N)C#N)O1,"2,03"
8 521,FC1C=CC=C(NC2NCCN=2)C=1Cl,"1,52"
8 522,FC1=CC(NC2NCCN=2)=C(Cl)C=C1,"1,52"
8 523,CCC(C)C(=O)OC1CC(O)C=C2C=CC(C)C(CCC(O)CC(O)CC(O)=O)C21,"2,18"
8 524,CCC1OC(=O)C(C)C(OC2CC(C)(OC)C(O)C(C)O2)C(C)C(OC2OC(C)CC(C2O)N(C)C)C(C)(CC(C)C(=O)C(C)C(O)C1(C)O)OC,"3,16"
8 525,CCC1=CC2OCCOCCOCCOCCOCCOC=2C=C1,"0,98"
8 526,CCC(C)C(=O)OC1CC(O)C=C2C=CC(C)C(CCC(O)CC(O)CC(O)=O)C21,"-0,23"
8 527,CCN1C=CN=C1CC1COC2=CC=CC=C2O1,"2,31"
8 528,CC1=CC=C(C=C1)OCC1CNC(=N)O1,"1,79"
8 529,N=C1NCC(COC2C=CC(Cl)=CC=2)O1,"2,00"
8 530,COC1C=CC(=CC=1)OCC1CNC(=N)O1,"1,26"
8 531,CC(C)C(C#N)C1=CC=C(C=C1)[N+]([O-])=O,"2,80"
8 532,CC1(N=C(NC1=O)C1=NC=CC=C1C(O)=O)C(C)C,"0,22"
8 533,CC1(N=C(NC1=O)C1=NC2C=CC=CC=2C=C1C(O)=O)C(C)C,"1,86"
8 534,CC1C=CC(=C(C=1)C(=O)OC)C1NC(C)(C(C)C)C(=O)N=1,"1,68"
8 535,CCCCCCC(C)OC(=O)COC1=NC(F)=C(Cl)C(N)=C1Cl,"4,53"
8 536,CCOC1=CNN=C1,"0,80"
8 537,CC12CCC3C(C)CCC4C(C)C(O)OC(O1)C43OO2,"2,19"
8 538,N#CC1C=CC(=CC=1)OC(=O)C/N=C(\\O)/C1C=CC=CC=1,"2,11"
8 539,C/C(/O)=N/C1=CC(=CC=C1)OC(=O)C/N=C(\\O)/C1C=CC=CC=1,"1,70"
8 540,N=C(O)C1=CC(=CC=C1)OC(=O)C/N=C(\\O)/C1C=CC=CC=1,"1,20"
8 541,N#CC1=CC(=CC=C1)OC(=O)C/N=C(\\O)/C1C=CC=CC=1,"2,11"
8 542,CC1=CC(=CC(C)=C1)OC(=O)CNC(=O)C1C=CC=CC=1,"3,40"
8 543,COC1C=C(C=C(C=1)OC)OC(=O)C/N=C(\\O)/C1C=CC=CC=1,"2,69"
8 544,CC1=CC(Cl)=C(C=C1Cl)C(C)C,"5,60"
8 545,CC1C(Cl)=C(Cl)C(=CC=1Cl)C(C)C,"6,20"
8 546,CC1C(Cl)=C(Cl)C(C(C)C)=C(Cl)C=1Cl,"6,80"
8 547,CC1C=CC(C(C)C)=C(Cl)C=1Cl,"5,50"
8 548,CC1(C)CON(CC2C=CC=CC=2Cl)C1=O,"2,50"
8 549,CCC(CC)/C(/O)=N/S(=O)(=O)C1=CC(=CC(=C1)C(F)(F)F)[N+]([O-])=O,"3,57"
8 550,CC(C)/C(/O)=N/S(=O)(=O)C1=CC=CC=C1N,"1,17"
8 551,CC1C=CC(=C(N)C=1)S(=O)(=O)/N=C(\\O)/C(C)C,"1,65"
8 552,CC(C)/C(/O)=N/S(=O)(=O)C1C=CC(=CC=1N)C(F)(F)F,"2,56"
8 553,COC1=CC(N)=C(C=C1)S(=O)(=O)/N=C(\\O)/C(C)C,"1,58"
8 554,CCC(CC)/C(/O)=N/S(=O)(=O)C1=CC=CC=C1N,"1,64"
8 555,CCC(CC)/C(/O)=N/S(=O)(=O)C1C=CC(=CC=1N)C(F)(F)F,"3,04"
8 556,COC1=CC(N)=C(C=C1)S(=O)(=O)/N=C(\\O)/C(CC)CC,"2,03"
8 557,CC(C)/C(/O)=N/S(=O)(=O)C1C=CC=CC=1[N+]([O-])=O,"1,72"
8 558,CC1C=CC(=C(C=1)[N+]([O-])=O)S(=O)(=O)/N=C(\\O)/C(C)C,"2,17"
8 559,CCC(CC)/C(/O)=N/S(=O)(=O)C1C=CC=CC=1[N+]([O-])=O,"2,17"
8 560,CC1C=CC(=C(C=1)[N+]([O-])=O)S(=O)(=O)/N=C(\\O)/C(CC)CC,"2,67"
8 561,COC1C=CC(=CC=1OC)C(=O)N1CCN(CC1)C1=CC2CCC(=O)NC=2C=C1,"1,04"
8 562,N#CC(C#N)N=NC1C=CC(CCCl)=CC=1,"3,58"
8 563,CC(CSC(=O)C1C=CC=CC=1)C(=O)N1CC(CC1C(O)=O)SC1C=CC=CC=1,"4,40"
8 564,CC(C(=O)NCCO)N1C=CN=C1[N+]([O-])=O,"-1,16"
8 565,[O-][N+](=O)C1=NC=CN1CC(=O)NC(CO)(CO)CO,"-1,77"
8 566,CC1N=C(N=C(NC(=O)NS(=O)(=O)C2C=CC=CC=2OCCCl)N=1)OC,"1,10"
8 567,OC(C1C=C(Cl)C=CC=1NC(=O)C1C=CN=CC=1)C1C=CC=CC=1,"3,13"
8 568,CCCCOCC(O)CN1C=CN=C1[N+]([O-])=O,"1,11"
8 569,ClC1C=CC(Cl)=C2OC3C=C(Cl)C(Cl)=C(Cl)C=3OC=12,"6,24"
8 570,NC1NC(=O)C2N=CN(COC(CO)CO)C=2N=1,"-1,66"
8 571,CC(C)CC1=CC=C(C=C1)C(C)(O)C(O)=O,"2,75"
8 572,CN1CCN(CC1)C1C(F)=CC2=C3C=1OCC(C)N3C=C(C(O)=O)C2=O,"-0,39"
8 573,CC(C)=CC1C(C(=O)OCC2=CC=CC=C2[N+]([O-])=O)C1(C)C,"5,20"
8 574,CCOC1C=CC(CN=NC(N)=N)=CC=1,"0,24"
8 575,CC(C)=CC1C(C(=O)OCC2=CC=C(C=C2)C#N)C1(C)C,"4,91"
8 576,COC1C=CC=C(OC)C=1C(=O)NC1=CC(=NO1)C(C)(CC)CC,"3,94"
8 577,CN(SN(CCC(=O)OCC)C(C)C)C(=O)OC1=CC=CC2CC(C)(C)OC1=2,"4,30"
8 578,N=C(O)C1C=CC=CC=1OCC1C=CC(=CC=1)[N+]([O-])=O,"1,73"
8 579,COC1=CC=C(COC2=CC=CC=C2C(=N)O)C=C1,"1,63"
8 580,COC1C=C(C=CC=1)C1C=C2C=CC=CN2C=1,"4,14"
8 581,CC1C=CC(=CC=1)C(=O)COC1=C(C(=O)C2C=CC(Cl)=C(C)C=2Cl)C(C)=NN1C,"4,69"
8 582,CC(N)CC1CCCCCCC1,"3,70"
8 583,CCCCCCCCN1C=CC(=O)C(=O)C1C,"2,88"
8 584,CSC(C)=NOC(=O)N(C)SN(C)C(=O)C1=CC=C(C)C=C1,"2,50"
8 585,CC(=NOC(=O)N(C)SN(C)C(=O)C1C=CC=CC=1)SC,"2,20"
8 586,CC(=NOC(=O)N(C)SN(C)C(=O)C1C=CC(Cl)=CC=1)SC,"2,60"
8 587,CC(=NOC(=O)N(C)SN(C)C(=O)C1=CC=CC=C1Cl)SC,"2,50"
8 588,CC(=NOC(=O)N(C)SN(C)C(=O)C1C=CC=C(Cl)C=1)SC,"2,70"
8 589,CC(=NOC(=O)N(C)SN(C)C(=O)C1=CC(=CC=C1)C(F)(F)F)SC,"2,50"
8 590,CC(=NOC(=O)N(C)SN(C)C(=O)C1C=CC(Cl)=CC=1Cl)SC,"3,20"
8 591,CN(SN(C(C)C)C(=O)C1C=CC(C)=CC=1)C(=O)ON=C(C)SC,"3,40"
8 592,CN(SN(CCCC)C(=O)C1C=CC=CC=1)C(=O)ON=C(C)SC,"3,40"
8 593,[O-][N+]1ON=C(Cl)C=1C1C=CC=CC=1,"2,76"
8 594,ClC1C=CC(Cl)=C(Cl)C=1NC1NCCN=1,"2,46"
8 595,CC(=NOC(=O)N(C)SN(C)C(=O)C1C(Cl)=CC=CC=1Cl)SC,"2,60"
8 596,CC1C=CC(Cl)=C(Cl)C=1NC1NCCN=1,"2,35"
8 597,CCCCCCC(C)(C)C1=CC(O)=C(C=C1)C1CC(O)CCC1CCCO,"6,13"
8 598,CC(C)/C(/O)=N/CCNCC(O)COC1C=CC=CC=1,"1,14"
8 599,COC1=CC(=NC(NC(=O)NS(=O)(=O)CC2C=CC=CC=2C(=O)OC)=N1)OC,"2,29"
8 600,CC1C=C2C(CCN2C=1C(=O)C1C=CC(Cl)=CC=1)C(O)=O,"3,60"
8 601,CCC1C=C2C(CCN2C=1C(=O)C1C=CC(F)=CC=1)C(O)=O,"3,63"
8 602,[O-][N+](=O)C1=NC=CN1C1OC(CO)C(O)C(O)C1O,"-1,40"
8 603,[O-][N+](=O)C1=NC=CN1C1SC(CO)C(O)C(O)C1O,"-0,66"
8 604,COC(=O)C1(CC(OC(C)=O)C(NC(C)=O)C(O1)C(OC(C)=O)C(COC(C)=O)OC(C)=O)N1C=CN=C1[N+]([O-])=O,"0,41"
8 605,CC(=O)OC1C(COC(C)=O)SC(C(OC(C)=O)C1OC(C)=O)N1C=CN=C1[N+]([O-])=O,"0,63"
8 606,NC1CC2CC1C1C=CC(=CC=12)C(F)(F)F,"2,91"
8 607,NC1CC2CC1C1C=C(C=CC=12)C(F)(F)F,"3,19"
8 608,O=C(NC1C=C(Cl)C(F)=C(Cl)C=1F)NC(=O)C1C(F)=CC=CC=1F,"4,56"
8 609,CC(C)=CC1C(C(=O)OCC=CC)C1(C)C,"5,09"
8 610,CCC1C(O)=NC(=O)N(C)C1=O,"0,15"
8 611,CN(SN(CCC(=O)OCC)CC1C=CC=CC=1)C(=O)ON=C(C)SC,"3,43"
8 612,COC1C=C(OC)C(Cl)=C(CC2C=NC(=N)NC2=N)C=1Cl,"2,55"
8 613,N=C1NC(=N)C(CC2=CC3OCOC=3C=C2Br)C=N1,"2,48"
8 614,COC1=CC(CC2=CN=C(N)N=C2N)=CC(=N1)OC,"1,64"
8 615,COC1C(O)=CC(CC2C=NC(=N)NC2=N)=CC=1O,"-0,04"
8 616,COC1=CC(CC2C=NC(=N)NC2=N)=CC(OCC2C=CC=CC=2)=C1OCC1C=CC=CC=1,"4,09"
8 617,COC1C(=CC(CC2C=NC(N)=NC=2N)=CC=1OCC1C=CC=CC=1)OCC1C=CC=CC=1,"3,89"
8 618,CC1C=C(OC)C(=CC=1CC1C=NC(=N)NC1=N)OCCCC,"2,78"
8 619,COC1C(Cl)=CC(CC2C=NC(=N)NC2=N)=CC=1Cl,"2,78"
8 620,CC1=CC(OC)=C(C=C1CC1C=NC(=N)NC1=N)OCC1C=CC=CC=1,"2,69"
8 621,COC1C=C(CC2=CN=C(N)N=C2N)C=CC=1OCC1C=CC=CC=1,"2,66"
8 622,O=C(NC1=CC=C(F)C=C1F)C1C=CC=NC=1OC1=CC(=CC=C1)C(F)(F)F,"4,90"
8 623,COC1=C(I)C=C(CC2C=NC(=N)NC2=N)C=C1OC,"2,33"
8 624,COC1=CC(CC2=CN=C(N)N=C2N)=C(Cl)C(=C1)OC,"2,13"
8 625,COC1=CC(CC2C=NC(=N)NC2=N)=CC=C1C(C)(C)O,"1,38"
8 626,COC1=CC=C(CC2C=NC(=N)NC2=N)C=C1O,"0,74"
8 627,COC1=CC(CC2C=NC(=N)NC2=N)=CC(OC)=C1OCC#N,"0,72"
8 628,COC(=O)COC1=C(C=C(CC2C=NC(=N)NC2=N)C=C1OC)OC,"0,55"
8 629,COCC(O)CN1C=C(Br)N=C1[N+]([O-])=O,"0,46"
8 630,CN(C)N=NC1C=C(C=C(C=1)C(N)=O)C(N)=O,"0,22"
8 631,CC(=NOCC(O)=O)C1C=C(C=CC=1[N+]([O-])=O)OC1C=CC(=CC=1Cl)C(F)(F)F,"4,30"
8 632,CCCCN(CC(O)C1C=CC=CC=1)CCCC,"3,16"
8 633,CC(C)(C)C(O)C(=CC1C=CC(Cl)=CC=1)N1C=NC=N1,"3,67"
8 634,CC(C)(C)C(O)C(=CC1C=CC(Cl)=CC=1Cl)N1C=NC=N1,"4,30"
8 635,ClC1C=C(Cl)C2=C(OC3=C2C=CC=C3Cl)C=1Cl,"6,31"
8 636,ClC1C=C(Cl)C2C3=C(C=CC=C3Cl)OC=2C=1Cl,"5,89"
8 637,ClC1=CC2=C(OC3=C2C=CC=C3Cl)C(Cl)=C1Cl,"6,11"
8 638,ClC1C2=C(OC3=C2C=CC(Cl)=C3Cl)C(Cl)=CC=1Cl,"6,27"
8 639,ClC1C=C(Cl)C2=C(OC3=C2C=C(Cl)C=C3Cl)C=1Cl,"6,24"
8 640,CCCC(=O)N(CSP(=S)(OC)OC)C1=CC=CC=C1Cl,"0,56"
8 641,BrC1=CC(=CC=C1)O[Si]12OCCN(CCO1)CCO2,"0,26"
8 642,NC(=O)CCC(NS(=O)(=O)C1C=CC=CC=1)C(O)=O,"0,33"
8 643,CCNC(=O)CCC(NS(=O)(=O)C1C=CC=CC=1)C(O)=O,"0,15"
8 644,CCCNC(=O)CCC(NS(=O)(=O)C1C=CC=CC=1)C(O)=O,"0,01"
8 645,CCCCC/N=C(\\O)/CCC(NS(=O)(=O)C1C=CC=CC=1)C(O)=O,"0,03"
8 646,CC1C=CC(=CC=1)S(=O)(=O)NC(CCC(=O)NCCC)C(O)=O,"0,02"
8 647,CC1C=CC(=CC=1)S(=O)(=O)NC(CC/C(/O)=N/CCCC)C(O)=O,"0,00"
8 648,CC1C=CC(=CC=1)S(=O)(=O)NC(CC/C(/O)=N/CCCCCC)C(O)=O,"0,84"
8 649,CC1C=CC(=CC=1)S(=O)(=O)NC(CC/C(/O)=N/C1CCCCC1)C(O)=O,"0,10"
8 650,OC(=O)COCCN1CCN(CC1)C(C1C=CC=CC=1)C1C=CC(Cl)=CC=1,"1,70"
8 651,CC1=CC=C(CC2C=NC(NCCSCC3=CC=C(CN(C)C)O3)=NC2=O)C=N1,"2,06"
8 652,CN(C)C1CC(C)OC(OC2C(C)C(OC3CC(C)(OC)C(O)C(C)O3)C(C)C(=O)OC(CC)C(C)(O)C(O)C(C)N(C)CC(C)CC2(C)O)C1O,"4,02"
8 653,CC1CC2C3CCC4=CC(=O)C=CC4(C)C3(Cl)C(O)CC2(C)C1(OC(=O)C1=CC=CO1)C(=O)CCl,"3,90"
8 654,ClC1C(=CC(Cl)=C(Cl)C=1Cl)OC1=CC(Cl)=C(Cl)C=C1Cl,"7,46"
8 655,ClC1C=C(C=CC=1Cl)OC1C(Cl)=C(Cl)C(Cl)=C(Cl)C=1Cl,"7,31"
8 656,ClC1C=C(Cl)C(Cl)=C(OC2C=CC(Cl)=C(Cl)C=2Cl)C=1Cl,"7,14"
8 657,ClC1C=C(OC2C=C(Cl)C(Cl)=C(Cl)C=2)C(Cl)=C(Cl)C=1Cl,"7,55"
8 658,ClC1=C(OC2C=C(Cl)C(Cl)=C(Cl)C=2Cl)C(Cl)=C(Cl)C(Cl)=C1Cl,"8,07"
8 659,ClC1C=C(Cl)C(Cl)=CC=1OC1C(Cl)=C(Cl)C(Cl)=C(Cl)C=1Cl,"7,81"
8 660,CCC(=O)OCC1OC(CC1O)N1C=C(I)C(O)=NC1=O,"0,68"
8 661,CC(C)C(=O)OCC1OC(C1O)N1C=C(I)C(O)=NC1=O,"0,83"
8 662,CC(C)(C)C(=O)OCC1OC(CC1O)N1C=C(I)C(O)=NC1=O,"1,34"
8 663,OC1CC(OC1COC(=O)C1C=CC=CC=1)N1C=C(I)C(=O)NC1=O,"1,40"
8 664,CCCCC(=O)OCC1OC(CC1O)N1C=C(I)C(=O)NC1=O,"1,44"
8 665,NC1=NC(N)=C(N=N1)C1=CC=CC(Cl)=C1Cl,"2,57"
8 666,CCCN1CCCCC1C(=O)NC1C(C)=CC=CC=1C,"2,90"
8 667,CC(C)NCC(O)COC1=CC=C(C=C1)OCCOCCC1=CC=C(F)C=C1,"3,70"
8 668,CCC(C)C(=O)OC1CCC=C2C=CC(C)C(CCC(O)CC(O)CC(O)=O)C21,"3,60"
8 669,CC(=O)C1N=C(N(CC(C)O)C=1C)[N+]([O-])=O,"0,37"
8 670,COC1C=CC(CN(C)N=O)=CC=1,"1,62"
8 671,CN(CC1C=CC(F)=CC=1)N=O,"1,67"
8 672,CN(CC1C=CC(Cl)=CC=1)N=O,"2,19"
8 673,CN(CC1=CC=C(C=C1)C#N)N=O,"0,95"
8 674,CN(CC1=CC=C(C=C1)[N+]([O-])=O)N=O,"0,82"
8 675,NC(=O)CCC1=CC=CC=N1,"-0,27"
8 676,N=C(O)CCCCC1=CC=CC=N1,"0,38"
8 677,NC(=O)CCC1C=CC=NC=1,"-0,26"
8 678,N=C(O)CCCC1C=CC=NC=1,"-0,08"
8 679,OCCCCCC1=CN=CC=C1,"1,41"
8 680,NC(=O)CCCCC1C=CC=NC=1,"0,40"
8 681,NCCCCCC1=CN=CC=C1,"1,41"
8 682,N=C(O)CCC1C=CN=CC=1,"-0,25"
8 683,NC(=O)CCCCC1C=CN=CC=1,"0,42"
8 684,CCN1CCCC1C/N=C(\\O)/C1=C(C=CC(Br)=C1O)OC,"2,00"
8 685,O=C1CCC(N=N1)C1C=CC(=CC=1)N1C=NC=C1,"0,96"
8 686,CCOC(=O)C1(C)OC(=O)N(C2C=C(Cl)C=C(Cl)C=2)C1=O,"3,15"
8 687,COC(=O)C1C(C=C2CCSC2=O)C1(C)C,"2,33"
8 688,COC12C3NC3CN1C1=C(C2COC(=N)O)C(=O)C(NC2=NC=C(C)S2)=C(C)C1=O,"1,16"
8 689,NC1N=C2C(=CN=1)N=CN2COCCO,"-1,08"
8 690,[N-]=[N+]=NC1CC(OC1CO)N1C=CC(=O)NC1=O,"-0,32"
8 691,[N-]=[N+]=NC1CC(OC1CO)N1C=CC(N)=NC1=O,"-0,70"
8 692,CC1C(Cl)=C(C=CC=1Cl)OC(C)/C(/O)=N/C1C=CC=CC=1,"4,80"
8 693,CC(CC)N1N=CN(C1=O)C1C=CC(=CC=1)N1CCN(CC1)C1C=CC(=CC=1)OCC1COC(CN2C=NC=N2)(O1)C1C=CC(Cl)=CC=1Cl,"5,66"
8 694,CC1C=CC(COC(=O)N(C)C)=CC=1,"2,63"
8 695,CN(C)C(=O)OCC1C=CC(F)=CC=1,"2,30"
8 696,COC1C=C(COC(=O)N(C)C)C=CC=1,"2,09"
8 697,COC1=CC=C(COC(=O)N(C)C)C=C1,"2,20"
8 698,CN(C)C(=O)OCC1C=CC=C(N)C=1,"1,06"
8 699,CN(C)C(=O)OCC1C=CC=C(Cl)C=1,"2,82"
8 700,CN(C)C(=O)OCC1C=CC(Cl)=CC=1,"2,93"
8 701,CN(C)C1C=C(COC(=O)N(C)C)C=CC=1,"2,28"
8 702,CC(C)OC1C=C(COC(=O)N(C)C)C=CC=1,"3,03"
8 703,CN(C)C(=O)OCC1C=CC(=CC=1)OCC1C=CC=CC=1,"3,27"
8 704,CN(C)C(=O)OCC1=CC=C(C=C1)[N+]([O-])=O,"1,95"
8 705,CN(C)C(=O)OCC1=CC=C(C=C1)C#N,"1,67"
8 706,CN(C)C(=O)OCC1C=CC(Br)=CC=1,"3,01"
8 707,CN(C)C(=O)OCC1C=CC(I)=CC=1,"3,32"
8 708,CN(C)C(=O)OCC1=CC=C(C=C1)C(F)(F)F,"3,08"
8 709,CN(C)C(=O)OCC1=CC=C(C=C1)OC(=O)N(C)C,"1,59"
8 710,CSC1C=CC(COC(=O)N(C)C)=CC=1,"2,86"
8 711,CC(=O)NC(CC(N)=O)C(N)=O,"-2,41"
8 712,CCNC1N=C(Cl)N=C(NC2CCCCC2)N=1,"3,63"
8 713,CN(C)C1=NC=C(C=C1C#N)C1C=CN=CC=1,"2,13"
8 714,CCC(CNC)C1C=CC=CC=1,"2,82"
8 715,CC(C)C(CNC)C1C=CC=CC=1,"3,12"
8 716,CC(C)CC(CNC)C1C=CC=CC=1,"3,76"
8 717,CCC(C(C1=CC=C(C=C1)OC)C1=CC=C(C=C1)OC)[N+]([O-])=O,"4,45"
8 718,COC1C=CC(=CC=1)C(C[N+]([O-])=O)C1C=CC(=CC=1)OC,"3,57"
8 719,O=C1NC(=O)C(F)=CN1CC1C=CC(Cl)=CC=1,"1,64"
8 720,COC1C=CC(CN2C=C(F)C(=O)NC2=O)=CC=1,"1,04"
8 721,CC(=O)OC1CC(=O)OC(C)CC2OC2C=CC(=O)C(C)CC(CC=O)C(OC2OC(C)C(O)C(C2O)N(C)C)C1OC,"0,30"
8 722,NC1NC2=C(N=CN2C2CCC(CO)O2)C(=O)N=1,"-1,01"
8 723,CCCCOC(=O)N1C=C(F)C(O)=NC1=O,"0,89"
8 724,CC(C)N1C(=O)NC(=O)C(CC)(CC)C1=O,"2,36"
8 725,CCC1(C(O)=NC(=O)N(C(C)C)C1=O)C1C=CC=CC=1,"2,58"
8 726,CCC1(C2C=CC=CC=2)C(=O)NC(=NC1=O)OC(C)C,"1,79"
8 727,CC(C)OC1=NC(=O)NC(=O)C1(CC)CC,"1,86"
8 728,CCC1(C(O)=NC(=O)N=C1OC(C)C)C1C=CC=CC=1,"2,22"
8 729,CC(C)OC1N=C(O)C(CC)(CC)C(=O)N=1,"1,44"
8 730,C[Si](CN1C=NC=N1)(C1C=CC(F)=CC=1)C1C=CC(F)=CC=1,"3,70"
8 731,COC1C=C(CC2=CN=C(N)N=C2N)C=CC=1OCC,"1,34"
8 732,COC1C=C(CC2C=NC(=N)NC2=N)C=C(OCC)C=1C=CC,"2,65"
8 733,COC1=CC=C(CC2C=NC(=N)NC2=N)C=C1I,"2,09"
8 734,COC1=CC=C(CC2C=NC(=N)NC2=N)C=C1N,"0,76"
8 735,COC1C=C(CC2=CN=C(N)N=C2N)C=CC=1N,"0,49"
8 736,COC1=CC=C(CC2C=NC(=N)NC2=N)C=C1N(C)C,"1,68"
8 737,COC1=CC(CC2C=NC(=N)NC2=N)=CC=C1N(C)C,"1,87"
8 738,COC1=CC=C(Br)C=C1CC1C=NC(=N)NC1=N,"2,44"
8 739,COC1C=C(CC2C=NC(=N)NC2=N)C(Br)=CC=1,"2,00"
8 740,COC1=CC(CC2C=NC(=N)NC2=N)=C(Br)C=C1Br,"3,17"
8 741,COC1=C(OC)C(I)=C(CC2C=NC(=N)NC2=N)C=C1OC,"1,79"
8 742,COC1C=CC(CC2=CN=C(N)N=C2N)=CC=1OCCC,"1,88"
8 743,NC(=O)C1N=CN2C=1N=NN(CCCl)C2=O,"-0,47"
8 744,CC(C)(C)N(=O)=CC1C=CC(F)=CC=1,"1,42"
8 745,CC1=CC2=NC=CC(=O)N2C=C1,"0,56"
8 746,CCC1=CC=C(C=C1)C=N(=O)C(C)(C)C,"2,19"
8 747,CN1C(=O)C(=NN=C1S)C1C=CC(F)=CC=1,"2,38"
8 748,OC(=O)C1=CN(C2CC2)C2=CC(=C(F)C=C2C1=O)N1CCNCC1,"0,28"
8 749,COC(=O)CS(=O)C1C=CC(=CC=1)[N+]([O-])=O,"0,80"
8 750,CNC(=O)C1=CNC2=CC=CC=C12,"1,25"
8 751,CC(C)C(C)N(CC)C(=O)SCC1=CC=CC=C1,"4,60"
8 752,COC1=CC=CC=C1/C(/O)=N/CCCN(C)C,"1,27"
8 753,COC1=CC=CC=C1/C(/O)=N/CCCN(CC)CC,"1,76"
8 754,NC1=CC(=CC=C1)NC(=O)CC1C=CC=CC=1,"1,59"
8 755,CCCN1C(=O)C2NC(=NC=2N(CCC)C1=O)C1C=CC(Cl)=CC=1N,"4,02"
8 756,CN=C(O)ON=CC1C=CC(Cl)=C(Cl)C=1,"2,89"
8 757,CN=C(O)ON=CC1C=CC=C(C=1)OC1=CC=CC=C1,"3,12"
8 758,CSC1C=C(C=CC=1)NC(=N)O,"1,57"
8 759,N=C(O)NC1C=CC(=CC=1)OC1C=CC(Br)=CC=1,"3,70"
8 760,CCCC1=CC=C(C=C1)NC(=O)N(C)C,"2,55"
8 761,ClC1C(Cl)=C(C=CC=1Cl)OC1=CC(Cl)=C(Cl)C=C1,"6,51"
8 762,ClC1C=C(Cl)C(Cl)=C(Cl)C=1OC1C=CC=CC=1,"5,88"
8 763,ClC1C=CC(OC2C(Cl)=CC=CC=2Cl)=C(Cl)C=1Cl,"6,11"
8 764,ClC1=CC(OC2C(Cl)=C(Cl)C=CC=2Cl)=C(Cl)C=C1Cl,"6,47"
8 765,CCC(C)C(=O)OC1CC(O)C=C2C=CC(C)C(CCC3CC(O)CC(=O)O3)C21,"2,42"
8 766,N#CC(C#N)N=NC1C=CC(=CC=1)C(=O)CCl,"2,15"
8 767,CN1C(Cl)=NC=C1[N+]([O-])=O,"0,62"
8 768,CC(C)(C)C1=CC(C(O)CCC2CCNCC2)=C2C=CC=CC2=N1,"3,63"
8 769,CC1C=CC(CC2=CN=C(NC2=O)NCCCCC2=NC=C(Br)C=C2C)=CN=1,"3,57"
8 770,CS(=O)C1=CC(OC)=C(C=C1)C1NC2=CN=CC=C2N=1,"1,25"
8 771,OC(CN1C=NC=N1)(CN1C=NC=N1)C1C=CC(F)=CC=1F,"0,50"
8 772,CN1CCN(CC1)C1C=C2C(=CC=1F)C(=O)C(=CN2NC)C(O)=O,"0,23"
8 773,COC1C=C2CCC(NC(=O)C(F)(F)F)C3=CC(=O)C(=CC=C3C2=C(OC)C=1O)OC,"1,67"
8 774,CC1C(=O)C2=C(C(COC(N)=O)C3(OC)C4C(CN32)N4C(=O)OCC2C=CC=CC=2)C(=O)C=1N,"1,34"
8 775,O=C(NC(=O)NC1C=C(Cl)C(OC(F)(F)C(F)F)=C(Cl)C=1)C1C(F)=CC=CC=1F,"5,68"
8 776,CC1C=CC(=CC=1)S(=O)(=O)CC(=O)C1C=CC(=CC=1)OC,"2,47"
8 777,CN(C)C1C=CC(=CC=1)S(=O)(=O)C1C=CC(N)=CC=1,"1,99"
8 778,CC(=NOC(=O)N(C)SN(C)C(=O)OCCCCCCCCCC)SC,"6,20"
8 779,CC(=NOC(=O)N(C)SN(C)C(=O)OC1CCCCC1)SC,"3,60"
8 780,CSC(C)=NOC(=O)N(C)SN(C)C(C)=O,"1,30"
8 781,CC(=NOC(=O)N(C)SN(C)C(=O)CC)SC,"1,60"
8 782,CC(=NOC(=O)N(C)SN(C)C(=O)CCC)SC,"2,20"
8 783,CC(=NOC(=O)N(C)SN(C)C(=O)C(C)C)SC,"2,20"
8 784,CN(SN(CCCC)C(C)=O)C(=O)ON=C(C)SC,"2,40"
8 785,CC(C)(C)OC(=O)N(C)SN(C)C(=O)OC1=CC=CC2CC(C)(C)OC1=2,"4,30"
8 786,CCC(=O)N(C)SN(C)C(=O)OC1=CC=CC2CC(C)(C)OC1=2,"3,20"
8 787,CCCC(=O)N(C)SN(C)C(=O)OC1=CC=CC2CC(C)(C)OC1=2,"3,80"
8 788,CN(SN(C)C(=O)OC1=CC=CC2CC(C)(C)OC1=2)C(=O)C(C)C,"3,60"
8 789,O=C(C=CC1C=CC=CC=1)C(F)(F)F,"3,01"
8 790,ClC1=CC(Cl)=C(C=C1)N=C(CN1C=NC=N1)SCC1C=CC(Cl)=CC=1,"4,94"
8 791,CC(CCC(=O)NCC1C=CC=CC=1)C1CCC2C3C(CC(O)C21C)C1(C)CCC(O)CC1CC3O,"3,54"
8 792,CC1C=CC=C(CC)C=1N(COC(C)C)C(=O)CCl,"3,50"
8 793,CC1CC(O)=NN=C1C1C=CC(=CC=1)N1C=NC=C1,"1,29"
8 794,O=C(NC(=O)NC1=CC(OC2=NC=C(C=C2Cl)C(F)(F)F)=C(Cl)C=C1)C1C(F)=CC=CC=1F,"5,10"
8 795,BrC1=CC=C(C=C1)O[Si]12OCCN(CCO1)CCO2,"0,58"
8 796,ClC1C=C(C=CC=1)O[Si]12OCCN(CCO1)CCO2,"0,46"
8 797,NC1N=C(NCCO)C(Cl)=NC=1[N+]([O-])=O,"0,12"
8 798,N#CC1=CC=CC=C1OCC(O)CNCCNC(=O)CC1=CC=C(O)C=C1,"0,92"
8 799,O/C(/CCC1C=CC=CC=1)=N\\C1=CC(Cl)=C(Cl)C=C1,"4,85"
8 800,CCCNC1CC2CC1C1=CC=CC=C12,"3,30"
8 801,CCNC1CC2CC1C1=CC=CC=C12,"2,72"
8 802,CNC1CC2OC1C1=CC=CC=C12,"0,91"
8 803,CC1C(Cl)=NON=1=O,"1,02"
8 804,CNC1C2CCC1C1=CC=CC=C12,"2,37"
8 805,CC1N=C2SC=CN2C(=O)C=1CCN1CCC(CC1)=C(C1C=CC(F)=CC=1)C1C=CC(F)=CC=1,"5,20"
8 806,CC(=O)N(C)N=NC1C=CC(CC)=CC=1,"3,36"
8 807,CC(=O)N(C)N=NC1C=CC(F)=CC=1,"2,77"
8 808,CO/C(/O)=N/C1=CC(OCC)=C(C=C1)OCC,"2,10"
8 809,CCOC1C=C(C=CC=1OCC)/N=C(\\O)/OCC,"2,54"
8 810,CC(C)OC(=O)NC1C=C(OCC)C(=CC=1)OCC,"2,91"
8 811,CCOC1C=C(C=CC=1OCC)/N=C(\\O)/OCC=C,"2,75"
8 812,CCOC1C=C(C=CC=1OCC)/N=C(\\O)/OCC#C,"2,68"
8 813,CCOC1C=C(C=CC=1OCC)/N=C(\\O)/OC(CBr)CBr,"3,50"
8 814,CCOC1C=C(C=CC=1OCC)/N=C(\\O)/OCCC#N,"2,07"
8 815,CCCO/C(/O)=N/C1=CC(OCC)=C(C=C1)OCC,"2,93"
8 816,O=P1(OCCCN1Cl)N(CCCl)CCCl,"1,94"
8 817,CCOCCOC(=O)C(C)OC1C=CC(=CC=1)OC1=NC=C(C=C1Cl)C(F)(F)F,"4,33"
8 818,CC(NC(CCC1C=CC=CC=1)C(O)=O)C(=O)N1C2CCCC2CC1C(O)=O,"0,22"
8 819,CN(C)C(=O)OCC1=CC=C(C=C1)C(N)=O,"0,77"
8 820,COC1C=C(C=CC=1C1NC2C=NC=CC=2N=1)OC,"2,56"
8 821,COC1=CC(OCCCCl)=C(C=C1)C1NC2C=NC=CC=2N=1,"3,53"
8 822,C#CCOC1=CC(OC(=O)N2CCCC2)=C(Cl)C=C1Cl,"3,82"
8 823,C#CCOC1=CC(OC(=O)N2CCCCC2)=C(Cl)C=C1Cl,"4,25"
8 824,NC1=NC=NC2=C1N=CN2C1CC(F)C(CO)O1,"0,08"
8 825,CN1C(=N)C2N=CN(CCOC)C=2NC1=O,"-0,96"
8 826,CN1C(=N)C2=C(NC1=O)N=CN2CCOC,"-1,49"
8 827,CN1C(=N)C2N=CN(CCOCC)C=2NC1=O,"-0,40"
8 828,CN1C(=N)C2N=CN(CCSCC)C=2NC1=O,"0,00"
8 829,CN1C(=O)NC2=C(N=CN2CCOC=C)C1=N,"-0,24"
8 830,CN1C(=O)NC2N=CN(CCOC=C)C=2C1=N,"-0,78"
8 831,CN1C(=N)C2N=CN(CCOCOC)C=2NC1=O,"-1,52"
8 832,CC1C=C(CCCCCCCOC2C=CC(=CC=2)C2=NCCO2)ON=1,"4,79"
8 833,CCCCCOC(=O)COC1C=C(C(F)=CC=1Cl)N1C(=O)C2CCCCC=2C1=O,"4,99"
8 834,C1COCCOCCOCCOCCOC2C=CC=CC=2OCCOCCOCCOC2C=CC=CC=2OCCO1,"1,45"
8 835,CNC(=O)NCCCCN1N=C(C=CC1=O)C1C=CC=CC=1,"1,23"
8 836,CCNC(=O)NCCCCN1N=C(C=CC1=O)C1C=CC=CC=1,"1,83"
8 837,CN(C)C(=O)NCCCCN1N=C(C=CC1=O)C1C=CC=CC=1,"1,58"
8 838,NC(=O)NCCCCCCN1N=C(C=CC1=O)C1C=CC=CC=1,"1,82"
8 839,CNC(=O)NCCN1N=C(C=CC1=O)C1C=CC=CC=1,"0,39"
8 840,NC(=O)NCCCN1N=C(C=CC1=O)C1C=CC=CC=1,"0,69"
8 841,CNC(=O)NCCCN1N=C(C=CC1=O)C1C=CC=CC=1,"1,16"
8 842,CCNC(=O)NCCCN1N=C(C=CC1=O)C1C=CC=CC=1,"1,68"
8 843,CN(C)C(=O)NCCCN1N=C(C=CC1=O)C1C=CC=CC=1,"1,61"
8 844,NC(=O)NCCCCN1N=C(C=CC1=O)C1C=CC=CC=1,"1,21"
8 845,CC1SC=C(C)C=1N(C(C)COC)C(=O)CCl,"2,15"
8 846,C1CN(CCN1)C1=NSC2=CC=CC=C21,"2,14"
8 847,CC(=NOCC(=O)OC)C1C=C(C=CC=1[N+]([O-])=O)OC1C=CC(=CC=1Cl)C(F)(F)F,"4,54"
8 848,CC(=O)C1=CC(=CC=C1)/N=C(\\O)/OC,"1,63"
8 849,CC(OC1C=CC(=CC=1)OC1=NC=C(Cl)C=C1Cl)C(=O)N1CCCO1,"3,36"
8 850,CN1CCC(CC1)(C1=CC(=CC=C1)OC(=O)OCC)C(=O)CC,"1,29"
8 851,OCCN(C1C(I)=C(C(I)=C(C=1I)C(=O)NCC(O)CO)C(=O)NCC(O)CO)C(=O)CO,"-2,98"
8 852,FC1=CN=C(N=C1)N1CCNCC1,"0,97"
8 853,CC12CCC(CC1OCC1C=CC=CC=1C)(O2)C(C)C,"4,62"
8 854,CCON=C(CC)C1C(=O)CC(CC1=O)C1C(C)=CC(C)=CC=1C,"4,46"
8 855,CC(NC1C=NC=CN=1)C(O)=O,"-2,79"
8 856,CC1(C)N=C(N)N=C(N)N1C1C=CC(N)=CC=1,"-0,59"
8 857,[O-][N+](=O)C1=NCC=NC1=NCC(O)CO,"-0,49"
8 858,COC(=O)C1=NC(=CN=C1[N+]([O-])=O)NCC(O)CO,"-0,10"
8 859,CC1NC(=CN=1)[N+]([O-])=O,"0,15"
8 860,CCCN1CCOC2C1CCC1C=CC(O)=CC=12,"2,44"
8 861,CCCOC1=CNN=C1,"1,42"
8 862,CC(=O)C1C=CC(OCCCCC2NN=NN=2)=C(CCC)C=1O,"3,82"
8 863,CC(=O)N(CCO)C1C(I)=C(C(I)=C(C=1I)C(=O)NC(CO)CO)C(=O)NC(CO)CO,"-2,33"
8 864,CON(C)C(=O)NC1C=CC(=CC=1)[N+]([O-])=O,"1,74"
8 865,CON(C)C(=O)NC1C=CC(N)=CC=1,"-0,16"
8 866,CON(C)C(=O)NC1C=CC(=CC=1)C#N,"1,33"
8 867,CON(C)C(=O)NC1C=C(CO)C=CC=1,"0,62"
8 868,CN(OC)C(=O)NC1=CC(=CC=C1)[N+]([O-])=O,"1,64"
8 869,CON(C)C(=O)NC1C=CC(C=C(C#N)C#N)=CC=1,"2,19"
8 870,CCNC1C=CC(=CC=1)NC(=O)N(C)OC,"0,83"
8 871,CN(OC)C(=O)NC1C=CC(=CC=1)N(CC)CC,"2,33"
8 872,CC(=O)C1=CC=C(C=C1)NC(=O)N(C)OC,"1,22"
8 873,CON(C)C(=O)NC1C=CC(F)=CC=1,"1,46"
8 874,COCNC(=O)NC1C=CC(=CC=1)C(=O)OCC,"2,24"
8 875,CON(C)C(=O)NC1C=CC(=CC=1)C(=O)C1C=CC=CC=1,"2,86"
8 876,CON(C)C(=O)NC1C=CC(=CC=1)NS(C)(=O)=O,"0,14"
8 877,CON(C)C(=O)NC1C=CC(=CC=1)C1CCCCC1,"4,08"
8 878,CC(CC1CCCCC1)OC1C=CC(=CC=1)NC(=O)N(C)OC,"4,51"
8 879,CON(C)C(=O)NC1C=CC(=CC=1)OCCCCOC1C=CC=CC=1,"3,57"
8 880,CON(C)C(=O)NC1=CC2CC3=CC=CC=C3C=2C=C1,"3,67"
8 881,CCCCC1=CC(=CC=C1)/N=C(\\O)/N(C)C,"3,23"
8 882,CN(C)C(=O)NC1C=CC(=CC=1)C1CCCCC1,"3,83"
8 883,CN(C)C(=O)NC1=CC(=CC=C1)OCC1C=CC(Cl)=CC=1Cl,"4,10"
8 884,CN(C)/C(/O)=N/C1=CC(Cl)=C(C=C1)C(=O)OC(CC(C)C)CC(C)C,"5,15"
8 885,CC1N=C(COCCN)C(C(C=1C(=O)OC)C1=CC=CC=C1Cl)C(=O)OCC,"3,00"
8 886,CC12CC(O)C3C(CCC4=CC(=O)C=CC43C)C1CCC2(O)C(=O)COC1OC(CO)C(O)C(O)C1O,"0,27"
8 887,NC(=O)C1=CC=CC=C1NC(=O)C(Cl)Cl,"1,68"
8 888,CC(=O)C1=CC=CC=C1NCC#N,"1,58"
8 889,NC(=O)C1=CC=CC=C1NCC#N,"0,50"
8 890,CC(=O)CNC1=CC=CC=C1OC,"1,49"
8 891,COC1=CC=CC=C1NCC(N)=O,"0,78"
8 892,NC(=O)C1=CC=CC=C1NCCO,"-0,05"
8 893,NC(=O)C1=CC=CC=C1NCCCO,"0,70"
8 894,CCCCCCCCOC(=O)C1CC(=O)NC(=O)N=1,"2,60"
8 895,CON=C(CC1C=NC=CC=1)C1C=CC(Cl)=CC=1Cl,"3,70"
8 896,CC1C(=O)N2CCCCC2=NC=1C,"0,60"
8 897,COC1C=C(CC(O)=O)C=CC=1OC(C)C,"1,75"
8 898,CCCCCC[N+]1=CC(C)=C(C)C=C1,"-1,51"
8 899,CCCCCCCCCC[N+]1=CC(C)=C(C)C=C1,"0,66"
8 900,CCCCCCCCCCCC[N+]1=CC(C)=C(C)C=C1,"1,75"
8 901,CCCCCCCCCCCCCC[N+]1=CC(C)=C(C)C=C1,"2,93"
8 902,CCCCCCCCCCCCCCCC[N+]1=CC(C)=C(C)C=C1,"3,16"
8 903,CCCCCCCC[N+]1C=CC(C)=CC=1C,"-0,57"
8 904,CCCCCCCCCC[N+]1C=CC(C)=CC=1C,"0,54"
8 905,CCCCCCCCCCCC[N+]1C=CC(C)=CC=1C,"1,41"
8 906,CCCCCCCCCCCCCC[N+]1C=CC(C)=CC=1C,"2,47"
8 907,CCCCCC[N+]1C=C(C)C=C(C)C=1,"-1,19"
8 908,CCCCCCCCCC[N+]1C=C(C)C=C(C)C=1,"0,76"
8 909,CCCCCCCCCCCC[N+]1C=C(C)C=C(C)C=1,"1,91"
8 910,CCCCCCCCCCCCCC[N+]1C=C(C)C=C(C)C=1,"2,90"
8 911,FC(F)(F)C(=NOCC1OCCO1)C1C=CC(Cl)=CC=1,"2,90"
8 912,O=C1C2CCCCC=2N=C2CCCN21,"0,83"
8 913,CCCCCCCCCCCCCCCC[N+]1C=C(C)C=C(C)C=1,"3,35"
8 914,CS(=O)(=O)C1C=C(C=CC=1)NC(N)=O,"-0,12"
8 915,NC(=O)C1C=CN=NC=1,"-0,96"
8 916,NC(=O)C1N=CC=CN=1,"-1,20"
8 917,CC1(C)SC2C(/N=C(\\O)/CC3C=CC(Cl)=CC=3Cl)C(=O)N2C1C(O)=O,"3,30"
8 918,CC1(C)SC2C(/N=C(\\O)/C(NS(C)(=O)=O)C3C=CC=CC=3)C(=O)N2C1C(O)=O,"0,95"
8 919,CCCCC(CN1C=NC=N1)(C#N)C1C=CC(Cl)=CC=1,"2,94"
8 920,COC1=CC=CC(=N1)N(C)C(=S)OC1C=C(C=CC=1)C(C)(C)C,"5,18"
8 921,O=C1CN=C(C2=CC=CC=C2F)C2C=C(Cl)C(Cl)=CC=2N1,"3,63"
8 922,OC1CN=C(C2C(F)=CC=CC=2F)C2C=CC(Cl)=CC=2N=1,"2,88"
8 923,CCN1C(=O)CN=C(C2C=C(N)C=CC1=2)C1C=CC=CC=1,"1,81"
8 924,CC1N=C(C2=CC=CC=C2Cl)C2C=C(Cl)C=CC=2N(C)C1=O,"3,40"
8 925,CSCN1C(=O)CN=C(C2C=C(N)C=CC1=2)C1C=CC=CC=1,"1,92"
8 926,COCN1C(=O)C(O)N=C(C2C=C(N)C=CC1=2)C1C=CC=CC=1,"0,75"
8 927,O=C(C1=CC=CC=N1)N1C=C(F)C(=O)NC1=O,"-0,06"
8 928,NC1N=C(NCC(O)CO)C(Cl)=NC=1[N+]([O-])=O,"-0,22"
8 929,CC(C(C1=CC=CC=C1)C1=CC=CC=C1)[N+]([O-])=O,"3,91"
8 930,COC12C3NC3CN1C1=C(C2COC(N)=O)C(=O)C(NC2=NC(C)=C(C)S2)=C(C)C1=O,"1,29"
8 931,CCOC1=CC2SC(=NC=2C=C1)S(=O)(=O)NC,"2,59"
8 932,NS(=O)(=O)C1=NC2C=CC(Cl)=CC=2S1,"2,10"
8 933,CC1OC(CC(OC)C1O)OC1CCC2(C)C(C1)CCC1C2CCC2(C)C(C(O)CC21O)C1COC(=O)C=1,"0,59"
8 934,CN(C)CCNS(=O)(=O)C1C=CC(=CC=1)C1NC2=C(N=1)N(CC)C(=O)N(CC)C2=O,"2,57"
8 935,CN(C)CCNS(=O)(=O)C1=CC=C(C=C1)C1NC2=C(N=1)N(CCC)C(=O)N(CCC)C2=O,"3,32"
8 936,COC1C=CC=C(OC)C=1C1NC2C=NC=CC=2N=1,"1,66"
8 937,CC(O)=NC1=N/C(=N/CC(O)CO)/C(Cl)=NC1[N+]([O-])=O,"0,00"
8 938,CN1CCN(CC1)C1=NC(NC(C)=O)=C(N=C1Cl)[N+]([O-])=O,"0,50"
8 939,CCO/C(/O)=N/C1=NCC(C2C=CC=C(F)C=2)N1C,"1,84"
8 940,CCO/C(/O)=N/C1=NCC(C2C=CC(F)=CC=2)N1C,"1,90"
8 941,CCO/C(/O)=N/C1=NCC(C2=CC=C(CO)C=C2)N1C,"0,84"
8 942,CO/C(/O)=N/C1=NCC(C2C=CC(C=O)=CC=2)N1C,"0,74"
8 943,CO/C(/O)=N/C1=NCC(C2C=C(Br)C=CC=2Br)N1C,"2,77"
8 944,CO/C(/O)=N/C1=NCC(C2C=CC=C(Cl)C=2)N1C,"2,10"
8 945,CC1OC(CC(C1O)N1CCOCC1)OC1CC(O)(CC2C1=C(O)C1C(=N)C3C(=CC=CC=3C(=O)C=1C=2O)OC)C(O)CO,"1,43"
8 946,CC(=O)C1(O)CC2=C(C(C1)OC1CC(C(O)C(C)O1)N1CCOCC1C#N)C(O)=C1C(C(=O)C3C=CC=C(OC)C=3C1=O)=C2O,"2,59"
8 947,CC1OC(CC(C1O)N1CCOCC1C#N)OC1CC(O)(CC2C1=C(O)C1=C(C(=O)C3C=CC=C(OC)C=3C1=O)C=2O)C(O)CO,"1,56"
8 948,CC1OC(CC(C1O)N1CCOCC1C#N)OC1CC(O)(CC2C1=C(O)C1C(=N)C3=C(C=CC=C3OC)C(=O)C=1C=2O)C(=O)CO,"1,97"
8 949,CC1OC(CC(C1O)N1CCOCC1)OC1CC(O)(CC2C1=C(O)C1C(=N)C3C(=CC=CC=3OC)C(=O)C=1C=2O)C(=O)CO,"1,80"
8 950,CC1OC(CC(C1O)N1CCOCC1C#N)OC1CC(O)(CC2C1=C(O)C1=C(C(=O)C3C=CC=C(OC)C=3C1=O)C=2O)C(=O)CO,"1,98"
8 951,C#CCC(O)C1=CN=CC=C1,"1,21"
8 952,C#CCC(O)(CC#C)C1=CN=CC=C1,"1,29"
8 953,C#CCC(O)(C1CCCCC1)C1=CN=CC=C1,"2,09"
8 954,C#CCC(O)(C1=CN=CC=C1)C1C=CC(F)=CC=1,"1,78"
8 955,C#CCC(O)(C1C=CC(Cl)=CC=1Cl)C1=CN=CC=C1,"2,29"
8 956,C#CCC(O)(C1=CN=CC=C1)C1=CC(Cl)=C(Cl)C=C1,"2,42"
8 957,CC(C)C1C=CC(=CC=1)C(O)(CC#C)C1=CN=CC=C1,"2,16"
8 958,C#CCC(O)(C1=CN=CC=C1)C1=CC2=CC=CC=C2C=C1,"2,14"
8 959,N#CC1C=CC(=CC=1)NC(=O)CC1C=CC=CC=1,"2,82"
8 960,CC(=O)C1C=CC(=CC=1)NC(=O)CC1C=CC=CC=1,"2,75"
8 961,N#CC1=CC(=CC=C1)NC(=O)CC1C=CC=CC=1,"2,75"
8 962,CC1C=C(C)N=C(N=1)N=NC(C)C1C=CC=CC=1C,"2,98"
8 963,CCCN(C)N=NC1C=CC(=CC=1)C(N)=O,"2,17"
8 964,CCCCCCN(C)N=NC1C=CC(=CC=1)C(N)=O,"3,69"
8 965,CCCCCCCN(C)N=NC1C=CC(=CC=1)C(N)=O,"4,20"
8 966,CCCCCCCCCCCCN(C)N=NC1C=CC(=CC=1)C(N)=O,"6,58"
8 967,NS(=O)(=O)C1C=CC=C(Br)C=1,"1,35"
8 968,ClC1C(Cl)CC(Cl)=CC1Cl,"3,72"
8 969,CC(O)=NC1=N/C(=N/C(O)CC(O)CO)/C(Cl)=NC1[N+]([O-])=O,"-0,66"
8 970,[O-][N+](=O)C1C=NC(=CN=1)NC(CO)C(O)CO,"-0,89"
8 971,CC(=O)C1C=CN=C2C=C(Cl)C=CC=12,"2,62"
8 972,NC1C=CN=C2C(=CC=CC2=1)[N+]([O-])=O,"1,31"
8 973,CCC(=O)NC1C=CN=C2C=C(Cl)C=CC2=1,"2,73"
8 974,COC1C=CN=C2C(=CC=CC=12)[N+]([O-])=O,"1,92"
8 975,CS(=O)(=O)C1=CC2C=CC=NC=2C=C1,"0,70"
8 976,O=S(=O)(C1=CC2C=CC=NC=2C=C1)C1C=CC=CC=1,"2,57"
8 977,NS(=O)(=O)C1=CC2C=CC=NC=2C=C1,"0,56"
8 978,CN(C)C1=CC2N=CC=CC=2C=C1,"2,71"
8 979,O=S(=O)(C1=CC=CC2C=CC=NC=21)C1C=CC=CC=1,"2,33"
8 980,CCOC1=CC2=NC=CN=C2C=C1,"2,22"
8 981,CNC1N=C(C2=CC=CC=C2N=1)C1C=CC=CC=1,"3,58"
8 982,CCCCOC1C=CC=NN=1,"1,80"
8 983,CC(=O)C1=CC2=CC=CC=C2N=N1,"1,44"
8 984,CCOC(=O)C1C=C2C=CC(CC)=CC2=NN=1,"2,31"
8 985,CC1=CN=NC2C=CC(Cl)=CC=21,"1,96"
8 986,CC1=CN=NC2C=C(Cl)C=CC=21,"1,98"
8 987,CC1C=CC=C2C(N)=CN=NC2=1,"1,57"
8 988,CCCCC(=O)C1=CC=CN1,"2,42"
8 989,CC(=O)N(CC(O)COC)C1C(I)=C(C(I)=C(C=1I)C(=O)NCC(O)CO)C(=O)NCC(O)CO,"-2,42"
8 990,CC(C)CN=C(O)C=CC1=CC=C(O1)[N+]([O-])=O,"2,23"
8 991,[O-][N+](=O)C1=CC2N=CNC=2C=C1,"1,50"
8 992,CC1SSC(=S)C=1CCC,"3,39"
8 993,OC(=O)COC1C=CC(Cl)=C(I)C=1,"3,10"
8 994,[O-][N+](=O)C1C=C(C=CC=1Cl)OCC(O)=O,"1,85"
8 995,CN(CC(C)O)C1C=CC(NN2C(C)=CC=C2C)=NN=1,"1,73"
8 996,CC(=O)N(C1C=CC(=NN=1)N1CCOCC1)N1C(C)=CC=C1C,"1,64"
8 997,CC1=CC=C(C)N1NC1C=CC(=NN=1)N1C(C)COCC1C,"2,59"
8 998,CCN1C=CCC(=O)C1=O,"0,20"
8 999,CCCN1C=CCC(=O)C1=O,"0,69"
9 000,CC(C)N1C=CCC(=O)C1=O,"0,79"
9 001,CC(=O)NC1C(=CC=CC=1[N+]([O-])=O)[N+]([O-])=O,"0,56"
9 002,CCCOC(=O)C=CC1=CC=C(O1)[N+]([O-])=O,"2,67"
9 003,CCCCOC(=O)C=CC1=CC=C(O1)[N+]([O-])=O,"2,83"
9 004,CC(C)OC(=O)C=CC1=CC=C(O1)[N+]([O-])=O,"2,64"
9 005,CCCN=C(O)C=CC1=CC=C(O1)[N+]([O-])=O,"1,86"
9 006,CC(C)(C)C1C(O)=NC(=O)N=C1O,"0,28"
9 007,OC(=O)CC1=CC=CC=C1NC1C(F)=CC=CC=1F,"3,57"
9 008,CCC1(C)CCC(O)=NC1=O,"0,23"
9 009,CC1=COC2=C1C1OC(=O)C=C(C)C=1C=C2C,"3,23"
9 010,CC1C=C(C=CC=1NC(=O)C1C=C(Cl)C=C(Cl)C=1O)[N+]([O-])=O,"4,51"
9 011,[O-][N+](=O)C1=CC(Cl)=CC=C1/N=C(\\O)/C1C=C(Cl)C=C(Cl)C=1O,"5,08"
9 012,CC(C)(C)N(=O)=NC#N,"1,40"
9 013,N#CN=[N+]([O-])C1=CC=CC=N1,"0,53"
9 014,ON=CC1=NN=C(O1)C1C=CC=CC=1,"2,03"
9 015,CC1N=C(C=NO)ON=1,"0,47"
9 016,CCN(CCSC(=NO)C1C=NSN=1)CC,"0,74"
9 017,CCN(CCSC(=NO)C1=NC(=NO1)C1C=CC=CC=1)CC,"3,05"
9 018,NC1C=CN(C2C=C(CO)C(O)C2O)C(=O)N=1,"-2,45"
9 019,OC(=O)C1C=CC(Cl)=CC=1NC1C=CC(Cl)=CC=1,"4,97"
9 020,COC1=CC=CC=C1/C(/O)=N/CCCCN,"0,58"
9 021,OC(=O)C1C=CC(Cl)=CC=1NC1C=CC(I)=CC=1,"5,37"
9 022,CC1=CC2C=CC(Cl)=C(C(O)=O)C=2N=C1,"0,78"
9 023,COC(=O)C1C(C(C(=O)OCC)C(C)=NC=1C)C1C=CC=C2OCOC2=1,"3,87"
9 024,NC(=N)N=NCC1=CC(=CC=C1)[N+]([O-])=O,"0,01"
9 025,CCC1C=CC=C2NC(=N)NC(=N)C2=1,"1,69"
9 026,CC(C)C(=O)NC1=CC=CC=C1S(N)(=O)=O,"0,97"
9 027,CC(C)/C(/O)=N/C1C=C(Cl)C=CC=1S(N)(=O)=O,"1,87"
9 028,CC1=CC(=CC=C1Br)/N=C(/C)\\O,"2,80"
9 029,ClC1=CC(=CC(Cl)=C1)O[Si]12OCCN(CCO1)CCO2,"1,22"
9 030,NC1=CC(=CC=C1)O[Si]12OCCN(CCO1)CCO2,"-1,15"
9 031,CCC1=CC=C(C=C1)O[Si]12OCCN(CCO1)CCO2,"0,56"
9 032,CC1=CC(=CC(C)=C1)O[Si]12OCCN(CCO1)CCO2,"0,46"
9 033,COC1=CC(Cl)=NC(NC(=O)NS(=O)(=O)C2=CC=CC=C2C(=O)OCC)=N1,"2,50"
9 034,CC1=NC(=C(Cl)N1C)[N+]([O-])=O,"0,34"
9 035,CC1=NC(Cl)=C(N1C)[N+]([O-])=O,"0,87"
9 036,CC(C)COC(=O)C=CC1=CC=C(O1)[N+]([O-])=O,"3,14"
9 037,CN(CC1=CC=CC2=CC=CC=C12)CC=CC#CC(C)(C)C,"6,00"
9 038,CCCCN=C(O)C=CC1=CC=C(O1)[N+]([O-])=O,"2,36"
9 039,N=C(O)OCCC1=CNC2=CC=CC=C12,"1,69"
9 040,CCCN(CCC)CCC1C=CC=C2NC(=O)CC=12,"2,70"
9 041,CC(C)(C)C1(CC=C)C(O)=NC(=O)N=C1O,"1,64"
9 042,CC(=O)OC1=C(OC)C(OC)=C(OC(C)=O)C2C=C(Cl)C=CC=21,"3,26"
9 043,OC(=O)CCC1NS(=O)(=O)C2C=C(Br)C=CC=2N=1,"0,93"
9 044,OC(=O)CCC1NS(=O)(=O)C2C=C(Cl)C=CC=2N=1,"0,69"
9 045,CN(C)C(=O)OCCCC1C=CC=CC=1,"2,93"
9 046,N=C1NCC(CN2CCN(CC2)C2C=CC=CC=2)O1,"0,85"
9 047,CCCCCOC(=O)C=CC1=CC=C(O1)[N+]([O-])=O,"3,40"
9 048,CC(C)(C)C(=O)OC1C(OC)=C(OC)C(OC(=O)C(C)(C)C)=C2C=CC=CC2=1,"5,69"
9 049,CC(=O)OC1C(OC)=C(OC)C(OC(C)=O)=C2C(Cl)=CC=CC=12,"3,16"
9 050,CC(=O)OC1C(OC)=C(OC)C(OC(C)=O)=C2C=C(F)C=CC2=1,"2,75"
9 051,CC(=O)OC1C(OC)=C(OC)C(OC(C)=O)=C2C=C(Br)C=CC2=1,"3,39"
9 052,CC(=O)OC1C(OC)=C(OC)C(OC(C)=O)=C2C(=CC=CC=12)OC,"2,43"
9 053,CC(=O)OC1C(OC)=C(OC)C(OC(C)=O)=C2C(=CC=CC=12)C#N,"2,51"
9 054,COC1=C(OC)C(OC(C)=O)=C2C=C(C=CC2=C1OC(C)=O)C#N,"2,28"
9 055,C/C(/O)=N/C1=CC2C(OC(C)=O)=C(OC)C(OC)=C(OC(C)=O)C=2C=C1,"2,00"
9 056,COC1=C(OC)C(OC(C)=O)=C2C=C(C=CC2=C1OC(C)=O)OC,"2,39"
9 057,CC(=O)OC1C(OC)=C(OC)C(OC(C)=O)=C2C=C(C)C=CC2=1,"2,86"
9 058,COC1C(OC)=C(OC(=O)CC)C2=CC=CC=C2C=1OC(=O)CC,"3,44"
9 059,CC(C)C(=O)OC1C(OC)=C(OC)C(OC(=O)C(C)C)=C2C=CC=CC2=1,"4,61"
9 060,CN(C)CCC1CN(C)C(=S)C2C=CC=NC=2O1,"1,08"
9 061,N#CC(=CC1=CC=C(Cl)O1)C#N,"2,17"
9 062,CCCN(CCC1=CC=CS1)C1CC2C=CC=C(O)C=2CC1,"4,70"
9 063,CC/N=C(\\O)/C1=CC2=CC=CC=C2O1,"2,22"
9 064,ClC1C=C(Cl)C2=C(OC3C=CC(Cl)=CC=32)C=1Cl,"6,13"
9 065,NC1NC2=C(N=CN2C2CC(F)C(CO)O2)C(=O)N=1,"-0,66"
9 066,CC(OC(=O)C(CC)C(CO)CC1=CN=CN1C)C1C=CC=CC=1,"2,23"
9 067,CCC(C(CC1=CN=CN1C)CO)C(=O)OCC1C=CC=CC=1,"1,97"
9 068,CCC(C(COC(=O)C1C=CC=CC=1)CC1=CN=CN1C)C(=O)OCC1C=CC=CC=1,"4,37"
9 069,CCC(C(CO)CC1=CN=CN1C)C(=O)OCCC1=CC=CC=C1,"2,31"
9 070,CCC(C(CC1=CN=CN1C)CO)C(=O)OCC1C=CC(Cl)=CC=1,"2,69"
9 071,CCC(C(COC(=O)C1C=CC=CC=1)CC1=CN=CN1C)C(=O)OCC1C=CC(Cl)=CC=1,"4,90"
9 072,CC1=CC=CC=C1COC(=O)C(CC)C(CO)CC1=CN=CN1C,"2,42"
9 073,CC1C=CC(COC(=O)C(CC)C(CC2=CN=CN2C)CO)=CC=1,"2,46"
9 074,CC1C=CC(COC(=O)C(CC)C(CC2=CN=CN2C)COC(=O)C2C=CC=CC=2)=CC=1,"4,85"
9 075,CCC(C(CC1=CN=CN1C)CO)C(=O)OCC1C=CC(=CC=1)C(C)(C)C,"3,67"
9 076,CCC(C(COC(=O)CC1=CC=CC=C1)CC1=CN=CN1C)C(=O)OCC1=CC=CC=C1,"4,00"
9 077,CCC(C(COC(=O)C1=CC(Cl)=CC=C1)CC1=CN=CN1C)C(=O)OCC1C=CC=CC=1,"5,08"
9 078,CCN(CC)C(=O)C1(CC1CN)C1C=CC=CC=1,"2,03"
9 079,CCC(C(COC(=O)C1=CN=CC=C1)CC1=CN=CN1C)C(=O)OCC1C=CC=CC=1,"3,05"
9 080,CCCCCCCC1=NNN=N1,"2,01"
9 081,CN(C1C=CC(=CC=1)OC(=O)C1C=CC=CC=1)C(=O)C(Cl)Cl,"2,56"
9 082,C1OC(OCC2ON=C(C21)C1C=CC=CC=1)C1C=CC=CC=1,"3,42"
9 083,CC1CC2C3CCC4=CC(=O)C=CC4(C)C3(F)C(O)CC2(C)C1(O)C(=O)COC1OC(CO)C(O)C(O)C1O,"0,49"
9 084,CC12CC(O)C3C(CCC4=CC(=O)CCC43C)C1CCC2(O)C(=O)COC1OC(CO)C(O)C(O)C1O,"0,15"
9 085,CC12CC(O)C3C(CCC4=CC(=O)C=CC43C)C1CCC2(O)C(=O)COC1OC(CO)C(OC2OC(CO)C(O)C(O)C2O)C(O)C1O,"-0,56"
9 086,CC(NC)C(OC)C1C=CC=CC=1,"2,05"
9 087,COC1C=C(C=CC=1C1=CN2C=CC=NC2=N1)S(C)=O,"0,63"
9 088,CCCC(O)C(C1=CC=C(C=C1)C1=CC=CC=C1)C(O)=O,"3,75"
9 089,OC(=O)C(C(O)C1C=CC=CC=1)C1C=CC(=CC=1)C1C=CC=CC=1,"3,60"
9 090,COC1C=C(C=CC=1)C(O)C(C1C=CC(=CC=1)C1C=CC=CC=1)C(O)=O,"3,53"
9 091,COC1C=CC(=CC=1)C(O)C(C1C=CC(=CC=1)C1C=CC=CC=1)C(O)=O,"3,59"
9 092,OC(=O)C(C(O)C1=CC=CC=C1F)C1C=CC(=CC=1)C1C=CC=CC=1,"3,77"
9 093,OC(=O)C(C(O)C1=CC(F)=CC=C1)C1C=CC(=CC=1)C1C=CC=CC=1,"3,31"
9 094,CC(C)(O)C(C1C=CC(=CC=1)C1C=CC=CC=1)C(O)=O,"3,25"
9 095,CC(C)C(O)C(C1=CC=C(C=C1)C1=CC=CC=C1)C(O)=O,"3,84"
9 096,COC1=CC=CC=C1C=CC(=O)OCCOC1C=CC(=CC=1OC)C=O,"3,65"
9 097,COC1C=C(C=CC=1OCCOC(=O)C1=CC=CC=C1Cl)C=O,"3,21"
9 098,COC1C=C(C=CC=1OCCOC(=O)C1=CC(Cl)=CC=C1)C=O,"3,67"
9 099,COC1C=C(C=CC=1OCCOC(=O)C1C=CC(Cl)=CC=1)C=O,"3,71"
9 100,COC1C=C(C=NO)C=CC=1OCCOC(=O)C1C=CC(Cl)=CC=1,"3,92"
9 101,COC1C=C(C=NO)C=CC=1OCCOC(=O)C1=CC(Cl)=CC=C1,"3,94"
9 102,COC1C=C(C=NO)C=CC=1OCCO,"0,82"
9 103,CCOC(=O)CON=CC1C=C(OC)C(=CC=1)OCCOC(=O)C1=CC(OC)=C(OC)C(=C1)OC,"3,26"
9 104,COC1C=C(N)C(F)=CC=1/C(/O)=N/CCN(CC)CC,"2,28"
9 105,COC1C=C(N)C(I)=CC=1/C(/O)=N/CCN(CC)CC,"3,09"
9 106,CCN1CC(C/N=C(\\O)/C2C=C(C=CC=2OC)S(N)(=O)=O)CC1,"0,64"
9 107,COC1C=CC(=CC=1/C(/O)=N/CC1CN(CC1)CC)S(=O)(=O)CC,"1,31"
9 108,CCN1CCC(C/N=C(\\O)/C2=CC(=C(N)C=C2OC)S(N)(=O)=O)C1,"0,66"
9 109,COC1=CC(N)=C(C=C1/C(/O)=N/CCN(CC)CC)S(=O)(=O)CC,"1,70"
9 110,CCCCCOCC1=CC=CC=C1/N=C(\\O)/OCCN1CCCCC1,"4,42"
9 111,CCCCOCC1C=CC=C(C=1)/N=C(\\O)/OCCN1CCCCC1,"3,73"
9 112,CCCCCOCC1C=CC=C(C=1)/N=C(\\O)/OCCN1CCCCC1,"4,20"
9 113,CCCCOCC1=CC=CC=C1/N=C(\\O)/OCCN1CCCCC1,"3,94"
9 114,CC1=CC(=CC=C1)N1C(=O)CCC1=O,"0,57"
9 115,CCCCCCC(C)N=NC(N)=N,"2,08"
9 116,CC(C)COC(=O)N(CC)CC,"2,82"
9 117,CCOC(=O)C1C=NN(C)C=1S(=O)(=O)NC(=O)NC1N=C(C=C(N=1)OC)OC,"1,30"
9 118,N#CC1=CC(=NN=C1NCCN1CCOCC1)C1C=CC=CC=1,"1,89"
9 119,O=C(NC1=CC=C(CON=C(C2CC2)C2C=CC(Cl)=CC=2)C=C1)NC(=O)C1C(F)=CC=CC=1F,"6,97"
9 120,CC1=NC=CN=C1OC(C)C,"2,24"
9 121,CC(C)=CCCC(C)(CC(C)=C)OC(C)=O,"4,36"
9 122,ClC1C=CC(=CC=1Cl)OC1=CC(Cl)=C(Cl)C(Cl)=C1,"6,83"
9 123,ClC1C=CC(OC2C=C(Cl)C(Cl)=C(Cl)C=2)=C(Cl)C=1Cl,"6,99"
9 124,CC(C1CC1)C(O)(CN1C=NC=N1)C1C=CC(Cl)=CC=1,"2,90"
9 125,CCCC(=O)N1C(=O)N=CC(F)C1=O,"0,67"
9 126,CC1(C)OC2C=CC(=CC=2C(C1O)N1CCCC1=O)C#N,"2,32"
9 127,CC1=NON/C/1=N\\C(=O)OC,"0,42"
9 128,COCC(=O)NC1=CC(Cl)=C(Cl)C=C1,"2,77"
9 129,COC(=O)NC1C=CC(=CC=1)C#N,"1,82"
9 130,COCCOC1=CC=CC=C1S(=O)(=O)/N=C(\\O)/N=C1N=C(NC(=N1)OC)OC,"2,04"
9 131,NS(=O)(=O)C1=NC2=CC=C(C=C2S1)[N+]([O-])=O,"1,36"
9 132,NC1C=CC2N=C(SC=2C=1)S(N)(=O)=O,"0,52"
9 133,CC(=O)C=CC1C=CC(CC)=CC=1,"3,26"
9 134,CN1C(=O)N=C(O)C(CC=C)(C2CCCC=2)C1=O,"1,89"
9 135,COC1C=CN=C(C#N)N=1,"0,86"
9 136,CCCN1CCOC2C1CCC1C(O)=CC=CC=12,"2,22"
9 137,CC(OC1C=C(C=CC=1[N+]([O-])=O)OC1C=CC(=CC=1Cl)C(F)(F)F)C(=O)OC=C,"4,54"
9 138,CC/N=C(\\O)/CN1C=CCC(=O)C1=O,"-0,74"
9 139,C/N=C(\\O)/CN1C=CCC(=O)C1=O,"-1,15"
9 140,CCC/N=C(\\O)/CN1C=CCC(=O)C1=O,"-0,24"
9 141,CC(C)/N=C(\\O)/CN1C=CCC(=O)C1=O,"-0,34"
9 142,CCCC/N=C(\\O)/CN1C=CCC(=O)C1=O,"0,33"
9 143,CC1C(=O)C(=O)C=CN1CCCCO,"-0,74"
9 144,CC(C)CO/C(/O)=N/C1=CC(OCC)=C(C=C1)OCC,"3,36"
9 145,COCCO/C(/O)=N/C1=CC(OCC)=C(C=C1)OCC,"2,27"
9 146,CCOC1C=C(C=CC=1OCC)/N=C(\\O)/OCC1C=CC=CC=1,"3,29"
9 147,CCOC(=O)C1CC(=O)C(C(=O)C2CC2)C(=O)C1,"1,60"
9 148,OC1C=CC(CN2C=CN=C2S)=CC=1F,"1,12"
9 149,OC1=C(F)C=C(CN2C=CN=C2S)C=C1F,"1,08"
9 150,OC1=CC=C(CN2CC=NC2=S)C=C1,"1,02"
9 151,FC1=CC=CC=C1CN1C=CN=C1S,"1,77"
9 152,FC1=CC(CN2C=CN=C2S)=CC(F)=C1,"1,98"
9 153,O=C(CC1C=CC=CC=1)NC1C=CC=C(I)C=1,"3,91"
9 154,CNC1C=CC=C(C=1)NC(=O)CC1C=CC=CC=1,"2,31"
9 155,CCNC1=CC(=CC=C1)NC(=O)CC1C=CC=CC=1,"2,59"
9 156,CC(=O)OC1C=C(C=CC=1)NC(=O)CC1C=CC=CC=1,"2,37"
9 157,CS(=O)(=O)OC1C=C(C=CC=1)NC(=O)CC1C=CC=CC=1,"2,32"
9 158,OC1=CC=C(C=C1)NC(=O)CC1C=CC=CC=1,"1,82"
9 159,OC1=CC=CC=C1NC(=O)CC1C=CC=CC=1,"2,40"
9 160,NC1=CC=CC=C1NC(=O)CC1C=CC=CC=1,"1,45"
9 161,COC1=CC=CC=C1NC(=O)CC1C=CC=CC=1,"2,68"
9 162,CC(=O)OC1(CCC2C3CCC4=CC(=O)C=CC4(C)C3C(=O)CC12C)C(=O)CO,"2,43"
9 163,[O-][N+](=O)C1=CC=C(C=CS(=O)(=O)C2C=CC=CC=2)O1,"1,88"
9 164,CC(CC)SP(=O)(OCC)SC(C)CC,"3,90"
9 165,COC1C=C2C(=N)NC(=NC2=CC=1OC)N1CCN(CC1)C(=O)C(C)OC,"1,14"
9 166,COC1=NOC2CCNCC1=2,"-0,04"
9 167,NS(=O)(=O)C1=NC2C=CC(=CC=2S1)OCCO,"0,59"
9 168,C/C(/O)=N/C1C=C(C(Br)=CC=1F)[N+]([O-])=O,"2,11"
9 169,CCN(CC)C(=O)CC1CCCCC1,"3,12"
9 170,CC1CC2C3CCC4=CC(=O)C=CC4(C)C3C(O)CC2(C)C1(OC(=O)CC)C(=O)CCl,"3,34"
9 171,CC1CC2C3CCC4=CC(=O)C=CC4(C)C3C(=O)CC2(C)C1(OC(=O)CC)C(=O)CCl,"3,30"
9 172,CC(CCO)C(F)(F)F,"1,37"
9 173,CC1C(CCC2=C1C=CC=C2OC)N(CCC)CCC,"4,76"
9 174,CC(=O)OC1CCN2C1=C(COC(=N)O)C1C(=O)C(=CC(=O)C2=1)OC,"0,72"
9 175,CC(=O)OC1CCN2C1=C(CO/C(/O)=N/C)C1=C2C(=O)C=C(OC)C1=O,"1,19"
9 176,CC(=O)OC1CCN2C1=C(CO/C(/O)=N/C)C1=C2C(=O)C(Cl)=C(OC)C1=O,"2,08"
9 177,COC1C(=O)C2C(CO/C(/O)=N\\C)=C3C(CCN3C=2C(=O)C=1C)OC(C)=O,"2,39"
9 178,CC(=O)OC1CCN2C1=C(CO/C(/O)=N/C)C1=C2C(=O)C=C(C1=O)N1CCCC1,"1,40"
9 179,O/C(=N\\CCOC(=O)C1C=CC=CC=1)/C(F)(F)F,"2,25"
9 180,COC1C=CC(C=CC(=O)C(F)(F)F)=CC=1,"3,33"
9 181,N=C(O)C1C(Br)=CC=CC=1Br,"1,00"
9 182,CCOC(=O)CN1C=NC(=C1I)[N+]([O-])=O,"0,57"
9 183,CCOC(=O)CN1C=NC(I)=C1[N+]([O-])=O,"0,93"
9 184,[O-][N+](=O)C1NC(C/C(/O)=N/CC2C=NC=CC=2)=NC=1I,"0,88"
9 185,CC1=CC(=CC=C1)C(=O)C1=CC=C2C(CCN21)C(O)=O,"3,23"
9 186,OC(=O)C1CCN2C1=CC=C(C=O)C1C=CC(Br)=CC2=1,"3,60"
9 187,CC(C)OC1=CC=C(C=C1)C(=O)C1=CC=C2C(CCN12)C(O)=O,"3,38"
9 188,C=CCOC1C=CC(=CC=1)C(=O)C1=CC=C2C(CCN21)C(O)=O,"3,48"
9 189,OC(=O)C1CCN2C(=CC=C21)C(=O)C1C=C(C=CC=1)C(F)(F)F,"3,69"
9 190,OC(=O)C1CCN2C(=CC=C21)C(=O)C1C=CC(=CC=1)C(F)(F)F,"3,71"
9 191,OC(=O)C1CCN2C(=CC=C21)C(=O)C1C(F)=CC=CC=1F,"2,47"
9 192,OC(=O)C1CCN2C(=CC=C21)C(=O)C1C=CC(F)=CC=1F,"2,59"
9 193,OC(=O)C1CCN2C(=CC=C21)C(=O)C1C=CC(Cl)=CC=1Cl,"3,56"
9 194,OC(=O)C1CCN2C(=CC=C21)C(=O)C1C(F)=C(F)C(F)=C(F)C=1F,"3,24"
9 195,OC(=O)C1CCN2C(=CC=C21)C(=O)C1C=CC(=CC=1)C1C=CC=CC=1,"4,27"
9 196,OC(=O)C1CCN2C(=CC=C21)C(=O)C1CCC1,"2,41"
9 197,OC(=O)C1CCN2C(=CC=C21)C(=O)CC1C=CC=CC=1,"2,52"
9 198,N#CC(C#N)N=NC1C=C(O)C=CC=1,"2,28"
9 199,CCCN1C(=O)C2N=C(NC=2N(CCC)C1=O)C1=CC=CC=C1N,"3,54"
9 200,CC(=O)N1N=CC2=C1N=CNC2=O,"-0,35"
9 201,CCC(=O)N1N=CC2=C1N=CNC2=O,"0,30"
9 202,O=C(C1C=CC=CC=1)N1N=CC2=C1N=CNC2=O,"1,20"
9 203,CN1N=NN=C1SCC1CSC2C(NC(=O)CC3=CSC(N)=N3)C(=O)N2C=1C(=O)OCOC(=O)C(C)(C)C,"1,36"
9 204,CC(C)(C)C(=O)OCOC(=O)C1=C(CSC2=NN=CS2)CSC2C(NC(=O)CN3C=NN=N3)C(=O)N12,"1,45"
9 205,CCCC(=O)N1N=CC2C(=O)NC=NC1=2,"0,85"
9 206,CC1=NN=C(S1)SCC1CSC2C(NC(=O)CN3C=NN=N3)C(=O)N2C=1C(=O)OCOC(=O)C(C)(C)C,"1,34"
9 207,NS(=O)(=O)C1=NC2=C(C=C(Cl)C=C2Cl)S1,"2,60"
9 208,NS(=O)(=O)C1=NC2C=CC(=CC=2S1)OCC1C=CC=CC=1,"3,18"
9 209,CC(=O)NC1=CC2SC(=NC=2C=C1)S(N)(=O)=O,"0,86"
9 210,CC(C)(C)N1N=CC(SCC2C=CC(=CC=2)C(C)(C)C)=C(Cl)C1=O,"6,37"
9 211,CC1C=CC=C(C)C=1N(CC1SC=CC=1OC)C(=O)CCl,"3,53"
9 212,CC1(C)CC(CC(C)(C)N1O)NC(=O)NP(=O)(N1CC1)N1CC1,"-0,42"
9 213,CC1(C)CC(CC(C)(C)N1)NC(=O)NP(=O)(N1CC1)N1CC1,"-0,80"
9 214,CCCCCCCCCCCCCC1=CC=CC=C1O,"8,61"
9 215,CC(=NN=C(S)N=NC(S)N(C)C)C1C=CC=CN=1,"1,25"
9 216,CCC(C(CO)CC(=O)OCC)C1=CN=CN1C,"0,73"
9 217,CCC(C(CO)CC1=CN=CN1C)C(=O)OCCCCCC,"2,71"
9 218,CC1C=CC=C(CC)C=1NC(C)=O,"1,41"
9 219,CC1C=CC(=C(C=1)NC(=O)C(C)C)S(N)(=O)=O,"1,45"
9 220,CC(C)/C(/O)=N/C1C=C(C=CC=1S(N)(=O)=O)C(F)(F)F,"2,45"
9 221,COC1=CC(NC(=O)C(C)C)=C(C=C1)S(N)(=O)=O,"1,37"
9 222,CC1C=CC(=C(C=1)NC(=O)C(CC)CC)S(N)(=O)=O,"2,13"
9 223,CCC(CC)/C(/O)=N/C1C=C(C=CC=1S(N)(=O)=O)C(F)(F)F,"3,06"
9 224,COC1=CC(/N=C(/O)\\C(CC)CC)=C(C=C1)S(N)(=O)=O,"2,01"
9 225,CC(N=NC(=N)NC1C=CC=CC=1)C1C=CC=CC=1,"2,18"
9 226,CCCC(CCC)N=NC(=N)NC1C=CC=CC=1,"2,33"
9 227,CCCCC(C)N=NC(=N)NC1C=CC=CC=1,"2,05"
9 228,NC(=N)N=NC(C1=CC=CS1)C1C=CC=CC=1,"1,96"
9 229,CCCC(CCC)N=NC(N)=N,"1,73"
9 230,NC(=N)N=NCC1=CC=CS1,"0,98"
9 231,COC(=O)C1(CC1)S(=O)(=O)C1C=CC=CC=1,"1,43"
9 232,C=CCNC(=O)CN(CC=C)C(=O)C(Cl)Cl,"1,00"
9 233,CC(CC)OC(=O)C=CC1=CC=C(O1)[N+]([O-])=O,"3,09"
9 234,CC(C)(C)OC(=O)C=CC1=CC=C(O1)[N+]([O-])=O,"3,06"
9 235,CCC(C)N=C(O)C=CC1=CC=C(O1)[N+]([O-])=O,"2,28"
9 236,CC(C)(C)CN=C(O)C=CC1=CC=C(O1)[N+]([O-])=O,"2,61"
9 237,CC1=CC=C(C=C(C(=O)OC)[N+]([O-])=O)O1,"2,44"
9 238,O=C(NC1C=CC=CC=1)C1C(=O)NC(=S)NC1=O,"0,14"
9 239,OC(=O)C1C=CC(Cl)=CC=1NC1C=C(Br)C=CC=1,"5,16"
9 240,COC(=O)C1C=CC=CC=1S(=O)(=O)NC(=O)NC1N=C(NC)N=C(N=1)OCC,"1,59"
9 241,CC(CC)N=C(O)C=C(Br)C1C=CC=CC=1,"3,56"
9 242,CC(CC)N=C(O)C=C(Cl)C1C=CC=CC=1,"3,52"
9 243,CC(CC)N=C(O)C=CC1C=CC=CC=1,"2,85"
9 244,CCC(C)N=C(O)C=C(SC)C1C=CC=CC=1,"3,03"
9 245,CCC(C)N=C(O)C(=CC1C=CC=CC=1)SC1C=CC=CC=1,"4,36"
9 246,CCC(C)/N=C(\\O)/CC(=N)C1C=CC(Cl)=CC=1,"2,94"
9 247,CCC(=NCC1=CC=C(C=C1)[N+]([O-])=O)C(C#N)C(=O)OCCOCC,"2,64"
9 248,CC(C)CC1C(=C(N=C(C=1C(=O)SC)C(F)(F)F)C(F)F)C(=O)SC,"4,75"
9 249,CC1=CN=C(C=N1)C#N,"0,26"
9 250,CCN1C=C(C(O)=O)C(=O)C2=CC(F)=C(C=C12)N1CCNC(C)C1,"0,34"
9 251,CCN1C=C(C(=O)C2C=C(F)C(=C(F)C1=2)N1CCNC(C)C1)C(O)=O,"-0,30"
9 252,CN1CCN(CC1)C1C=C2C(=CC=1F)C(=O)C(=CN2C1C=CC(F)=CC=1)C(O)=O,"0,89"
9 253,CC(CC1C=CC=CC=1)OC(=O)N(C)C,"2,60"
9 254,CN(C)C(=O)OCCC1=CNC2=CC=CC=C12,"2,54"
9 255,CCN(CC)C(=O)OCCC1=CNC2=CC=CC=C12,"3,30"
9 256,N=C(O)OCCCC1C=CC=NC=1,"0,46"
9 257,CN(C)C(=O)OCCCC1C=CC=NC=1,"1,44"
9 258,CCN(CC)C(=O)OCCCC1=CC=CC=N1,"2,36"
9 259,CN(C)C(=O)OCC(CC)CC,"2,87"
9 260,CCC(COC(=O)N(CC)CC)CC,"3,60"
9 261,CN(C)C(=O)OCCC1C=CC=CC=1,"2,40"
9 262,CCN(CC)C(=O)OCCC1C=CC=CC=1,"3,20"
9 263,NC(C(=O)OCN1N=CC2C(O)=NC=NC1=2)C1C=CC=CC=1,"-0,15"
9 264,NC(CC1C=CC=CC=1)C(=O)OCN1N=CC2C(O)=NC=NC1=2,"0,40"
9 265,CC(C)CC(N)C(=O)OCN1N=CC2C(O)=NC=NC1=2,"0,19"
9 266,CCN(CC(=O)OCN1N=CC2C(O)=NC=NC1=2)CC,"0,20"
9 267,CCCN(CC(=O)OCN1N=CC2C(O)=NC=NC1=2)CCC,"1,27"
9 268,CC(C(=O)OCN1N=CC2C(O)=NC=NC1=2)N(CC)CC,"0,72"
9 269,COC(=O)C1NC=C(C2=CC=C(Cl)C=C2)C=1N1CCOCC1,"3,50"
9 270,CCN(CCCN=C1C=C2C(CC1=NC1C=CC(Cl)=CC=1)=NC1=CC=CC=C1N2C1C=CC(Cl)=CC=1)CC,"8,05"
9 271,CC(C)(C)NC(=O)C1CCC2C3CCC4NC(=O)C=CC4(C)C3CCC21C,"3,03"
9 272,OC1C=CC(C=CC2C=CC(=CC=2)N2C=NC=C2)=NN=1,"1,21"
9 273,OC1C=CC(C=CC2C=CC(=CC=2)N2C=NC3CCCCC2=3)=NN=1,"2,47"
9 274,CC1=CC(O)=NN=C1C=CC1C=CC(=CC=1)N1C=NC=C1,"1,71"
9 275,OC1CC(N=1)SC1=CC=CC=C1C(=O)OCC1C=CC=CC=1,"2,62"
9 276,CCCCCCNC(=O)C1C=CC(O)=C(O)C=1,"2,71"
9 277,CC(=O)C1C(C)=NON=1=O,"0,98"
9 278,CC(=O)C1=NON(=O)=C1C,"0,80"
9 279,CCCN(C(C)C)C(C)=O,"1,48"
9 280,CCNC(=O)C1=CC=CS1,"1,18"
9 281,CC1COC2C=CC=CC=2N1C(=O)C(Cl)Cl,"2,70"
9 282,COC1C=C(CN(C)N=O)C=CC=1,"1,60"
9 283,CN(CC1C=CC=C(Cl)C=1)N=O,"1,46"
9 284,CN(CC1C=CC=C(Br)C=1)N=O,"1,65"
9 285,CN(CC1=CC(=CC=C1)C(F)(F)F)N=O,"1,99"
9 286,CN(CC1C=CC(Br)=CC=1)N=O,"1,57"
9 287,COC(=O)C1=CC=C(CN(C)N=O)C=C1,"1,21"
9 288,CN(CC1=CC(=CC=C1)[N+]([O-])=O)N=O,"1,17"
9 289,CC(C)(C)C(=O)OCN1C=C2C(O)=NC=NC2=N1,"0,79"
9 290,CC(C)(C)C(=O)OCN1N=CC2C(O)=NC=NC1=2,"1,07"
9 291,CCCC(=O)OCN1N=CC2C(O)=NC=NC1=2,"0,60"
9 292,CCCC(=O)OCN1C=C2C(O)=NC=NC2=N1,"0,33"
9 293,CCOC(=O)OCN1N=CC2=C1N=CN=C2O,"0,21"
9 294,CCN(CC)C(=O)CCC(=O)OCN1N=CC2C(O)=NC=NC1=2,"-0,22"
9 295,CC(=O)OCN1N=CC2C(O)=NC=NC1=2,"-0,35"
9 296,OC1=NC=NC2=C1C=NN2COC(=O)C1C=CC=CC=1,"1,50"
9 297,OC1=NC=NC2=C1C=NN2COC(=O)C1=CN=CC=C1,"0,27"
9 298,CC(CC)SP(=O)(OCC)N1CCSC1=O,"1,68"
9 299,CC1N=CNC=1CSCC/N=C1\\NCC(O)=N\\1,"-0,50"
9 300,CC1N=CNC=1CSCCNC1=NC=CC(O)=C1[N+]([O-])=O,"-0,20"
9 301,CC1N=CNC=1CSCCN=C1C(NC)C(=O)C1=O,"-0,08"
9 302,CC(C)C1C=CC(C=N(=O)C2C=CC=CC=2)=CC=1,"3,37"
9 303,CCCC1(CCC)C(O)=NC(=S)N=C1O,"2,66"
9 304,CC(C)C1(C(C)C)C(O)=NC(=O)N=C1O,"1,56"
9 305,COC1C=CC(=CC=1)C(CN(C)C)C1(O)CCCCC1,"0,43"
9 306,CC(=O)NC1C=CC(Cl)=C(Cl)C=1Cl,"2,88"
9 307,COC1C=CC(=CC=1Cl)C(=O)CC(C)CC(O)=O,"2,60"
9 308,CCCSC(=NO)C(=O)C1C=CC(Br)=CC=1,"3,38"
9 309,COC(=O)C1C(C(C(=O)OCC=CC2C=CC=CC=2)=C(C)N=C1C)C1=CC(=CC=C1)[N+]([O-])=O,"5,69"
9 310,CCCCCC(C)OC(=O)COC1=CC=C(Cl)C2=CC=CN=C12,"5,03"
9 311,CCN1C=C(C(O)=O)C(=O)C2=CC(F)=C(C(F)=C12)N1CCNCC1,"-0,57"
9 312,CC(=O)OC1C=CC(=CC=1)N(C)C(=O)C(Cl)Cl,"1,56"
9 313,CC(O)COC(=O)C(N)CC1=CC(O)=C(O)C=C1,"-0,49"
9 314,CC(COC)OC(=O)C(N)CC1=CC(O)=C(O)C=C1,"0,08"
9 315,NC(CC1C=CC(O)=C(O)C=1)C(=O)OC1CCCCC1,"1,79"
9 316,NC(CC1=CC(O)=C(O)C=C1)C(=O)OCC1CCCCO1,"0,47"
9 317,NC(CC1=CC(O)=C(O)C=C1)C(=O)OCCC1C=CC=CC=1,"1,76"
9 318,NC(CC1=CC(O)=C(O)C=C1)C(=O)OCCC1C=CC(Cl)=CC=1,"2,33"
9 319,COC1C=CC(CCOC(=O)C(N)CC2=CC(O)=C(O)C=C2)=CC=1,"1,69"
9 320,NC(CC1C=CC(O)=C(O)C=1)C(=O)OCCOC1C=CC=CC=1,"1,51"
9 321,CCC/N=C(\\O)/C1=CC2=CC=CC=C2N1,"2,80"
9 322,OC1(CCCCCC1N1C=NC=N1)C1C=CC(Cl)=CC=1,"3,54"
9 323,OC1(CCCCC1N1C=NC=N1)C1=CC=CC=C1Cl,"2,68"
9 324,OC1(CCCCC1N1C=NC=N1)C1C=C(Cl)C=CC=1Cl,"3,24"
9 325,CCCCCCC(=O)N1CCCC1=O,"3,04"
9 326,CCOC1=CC(CC2=CN=C(N)N=C2N)=CC(=C1)OCC,"2,52"
9 327,OC1=CC(C=CC(=O)NCC2C=CC=CC=2)=CC=C1O,"2,48"
9 328,CCCCCCNC(=O)C=CC1C=C(O)C(O)=CC=1,"3,37"
9 329,CCCCC=CC1=CC(O)=C(O)C=C1,"3,82"
9 330,OC(=O)CC1=CC=CC=C1NC1=C(F)C=CC=C1Cl,"3,80"
9 331,COC1=CC(=NC(NC(=O)NS(=O)(=O)C2=C(C(Cl)=NN2C)C(=O)OC)=N1)OC,"-0,02"
9 332,O=P(N=NCC1C=CC(Cl)=CC=1)(N1CC1)N1CC1,"0,13"
9 333,O=P(N=NCC1C=CC=CC=1)(N1CC1)N1CC1,"0,48"
9 334,COC1=CC=C(CN=NP(=O)(N2CC2)N2CC2)C=C1,"0,42"
9 335,[O-][N+](=O)C1=CC=C(CN=NP(=O)(N2CC2)N2CC2)C=C1,"0,45"
9 336,CN(N=CC1C=CC=CC=1)P(=O)(N1CC1)N1CC1,"0,51"
9 337,CN(N=CC1C=CC(F)=CC=1)P(=O)(N1CC1)N1CC1,"0,48"
9 338,CN(N=CC1C=CC(Br)=CC=1)P(=O)(N1CC1)N1CC1,"0,31"
9 339,CN(N=CC1C=CC(=CC=1)OC)P(=O)(N1CC1)N1CC1,"0,47"
9 340,CN(N=CC1C=CC(=CC=1)[N+]([O-])=O)P(=O)(N1CC1)N1CC1,"0,51"
9 341,O=P(N(N=CC1C=CC=CC=1)C1C=CC=CC=1)(N1CC1)N1CC1,"0,56"
9 342,O=P(N(N=CC1C=CC(F)=CC=1)C1C=CC=CC=1)(N1CC1)N1CC1,"0,56"
9 343,COC1C=CC(C=NN(C2C=CC=CC=2)P(=O)(N2CC2)N2CC2)=CC=1,"0,57"
9 344,[O-][N+](=O)C1C=CC(C=NN(C2C=CC=CC=2)P(=O)(N2CC2)N2CC2)=CC=1,"0,57"
9 345,[O-][N+](=O)C1C=CC(=CC=1)N(N=CC1C=CC=CC=1)P(=O)(N1CC1)N1CC1,"0,57"
9 346,CC(C)N=NP(=O)(N1CC1)N1CC1,"0,45"
9 347,CN(N=C(C)C)P(=O)(N1CC1)N1CC1,"0,51"
9 348,CC(C)=NN(C1C=CC=CC=1)P(=O)(N1CC1)N1CC1,"0,57"
9 349,O=P(N(N=CC1C=CC(Cl)=CC=1)C1C=CC=CC=1)(N1CC1)N1CC1,"0,35"
9 350,O=P(N=NCC1C=CC(F)=CC=1)(N1CC1)N1CC1,"0,45"
9 351,CC(=O)C1C=CC(=CC=1)S(=O)(=O)C1C=CC(N)=CC=1,"1,67"
9 352,N#CC1C=CC(C=CC(=O)C(F)(F)F)=CC=1,"2,42"
9 353,N#CC1C=C(C=CC=1)C=CC(=O)C(F)(F)F,"2,45"
9 354,CC(O)CC(F)(F)F,"0,71"
9 355,OC(=O)CCC1NC2C=C(Cl)C=CC=2S(=O)(=O)N=1,"0,72"
9 356,OC(=O)CCC1NC2=C(C=C(Cl)C=C2Cl)S(=O)(=O)N=1,"1,04"
9 357,OC(=O)CCC1NS(=O)(=O)C2C=C(Cl)C(Cl)=CC=2N=1,"1,50"
9 358,OC(=O)CCC1NS(=O)(=O)C2=CC(Br)=CC(Br)=C2N=1,"1,35"
9 359,CC1=CC2N=C(CCC(O)=O)NS(=O)(=O)C=2C=C1,"0,16"
9 360,COC1=CC2N=C(CCC(O)=O)NS(=O)(=O)C=2C=C1,"0,18"
9 361,OC(=O)CCC1NS(=O)(=O)C2C=CC(=CC=2N=1)C(F)(F)F,"1,30"
9 362,OC(=O)CCCC1NS(=O)(=O)C2C=CC(Cl)=CC=2N=1,"0,83"
9 363,OC(=O)CCCC1NS(=O)(=O)C2C=C(Cl)C=CC=2N=1,"0,83"
9 364,OC(=O)CCCC1NS(=O)(=O)C2=CC(Cl)=CC(Cl)=C2N=1,"1,22"
9 365,OC(=O)CCCC1NS(=O)(=O)C2C=C(Cl)C(Cl)=CC=2N=1,"1,80"
9 366,OC(=O)CCCC1NS(=O)(=O)C2C=C(Br)C=CC=2N=1,"1,02"
9 367,OC(=O)CCCC1NS(=O)(=O)C2=CC(Br)=CC(Br)=C2N=1,"1,51"
9 368,CC1=CC2N=C(CCCC(O)=O)NS(=O)(=O)C=2C=C1,"0,33"
9 369,COC1=CC2N=C(CCCC(O)=O)NS(=O)(=O)C=2C=C1,"0,12"
9 370,OC(=O)CCCC1NS(=O)(=O)C2C=CC(=CC=2N=1)C(F)(F)F,"1,24"
9 371,CC1C=CC=C(Cl)C=1C(N)=O,"0,89"
9 372,CC1=CC(OCCN(C)C)=C(C=C1OC1CCCCC1=O)C(C)C,"3,63"
9 373,CC1=CC(OCCNCC2CC(=O)C3=CC=CC=C3C2=O)=C(C=C1O)C(C)C,"4,25"
9 374,CC1=CC(=CC=C1OC(C)=O)OCCN(C)C,"1,64"
9 375,CNC1N=CN=C2C=1N=CN2CC1=CC=CC=C1F,"1,86"
9 376,CN/C(/N[N+]([O-])=O)=N\\C,"-0,70"
9 377,CCOCCOCCOP(=O)(N1CC1)N1CC1,"0,10"
9 378,CCOCCOCCOP(=S)(N1CC1)N1CC1,"0,38"
9 379,N#CC(C#N)N=NC1=CC=CC=C1Br,"3,11"
9 380,N#CC(C#N)N=NC1=CC=CC=C1C(F)(F)F,"4,20"
9 381,CC1C=C(N=NC(C#N)C#N)C(C)=CC=1,"3,08"
9 382,C=C/C(/O)=N/CCCN(CCO)CCO,"-0,60"
9 383,NC1C=CC(=CC=1)S(=O)(=O)C1C=CC(=CC=1)C#N,"1,63"
9 384,CCN(CC)C(=O)C1C=CC(=CC=1)S(=O)(=O)C1C=CC(N)=CC=1,"1,44"
9 385,C=CCN1CCC2SC(N)=NC=2CC1,"1,48"
9 386,OC(=O)CCCCOC1=CC=CC2=CC=CC=C21,"4,00"
9 387,OC(=O)CCCCCOC1=CC=CC2=CC=CC=C21,"4,50"
9 388,[O-][N+]1C=C(C=CC=1)C1CCC(=O)N1,"-1,01"
9 389,N=C(O)C1=CC=CC=C1NCC(O)CO,"-0,80"
9 390,CC(O)CNC1=CC=CC=C1C(=N)O,"0,62"
9 391,CCCCOCCNC1=CC=CC=C1C(N)=O,"2,27"
9 392,CCCCOCCNC1C=CC(Cl)=CC=1C(N)=O,"2,99"
9 393,CC1=CC=CC=C1OCCNC1=CC=CC=C1C(N)=O,"2,94"
9 394,NC(=O)C1C=C(Cl)C=CC=1NCCO,"1,26"
9 395,CCCOC1=CC=CC=N1,"2,38"
9 396,CCCCCCCCCCCCN1CC(CC1=O)C(=O)OC,"4,00"
9 397,CCC(C(=O)OCCCC=C)N(CC1=CC=CO1)C(=O)N1C=NC=C1,"3,00"
9 398,CC1C=CC=C(C)C=1/N=C(\\O)/CCCN,"0,71"
9 399,CC1C=CC=C(C)C=1/N=C(\\O)/CCCCN,"1,02"
9 400,CC1C=CC=C(C)C=1/N=C(\\O)/CCCCCN,"1,29"
9 401,CC1C=CC=C(C)C=1/N=C(\\O)/CCC(C)N,"1,08"
9 402,CC1C=CC=C(C)C=1NC(=O)CCCCCN(CC)CC,"2,95"
9 403,COC(=O)C1C(C(=C(C)N=C1C)P1(=O)OCCCO1)C1=CC=CC=C1[N+]([O-])=O,"1,30"
9 404,CCCNCC(O)COC1C=CC(=CC=1)C1NC=C(N=1)C1=CC=CS1,"2,84"
9 405,CCOCCNCC(O)COC1C=CC(=CC=1)C1NC=C(N=1)C1=CC=CS1,"2,25"
9 406,OC(CNCCC1C=CN=CC=1)COC1=CC=C(C=C1)C1NC=C(N=1)C1=CC=CS1,"2,25"
9 407,CC1=CNC(=N1)C1C=CC(=CC=1)OCC(O)CNCCN/C(/O)=N/CCCC,"1,24"
9 408,COC1=CC=C(CCNCC(O)COC2C=CC(COCC3NC=CN=3)=CC=2)C=C1OC,"1,29"
9 409,CC1=CN=C(N1)C1C=C(OC)C(=CC=1)OCC(O)CNCCC1C=C(OC)C(=CC=1)OC,"1,89"
9 410,CC1NC(=NC=1C(C)=O)C1C=CC(=CC=1)OCC(O)CNCCC1=CC(OC)=C(C=C1)OC,"2,14"
9 411,COCCC1=CN=C(N1)C1C=CC(=CC=1)OCC(O)CNCCC1C=C(OC)C(=CC=1)OC,"2,06"
9 412,COC1C=C(CCNCC(O)COC2C=CC(=CC=2)C2NC=C(Cl)N=2)C=CC=1OC,"2,40"
9 413,CCOC(=O)C1=CN=C(N1)C1=CC=C(C=C1)OCC(O)CNCCC1C=C(OC)C(=CC=1)OC,"2,30"
9 414,N=C1C=C2C(CC1=NC1C=CC(Cl)=CC=1)=NC1=CC=CC=C1N2C1C=CC(Cl)=CC=1,"6,47"
9 415,CC(=O)OCOC1=CC=CC=C1/C(/O)=N/CN1CCOCC1,"0,27"
9 416,CCCC(=O)OCOC1=CC=CC=C1/C(/O)=N/CN1CCOCC1,"1,34"
9 417,CC(C)(C)C(=O)OCOC1=CC=CC=C1/C(/O)=N/CN1CCOCC1,"1,81"
9 418,CC(=O)OCOC1=CC=CC=C1C(N)=O,"0,52"
9 419,COCC1=CN=C(N1)C1C=CC(=CC=1)OCC(O)CNCCC1C=C(OC)C(=CC=1)OC,"1,71"
9 420,COC1=NC=CN2C=C(N=C21)C1C=CC(=CC=1OC)S(C)=O,"1,49"
9 421,COC1C=C(C=CC=1C1=CN2C=CC=NC2=N1)C(=N)O,"0,70"
9 422,COC1C=C(C=CC=1C1=CN2C=CN=CC2=N1)S(C)=O,"1,11"
9 423,CS(=O)C1=CC(OC)=C(C=C1)C1=CN2C=CN=C(NC)C2=N1,"1,88"
9 424,CNC1=NC2C3C=CC=NC=3C=CC=2N1C,"1,82"
9 425,CN(C)C1=NC2C3C=CC=NC=3C=CC=2N1C,"2,28"
9 426,CC1=CC=CC=C1C1CCN(C)CC=1,"3,10"
9 427,CN(C)/C(/O)=N/C1C=C(CC2C=CC=CC=2)C=CC=1,"2,83"
9 428,CN(C)/C(/O)=N/C1C=C(CCC2C=CC=CC=2)C=CC=1,"3,21"
9 429,CC/N=C1\\N/C(/NC(Cl)=N\\1)=N\\C1CCC1,"2,77"
9 430,CCCCCC(C)/N=C1\\NC(Cl)=N/C(/N\\1)=N/CC,"4,74"
9 431,CC1=NON/C/1=N\\C(\\O)=N\\C,"0,30"
9 432,NC(=N)N=NCC1C=C(C(Cl)=CC=1)[N+]([O-])=O,"0,53"
9 433,NC(=N)N=NCC1C=CC=CC=1[N+]([O-])=O,"0,53"
9 434,[I-].CN(C)C(SC1C=CC=CC=1F)N(C)C,"-0,55"
9 435,[I-].CN(C)C(SC1C=CC=C(F)C=1)N(C)C,"-0,53"
9 436,[I-].CN(C)C(SC1C=CC=CC=1Cl)N(C)C,"-0,19"
9 437,[I-].CN(C)C(SC1C=CC=C(Cl)C=1)N(C)C,"-0,17"
9 438,[I-].CN(C)C(SC1C=CC=CC=1Br)N(C)C,"0,06"
9 439,[I-].CN(C)C(SC1C=CC=C(Br)C=1)N(C)C,"0,01"
9 440,[I-].CN(C)C(SC1C=CC=CC=1I)N(C)C,"0,30"
9 441,[I-].CN(C)C(SC1C=CC=C(I)C=1)N(C)C,"0,29"
9 442,[I-].CN(C)C(SC1C=CC(I)=CC=1)N(C)C,"0,28"
9 443,[I-].CN(C)C(SC1=CC(Cl)=C(Cl)C=C1)N(C)C,"0,49"
9 444,[I-].CN(C)C(SC1C=C(Cl)C=CC=1Cl)N(C)C,"0,05"
9 445,[I-].CN(C)C(SC1C=C(Cl)C(Cl)=CC=1Cl)N(C)C,"0,68"
9 446,[I-].CC1C=CC(=CC=1Cl)SC(N(C)C)N(C)C,"0,45"
9 447,O=C(NC1C=C(Cl)C(=CC=1Cl)OC(F)(F)C(F)C(F)(F)F)NC(=O)C1C(F)=CC=CC=1F,"5,12"
9 448,O=C1C2C(C3CC2C=C3)C(=O)N1CCCCN1CCN(CC1)C1N=CC=CN=1,"1,36"
9 449,OC1C=C(C=CC(=O)NCCC2C=CC=CC=2)C=CC=1O,"2,72"
9 450,COC1=CC=C(I)C=C1CC1C=NC(=N)NC1=N,"2,70"
9 451,C#CCN1C2C=C(C(F)=CC=2OCC1=O)N1C(=O)C2CCCCC=2C1=O,"2,55"
9 452,ClC1C=C2C(C(Cl)=C(Cl)C=C2Cl)=C(Cl)C=1Cl,"7,50"
9 453,ClC1=CC2=C(C=C1Cl)C(Cl)=C(Cl)C(Cl)=C2Cl,"7,70"
9 454,CC(=O)C1(O)CC2C(C(C1)OC1CC(C(O)C(C)O1)N(COC)C#N)=C(O)C1=C(C(=O)C3=CC=CC(OC)=C3C1=O)C=2O,"2,64"
9 455,ON=CC1=NC(=NO1)C1=CC=CS1,"2,47"
9 456,CCN(CCSC(=NO)C1=NC(=NO1)C1C=CC=C2C=CC=CC2=1)CC,"3,87"
9 457,CCN(CCSC(=NO)C1=NC(CC2C=CC=CC=2)=NO1)CC,"2,55"
9 458,CCN(CCSC(=NO)C1N=C(ON=1)C1C=CC=CC=1)CC,"3,05"
9 459,COC1C=C(C=C(OC)C=1OC)S(=O)(=O)CCN(C)CC1C=CC=CC=1,"2,18"
9 460,CC(=O)C1(O)CC2C(C(C1)OC1CC(C(O)C(C)O1)N(CC(O)=O)CC#N)=C(O)C1=C(C(=O)C3=CC=CC(OC)=C3C1=O)C=2O,"0,03"
9 461,CNS(=O)(=O)CC1C=C2C(=CC=1)NC=C2CCN(C)C,"0,93"
9 462,CN1C(=N)NC2C=C(Cl)C=CC1=2,"2,09"
9 463,OC1=NC(=O)N(C=C1F)C(=O)OCCCl,"0,02"
9 464,CC1=NC(C)=C(C(C1C(=O)OCC)C1=CC=CC=C1C=CC(=O)OC(C)(C)C)C(=O)OCC,"5,20"
9 465,CCC(O)(C1C=CC(CC(C)C)=CC=1)C(O)=O,"3,37"
9 466,CCCC(=O)OCOC1=CC=CC=C1C(N)=O,"1,66"
9 467,CC(C)(C)C(=O)OCOC1=CC=CC=C1C(N)=O,"2,00"
9 468,COC(=O)NC1=CC=CC=C1I,"2,44"
9 469,CC1(C)CN1P(=O)(N/C(/O)=N/C1CC(C)(C)N(O)C(C)(C)C1)N1CC1(C)C,"0,48"
9 470,CC1(C)CC(NC(=O)NP(=O)(N2CC2)N2CC2)C(C)(C)N1O,"-0,60"
9 471,CC1(C)CC(/N=C(\\O)/NP(=O)(N2CC2(C)C)N2CC2(C)C)C(C)(C)N1O,"0,51"
9 472,CC1(C)CC(CC(C)(C)N1)NC(=O)NP(=O)(N1CC1(C)C)N1CC1(C)C,"0,55"
9 473,CC1(C)CN1P(=O)(NC(=O)NC12CC3CC(C1)CC(C2)C3)N1CC1(C)C,"1,98"
9 474,CC(NC(=O)C1(CC)C(C)C1(Cl)Cl)C1C=CC(Cl)=CC=1,"4,23"
9 475,C(C1C=C(C=CC=1)OCCCNC1=NC2=CC=CC=C2S1)N1CCCCC1,"5,41"
9 476,CC1C=C(C(=NC=1)C1NC(C)(C(C)C)C(=O)N=1)C(O)=O,"2,47"
9 477,CC1=NON(=O)=C1C(=O)OC,"0,69"
9 478,CC1C(=NON=1=O)C(=O)OC,"0,56"
9 479,CN(C1CCN(CC(O)COC2C=CC(F)=CC=2)CC1)C1=NC2=CC=CC=C2S1,"4,61"
9 480,OC1(CCN(CCC(=O)C2C=CC(F)=CC=2)CC1)C1C=CC(Cl)=CC=1,"3,24"
9 481,OC(=O)C1CC(=O)C(C(=O)C2CC2)C(=O)C1,"1,80"
9 482,ClC1C=C(Cl)C=C(Cl)C=1OC1C=CC(Cl)=CC=1Cl,"6,11"
9 483,OC(CNCC(O)COC1C=CC=CC=1)COC1C=CC=CC=1,"2,52"
9 484,NS(=O)(=O)C1=CC=C(SCCO)S1,"0,38"
9 485,NS(=O)(=O)C1=CC=C(SCCCO)S1,"0,85"
9 486,NS(=O)(=O)C1=CC=C(S1)S(=O)(=O)CCO,"-0,54"
9 487,NS(=O)(=O)C1=CC=C(S1)S(=O)(=O)CCCO,"-0,36"
9 488,CC(=O)OCCCS(=O)(=O)C1=CC=C(S1)S(N)(=O)=O,"0,17"
9 489,COCC(=O)OCCCS(=O)(=O)C1=CC=C(S1)S(N)(=O)=O,"-0,14"
9 490,CN(C1CCN(CCCCOC2C=CC(F)=CC=2)CC1)C1=NC2=CC=CC=C2S1,"5,37"
9 491,CCOP(=O)(CC1C=CC(=CC=1)C1=NC2=CC=CC=C2S1)N1CCCC1=O,"3,00"
9 492,COC(=O)NC1=NC2C=C(C=CC=2N1C(=O)OC)C(=O)C1C=CC=CC=1,"2,47"
9 493,CC(/C(/O)=N/C1=CC(=C(C=C1)[N+]([O-])=O)C(F)(F)F)C(F)(F)F,"3,71"
9 494,OC1C=C2OC(CC(=O)C2=C(O)C=1)C1=CC(O)=CC=C1,"2,61"
9 495,CCCN1CC(=O)C(=O)C=C1,"-0,17"
9 496,CC(C)N1CC(=O)C(=O)C=C1,"-0,02"
9 497,CCCCN1CC(=O)C(=O)C=C1,"0,72"
9 498,COC1=CC2C(OC(C)C)=C(SC=2C=C1)C(=O)NC1NN=NN=1,"1,78"
9 499,CC1C=CC=C(C)C=1N=NC(C#N)C#N,"2,80"
9 500,C1COCCOCCOCCOC2C=CC=CC=2OCCOC2C=CC=CC=2OCCOCCOCCO1,"1,82"
9 501,C1COCCOCCOCCOCCOC2C=CC=CC=2OCCOCCOCCOCCOCCO1,"-0,09"
9 502,[O-][N+](=O)C1=NN(CC(=O)N2CCOCC2)C=N1,"-0,96"
9 503,[O-][N+](=O)C1N=CN(CC(=O)NCCO)N=1,"-1,59"
9 504,COCC(O)CN1C=NC(=N1)[N+]([O-])=O,"-0,49"
9 505,CCOCC(O)CN1C=NC(=N1)[N+]([O-])=O,"-0,07"
9 506,CCCC/N=C(\\O)/CN1C=NC(=N1)[N+]([O-])=O,"0,89"
9 507,COCCNC(=O)CN1C=NC(=N1)[N+]([O-])=O,"-0,85"
9 508,[O-][N+](=O)C1N=CN(C/C(/O)=N/CCCO)N=1,"-1,27"
9 509,[O-][N+](=O)C1N=CN(CC(O)CN2CC2)N=1,"-0,72"
9 510,COCCC/N=C(\\O)/CN1C=NC(=N1)[N+]([O-])=O,"-0,49"
9 511,[O-][N+](=O)C1N=CN(CC(O)CCl)N=1,"0,05"
9 512,[O-][N+](=O)C1=NN(CCC(=O)N2CCOCC2)C=N1,"-0,74"
9 513,CCOC1=CC=C(C=C1)[Si](C)(C)CCCC1C=CC(F)=C(C=1)OC1=CC=CC=C1,"8,20"
9 514,[O-][N+](=O)C1N=CN(N=1)C1OC(CO)C(O)C1O,"-1,54"
9 515,CC(C)NCC(O)COCCC1C=CC=CC=1,"1,76"
9 516,CC(C)NCC(O)COCCOC1C=CC=CC=1,"1,63"
9 517,CC(C)NCC(O)COCC=CC1C=CC=CC=1,"2,15"
9 518,C/N=C(\\S)/NCC(F)(F)C(F)(F)C(F)(F)F,"1,99"
9 519,CS(=O)CCCOC1C=CC(=CC=1)[N+]([O-])=O,"0,93"
9 520,CCCOC1=CC(=C(C=C1)[N+]([O-])=O)S(C)(=O)=O,"1,10"
9 521,NS(=O)(=O)CCCOC1C=CC(=CC=1)[N+]([O-])=O,"0,97"
9 522,N=C(O)CCCCOC(=O)C1C=CC=CC=1,"1,39"
9 523,NC1C=CC(=CC=1)S(=O)(=O)C1C=CC(Cl)=CC=1Cl,"3,12"
9 524,CC1=CC(C)=C(C=C1)S(=O)(=O)C1C=CC(N)=CC=1,"2,71"
9 525,COC1=CC(OC)=C(C=C1)S(=O)(=O)C1C=CC(N)=CC=1,"1,64"
9 526,NC1C=CC(=CC=1)S(=O)(=O)C1C=CC(O)=CC=1O,"1,29"
9 527,COC1C=C(C=C(OC)C=1S(=O)(=O)C1C=CC(N)=CC=1)OC,"1,03"
9 528,NC1C=CC(=CC=1)S(=O)(=O)C1C(O)=CC(O)=CC=1O,"1,53"
9 529,CC(OC1C=CC(=CC=1)OC1=NC=C(Cl)C=C1F)C(=O)OCC#C,"3,90"
9 530,CN1C(N)=NC2N=CC(=CC1=2)C1C=CC=CC=1,"2,23"
9 531,[O-][N+](=O)C1C=CC2=C3C(=CC=CC=13)C1C(=CC=CC2=1)[N+]([O-])=O,"4,44"
9 532,OCC1CCC(O1)N1C=C(I)C(=O)NC1=O,"-0,61"
9 533,O=C(CN1CCCCC1)NC1COC2=CC=CC=C21,"2,30"
9 534,O=C(CN1CCOCC1)NC1COC2=CC=CC=C21,"0,81"
9 535,CCN(C/C(/O)=N/C1COC2C=CC(Cl)=CC=21)CC,"2,88"
9 536,CCCCN(C/C(/O)=N/C1COC2C=CC(Cl)=CC=21)CCCC,"4,44"
9 537,O/C(/CN1CCCC1)=N\\C1COC2C=CC(Cl)=CC=21,"2,47"
9 538,O=C(CN1CCCCC1)NC1COC2C=CC(Cl)=CC=21,"3,01"
9 539,O=C(CN1CCOCC1)NC1COC2C=CC(Cl)=CC=21,"1,55"
9 540,CC1C=CC2OCC(/N=C(\\O)/CN(CC)CC)C=2C=1,"2,69"
9 541,CC1C=CC2OCC(NC(=O)CN(CCCC)CCCC)C=2C=1,"4,43"
9 542,CC1=CC2C(COC=2C=C1)/N=C(\\O)/CN1CCCC1,"2,24"
9 543,CC1=CC2C(COC=2C=C1)/N=C(\\O)/CN1CCCCC1,"2,78"
9 544,CC1C=CC2OCC(/N=C(\\O)/CN3CCOCC3)C=2C=1,"1,38"
9 545,COC1=CC2OCC(/N=C(\\O)/CN(CCCC)CCCC)C=2C=C1,"4,24"
9 546,COC1=CC2OCC(/N=C(\\O)/CN3CCCCC3)C=2C=C1,"2,41"
9 547,COC1=CC2OCC(/N=C(\\O)/CN3CCOCC3)C=2C=C1,"0,92"
9 548,CCN(C/C(/O)=N/C1COC2=CC=CC=C21)CC,"2,20"
9 549,CCCCN(C/C(/O)=N/C1COC2=CC=CC=C21)CCCC,"4,15"
9 550,O/C(/CN1CCCC1)=N\\C1COC2=CC=CC=C21,"1,76"
9 551,NS(=O)(=O)C1=CC2=C(SCCC2=O)S1,"0,74"
9 552,NS(=O)(=O)C1=CC2SCCC(=O)C=2S1,"0,91"
9 553,NS(=O)(=O)C1=CC2=C(S1)S(=O)(=O)CCC2=O,"-0,04"
9 554,NS(=O)(=O)C1=CC2=C(S1)C(O)CC[S+]2[O-],"-1,01"
9 555,NS(=O)(=O)C1=CC2=C(S1)C(=O)CCS2(=O)=O,"-0,20"
9 556,NS(=O)(=O)C1=CC2CCCS(=O)(=O)C=2S1,"-0,16"
9 557,COC(=O)C1C(C(C(=O)OC2CN(CC3C=CC=CC=3)CCC2)C(C)=NC=1C)C1=CC(=CC=C1)[N+]([O-])=O,"4,61"
9 558,CC1N=C(Br)NC=1[N+]([O-])=O,"0,86"
9 559,CC1N=C(Br)N(C)C=1[N+]([O-])=O,"0,82"
9 560,CCOC(=O)OCN1C=C(F)C(O)=NC1=O,"-0,04"
9 561,CCOC(=O)OCN1C(=O)C(F)=CN=C1O,"0,15"
9 562,OC1=NC=C(F)C(=O)N1COC(=O)OC1C=CC=CC=1,"1,11"
9 563,ClC1C=C(Cl)C(OC2=CC(Cl)=C(Cl)C=C2Cl)=C(Cl)C=1,"6,49"
9 564,ClC1=CC(Cl)=C(C=C1)OC1=C(Cl)C(Cl)=C(Cl)C=C1Cl,"6,84"
9 565,CN=C(O)ON=C1SCOC1(C)C,"0,82"
9 566,CN=C(O)ON=C1CSCCS1,"0,49"
9 567,CN=C(O)ON=C1SCCSC1(C)C,"1,51"
9 568,CN=C(O)ON=C1CSCS1,"0,51"
9 569,CN=C(O)ON=C1SCSC1C,"0,91"
9 570,CN=C(O)ON=C1SCSC1(C)C,"1,31"
9 571,CN=C(O)ON=C1CSC(C)(C)S1,"1,33"
9 572,CNC(=O)COC(=O)C1C=CC=CC=1,"0,99"
9 573,CCCNC(=O)COC(=O)C1C=CC=CC=1,"1,88"
9 574,CC(C)(C)NC(=O)COC(=O)C1C=CC=CC=1,"2,26"
9 575,NC(=O)CNC(=O)COC(=O)C1C=CC=CC=1,"0,09"
9 576,CN(C)C(=O)COC(=O)C1C=CC=CC=1,"1,07"
9 577,CCCN(CCC)C(=O)COC(=O)C1C=CC=CC=1,"2,65"
9 578,CC(C)N(C(C)C)C(=O)COC(=O)C1C=CC=CC=1,"2,56"
9 579,CCCCN(CCCC)C(=O)COC(=O)C1C=CC=CC=1,"3,91"
9 580,C=CCN(CC=C)C(=O)COC(=O)C1C=CC=CC=1,"2,34"
9 581,CN(CCO)C(=O)COC(=O)C1C=CC=CC=1,"0,58"
9 582,CCN(CCO)C(=O)COC(=O)C1C=CC=CC=1,"0,93"
9 583,OCCN(CCO)C(=O)COC(=O)C1C=CC=CC=1,"0,17"
9 584,CN(CC(N)=O)C(=O)COC(=O)C1C=CC=CC=1,"0,08"
9 585,CCOC(=O)CN(C)C(=O)COC(=O)C1C=CC=CC=1,"1,56"
9 586,CN(CC(O)=O)C(=O)COC(=O)C1C=CC=CC=1,"0,67"
9 587,O=C(COC(=O)C1C=CC=CC=1)N1CCCCC1,"1,95"
9 588,O=C(COC(=O)C1C=CC=CC=1)N1CCOCC1,"0,90"
9 589,NC(=O)C1CCCN1C(=O)COC(=O)C1C=CC=CC=1,"0,20"
9 590,CN=C(O)ON=C1SC(C)OC1C,"0,96"
9 591,NS(=O)(=O)C1=CC2C(O)CCSC=2S1,"0,68"
9 592,NS(=O)(=O)C1=CC2CC(O)CS(=O)(=O)C=2S1,"-0,44"
9 593,NS(=O)(=O)C1=CC2SCCC(O)C=2S1,"0,48"
9 594,NS(=O)(=O)C1=CC2=C(S1)C(O)CCS2(=O)=O,"-0,59"
9 595,NS(=O)(=O)C1=CC2=C(CC(O)CS2(=O)=O)S1,"-0,70"
9 596,FC1C=CC(=CC=1)C1(CN2C=NC=N2)OC1C1C=CC=CC=1Cl,"3,44"
9 597,NS(=O)(=O)C1=CC2C(O)CC[S+]([O-])C=2S1,"-0,92"
9 598,CN1CC=C(CC1)C1=CC(N)=CC=C1,"1,47"
9 599,CN1CC=C(CC1)C1C=CC(N)=CC=1,"1,48"
9 600,NS(=O)(=O)C1=CC2C(O)CCS(=O)(=O)C=2S1,"-0,35"
9 601,CCC(C(CC1=CN=CN1C)COC(=O)CCC)C(=O)OCC1C=CC=CC=1,"3,78"
9 602,CCC(C(CC1=CN=CN1C)COC(=O)CCCCC)C(=O)OCC1C=CC=CC=1,"4,75"
9 603,CC1C=CC(COC(=O)C(CC)C(CC2=CN=CN2C)COC(=O)C(C)(C)C)=CC=1,"4,55"
9 604,NC1=NC(=O)N(C=C1Br)C1CCC(CO)O1,"-0,50"
9 605,NC1=NC(=O)N(C=C1F)C1CCC(CO)O1,"-1,09"
9 606,CC12CCC(=O)C=C1CCC1C2C(O)CC2(C)C1CCC2(O)C(=O)COC(=O)CCCCCC(O)=O,"3,26"
9 607,CC(CCO)CC(F)(F)F,"1,61"
9 608,CC1C=C2C(CCN2C=1C(=O)C1C=CC=CC=1)C(O)=O,"2,85"
9 609,CC(=O)OC1C=C(C=CC=1)C1(CCN(C)CC1)C(=O)CC,"1,05"
9 610,COC1C=CC=C(Cl)C=1C(N)=O,"0,59"
9 611,CC1C=CC=C(C=1/C(/O)=N/C(=O)NC1C=CC(Cl)=CC=1)[N+]([O-])=O,"3,75"
9 612,COC1=CC=CC=C1C(=O)NC(=O)NC1C=CC(Cl)=CC=1,"4,35"
9 613,NC(=O)C1=C(F)C=CC=C1Br,"0,63"
9 614,NC(=O)C1C(Cl)=CC=CC=1[N+]([O-])=O,"0,12"
9 615,NC(=O)C1C(Br)=CC=CC=1[N+]([O-])=O,"0,28"
9 616,CC(C)(C)C(O)(CN1C=NC=N1)CCC1C=CC(Cl)=CC=1,"3,70"
9 617,NC1=NC(N)=NC2=C1N=CN2C1CCC(CO)O1,"-0,46"
9 618,CN(C)C1C(O)C(OC(C)C1O)OC1C(CC(C)C(=O)C=CC(C)=CC(COC2OC(C)C(O)C(OC)C2OC)C(CC)OC(=O)CC(O)C1C)CCN1CC(C)CC(C)C1,"3,80"
9 619,NC1CN(CC1)C1=NC2=C(C=C1F)C(=O)C(=CN2C1=CC=C(F)C=C1F)C(O)=O,"-0,46"
9 620,CC1CN(CCN1)C1=CC2=C(C=C1F)C(=O)C(=CN2C1=CC=C(F)C=C1F)C(O)=O,"-0,20"
9 621,CC1=CN(C2CC(N=[N+]=[N-])C(CO)O2)C(=O)NC1=S,"1,07"
9 622,O/C(=N\\CCNCC(O)COC1=CC=C(CCOCCOCC2CC2)C=C1)/N1CCC(O)CC1,"1,00"
9 623,N#CC1C=C(C=NC=1NCCO)C1C=CN=CC=1,"1,17"
9 624,CC(O)CN=C1N=CC(C=C1C#N)C1C=CN=CC=1,"0,79"
9 625,CCC(CO)NC1=NC=C(C=C1C#N)C1C=CN=CC=1,"1,04"
9 626,N#CC1=CC(C=NC1=NCCCO)C1C=CN=CC=1,"1,42"
9 627,N#CC1=CC(C=NC1=NCCCCO)C1C=CN=CC=1,"1,93"
9 628,CC(O)COC1N=CC(=CC=1C#N)C1C=CN=CC=1,"1,65"
9 629,CC1N=C(NCCN)C(=CC=1C1C=CN=CC=1)C#N,"1,91"
9 630,CC1=NC(=NCC(C)O)C(=CC1C1C=CC=CC=1)C#N,"2,72"
9 631,CC1=NC(=NCCCO)C(=CC1C1C=CC=CC=1)C#N,"2,72"
9 632,CC1N=C(C(=CC=1C1C=CC=CC=1)C#N)N1CCOCC1,"3,65"
9 633,CC1N=C(C(=CC=1C1C=CC=CC=1)C#N)N1CCNCC1,"3,15"
9 634,CC1N=C(Cl)C(=CC=1C1=CC(OC)=C(C=C1)OC)C#N,"2,86"
9 635,CC1N=C(Cl)C(=CC=1C1C=CC(=CC=1)OC)C#N,"3,38"
9 636,NS(=O)(=O)C1C=CC(=CC=1)SCCO,"0,36"
9 637,NS(=O)(=O)C1C=CC(=CC=1)S(=O)(=O)CCO,"-0,85"
9 638,NS(=O)(=O)C1C=CC(=CC=1)SCCCO,"0,80"
9 639,CC(C)(O)CCSC1C=CC(=CC=1)S(N)(=O)=O,"1,40"
9 640,NS(=O)(=O)C1C=CC(=CC=1)SCCCCCO,"1,04"
9 641,NS(=O)(=O)C1C=CC(=CC=1)S(=O)(=O)CCCO,"-0,64"
9 642,CC(C)(O)CCS(=O)(=O)C1=CC=C(C=C1)S(N)(=O)=O,"-0,09"
9 643,NS(=O)(=O)C1=CC(=C(C=C1)SCCO)[N+]([O-])=O,"0,38"
9 644,NS(=O)(=O)C1=CC(=C(C=C1)SCCCO)[N+]([O-])=O,"0,96"
9 645,NS(=O)(=O)C1=CC(=C(C=C1)S(=O)(=O)CCCO)[N+]([O-])=O,"-0,05"
9 646,NS(=O)(=O)C1=CC(N)=C(C=C1)S(=O)(=O)CCCO,"-0,48"
9 647,COC(=O)C1=CC(=CC=C1SCCCO)S(N)(=O)=O,"0,22"
9 648,NS(=O)(=O)C1=CC(F)=C(C=C1)SCCO,"0,72"
9 649,NS(=O)(=O)C1=CC(Cl)=C(C=C1)SCCCO,"1,59"
9 650,NS(=O)(=O)C1=CC(F)=C(C=C1)SCCCO,"0,99"
9 651,NS(=O)(=O)C1=CC(F)=C(C=C1)SCCCCO,"1,28"
9 652,NS(=O)(=O)C1=CC(F)=C(C=C1)S(=O)(=O)CCO,"-0,60"
9 653,NS(=O)(=O)C1=CC(F)=C(C=C1)S(=O)(=O)CCCO,"-0,41"
9 654,NS(=O)(=O)C1C=CC(=CC=1)S(=O)(=O)CCCCO,"-0,26"
9 655,OC(=O)C=CC(=O)C1=CN=CC=C1,"0,26"
9 656,CC(C)OC(=O)N1C=C(F)C(O)=NC1=O,"0,20"
9 657,C(C1C=CC=CC=1)N1N=CC=N1,"1,56"
9 658,CC(NC(CCC1C=CC=CC=1)C(=O)OCC)C(=O)N1N=C(SC1C(O)=O)C(C)(C)C,"1,62"
9 659,CC(C)(C)C1(C)C(O)=NC(=O)N=C1O,"0,80"
9 660,ClC1C(=CC(Cl)=C(Cl)C=1Cl)OC1=CC(Cl)=C(Cl)C=C1,"7,07"
9 661,ClC1=CC(Cl)=C(Cl)C(OC2=CC(Cl)=C(Cl)C=C2Cl)=C1Cl,"7,13"
9 662,NC1=NC(N)=NC2=C1N=CN2C1C=CC(CO)O1,"-0,48"
9 663,CC(=O)NC1NC2=C(N=CN2COCCO)C(=O)N=1,"-1,30"
9 664,NC1N=CN=C2C=1N=CN2C1OC(CO)CC1F,"-0,00"
9 665,NC1C2CCC1CC1C(=CC=CC=12)C(F)(F)F,"3,65"
9 666,NC1C2CCC1CC1=CC=C(C=C12)C(F)(F)F,"3,59"
9 667,CC1C=C(C#CC)N=C(NC2C=CC=CC=2)N=1,"3,28"
9 668,NC1C2CCC1CC1=CC=CC=C12,"1,63"
9 669,NC1C2CCC1CC1=CC(=CC=C12)C(F)(F)F,"3,54"
9 670,CC(C)OC(=O)C(N)CC1C=CC(O)=C(O)C=1,"0,57"
9 671,O=C(C1C=CC=CC=1)N(N/C(/S)=N/C1C=CC=CC=1)C1C=CC=CC=1,"3,73"
9 672,COC1C=C(C=CC=1OC)C(=CC(=O)N1CCOCC1)C1C=CC(Cl)=CC=1,"2,68"
9 673,OC(=O)CC1=NN(CC2=NC3C=C(C=CC=3S2)C(F)(F)F)C(=O)C2=CC=CC=C12,"2,37"
9 674,CC1=CC=CC=C1OCC(O)CNCC(O)COC1=CC=CC=C1C,"3,67"
9 675,CC1CN(CC(C)N1)C1=C(F)C2=C(C(N)=C1F)C(=O)C(=CN2C1CC1)C(O)=O,"-0,02"
9 676,OC(CN1C=NC=C1)(C1C=CC(F)=CC=1)C1C=CC(F)=CC=1,"2,95"
9 677,C/N=C(\\O)/N(C)/C(/O)=N/C1C=C(CC2C=CC=CC=2)C=CC=1F,"3,90"
9 678,C/N=C(\\O)/N(C)/C(/O)=N/C1C=C(CC)C=CC=1F,"3,23"
9 679,C/N=C(\\O)/N(C)/C(/O)=N/C1C=C(F)C=CC=1F,"2,40"
9 680,CNC(=O)N(C)C(=O)NC1C=C(C=CC=1F)C(C)C,"3,53"
9 681,C/N=C(\\O)/N(C)/C(/O)=N/C1C=C(I)C=CC=1F,"3,58"
9 682,CNC(=O)N(C)C(=O)NC1C=C(C=CC=1F)OC(C)C,"3,08"
9 683,CC(=O)C1=CC(/N=C(\\O)/N(C)/C(/O)=N/C)=C(F)C=C1,"1,82"
9 684,C/N=C(\\O)/N(C)/C(/O)=N/C1C=C(C=CC=1F)C1C=CC=CC=1,"3,78"
9 685,C/N=C(\\O)/N(C)/C(/O)=N/C1C=C(C=CC=1F)OC,"2,14"
9 686,C/N=C(\\O)/N(C)/C(/O)=N/C1C=C(C=CC=1F)C(CC)CC,"4,46"
9 687,C/N=C(\\O)/N(C)/C(/O)=N/C1C=C(C=CC=1F)C1CCCCC1,"4,58"
9 688,C/N=C(\\O)/N(C)/C(/O)=N/C1C=C(C=CC=1F)C(C)(C)C,"3,96"
9 689,CC1C=CC=C(C=1)N=C(O)N=NC(C)O,"0,75"
9 690,C/C(/O)=N/N=C(\\O)/NC1=CC=C(C=C1)C(C)(C)C,"2,08"
9 691,CC(O)N=NC(O)=NC1=CC(F)=CC=C1,"0,73"
9 692,C/C(/O)=N/N=C(\\O)/NC1=CC=C(F)C=C1,"0,45"
9 693,CC(=O)NNC(=O)NC1=CC(Cl)=CC=C1,"1,33"
9 694,CC(O)N=NC(O)=NC1=CC(Br)=CC=C1,"1,48"
9 695,CC(O)N=NC(O)=NC1=CC(I)=CC=C1,"1,71"
9 696,C/C(/O)=N/N=C(\\O)/NC1=CC=C(I)C=C1,"1,65"
9 697,CC(=O)NNC(=O)NC1C=C(C=CC=1)C(F)(F)F,"1,59"
9 698,COC1C=C(C=CC=1)N=C(O)N=NC(C)O,"0,33"
9 699,C/C(/O)=N/N=C(\\O)/NC1C=CC(=CC=1)OCC,"0,51"
9 700,C/C(/O)=N/N=C(\\O)/NC1C=CC(=CC=1)OC1C=CC=CC=1,"2,01"
9 701,C/C(/O)=N/N=C(\\O)/NC1=CC=C(C=C1)N(C)C,"0,11"
9 702,C/C(/O)=N/N=C(\\O)/NC1C=CC(O)=CC=1,"-0,79"
9 703,CC(O)N=NC(O)=NC1C=C(C=CC=1)[N+]([O-])=O,"0,67"
9 704,C/C(/O)=N/N=C(\\O)/NC1=CC=C(C=C1)[N+]([O-])=O,"0,77"
9 705,C/C(/O)=N/N=C(\\O)/NC1=CC=C(C=C1)C#N,"0,38"
9 706,CC(C)(C)C(COC1C=CC=CC=1)OC(=S)N1C=NC=C1,"4,27"
9 707,CC(C)(C)C(COC1C=CC(Cl)=CC=1)OC(=S)N1C=NC=C1,"4,96"
9 708,CC(C)(C)C(COC1C=CC(Br)=CC=1)OC(=S)N1C=NC=C1,"5,11"
9 709,CC1C=CC(=CC=1)OCC(OC(=S)N1C=CN=C1)C(C)(C)C,"4,66"
9 710,CCCC1=CC=C(C=C1)OCC(OC(=S)N1C=CN=C1)C(C)(C)C,"5,77"
9 711,CC(C)C1C=CC(=CC=1)OCC(OC(=S)N1C=CN=C1)C(C)(C)C,"5,21"
9 712,CC(C)(C)C(COC1=CC=C(C=C1)C1=CC=CC=C1)OC(=S)N1C=CN=C1,"6,06"
9 713,COC1=CC=C(C=C1)OCC(OC(=S)N1C=NC=C1)C(C)(C)C,"4,31"
9 714,CCC1=CC=C(C=C1)OCC(OC(=S)N1C=NC=C1)C(C)(C)C,"5,09"
9 715,CC(C)(C)C(COC1C=CC=CC=1)OC(=O)N1C=NC=C1,"3,58"
9 716,CC(C)(C)C(COC1C=CC(F)=CC=1)OC(=O)N1C=NC=C1,"3,68"
9 717,CC(C)(C)C(COC1C=CC(Cl)=CC=1)OC(=O)N1C=NC=C1,"4,19"
9 718,CC(C)(C)C(COC1C=CC(Br)=CC=1)OC(=O)N1C=NC=C1,"4,37"
9 719,CC(C)(C)C(COC1=CC=C(C=C1)[N+]([O-])=O)OC(=O)N1C=NC=C1,"3,35"
9 720,CC(C)(C)C(COC1=CC=C(C=C1)C#N)OC(=O)N1C=CN=C1,"3,15"
9 721,CC(C)C1C=CC(=CC=1)OCC(OC(=O)N1C=CN=C1)C(C)(C)C,"4,77"
9 722,CC(C)(C)C(COC1=CC=C(C=C1)C1=CC=CC=C1)OC(=O)N1C=CN=C1,"4,56"
9 723,CC(C)(C)C1=CC=C(C=C1)OCC(OC(=O)N1C=NC=C1)C(C)(C)C,"4,82"
9 724,CCC1=CC=C(C=C1)OCC(OC(=O)N1C=NC=C1)C(C)(C)C,"4,10"
9 725,CCCC1=CC=C(C=C1)OCC(OC(=O)N1C=CN=C1)C(C)(C)C,"4,73"
9 726,CCCCC1=CC=C(C=C1)OCC(OC(=O)N1C=CN=C1)C(C)(C)C,"4,97"
9 727,COC1=CC=C(C=C1)OCC(OC(=O)N1C=NC=C1)C(C)(C)C,"3,46"
9 728,CSC1=CC=C(C=C1)OCC(OC(=O)N1C=NC=C1)C(C)(C)C,"4,03"
9 729,CCOC1=CC=C(C=C1)OCC(OC(=O)N1C=CN=C1)C(C)(C)C,"3,86"
9 730,CCCOC1C=CC(=CC=1)OCC(OC(=O)N1C=NC=C1)C(C)(C)C,"4,10"
9 731,CCOC(=O)C1=CC=C(C=C1)OCC(OC(=O)N1C=NC=C1)C(C)(C)C,"4,12"
9 732,ClC1C=CC(=CC=1)N=C1CC2=NC3=CC=CC=C3N(C2=CC1=NCCCN1CCCC1)C1C=CC(Cl)=CC=1,"7,17"
9 733,ClC1C=CC(=CC=1)N=C1CC2=NC3=CC=CC=C3N(C2=CC1=NCCCN1CCCCC1)C1C=CC(Cl)=CC=1,"8,18"
9 734,CC(CCCN(CC)CC)N=C1C=C2C(CC1=NC1C=CC(Cl)=CC=1)=NC1=CC=CC=C1N2C1C=CC(Cl)=CC=1,"7,92"
9 735,ClC1C=CC(=CC=1)N=C1CC2=NC3=CC=CC=C3N(C2=CC1=NCC1CCNCC1)C1C=CC(Cl)=CC=1,"6,44"
9 736,CC(C)=NOCCOC(=O)C(C)OC1C=CC(=CC=1)OC1C=NC2C=C(Cl)C=CC=2N=1,"4,60"
9 737,CC1C=CC(CC2NC3C=C(Cl)C=CC=3N=2)=CC=1,"5,21"
9 738,CC12C=CC(=O)C=C1CCC1C2C(O)CC2(C)C(C(CC21)C(=O)OC)C(=O)CO,"1,70"
9 739,CC1=NN(C)C(OC2C=CC=CC=2)=C1C=NOCC1=CC=C(C=C1)C(=O)OC(C)(C)C,"5,01"
9 740,COC1=CC(=NC(NC(=O)NS(=O)(=O)C2=NC=CC=C2C(=O)N(C)C)=N1)OC,"0,01"
9 741,CN(C)C(=O)N1N=C(N=C1SCC(=O)OCC)C(C)(C)C,"2,69"
9 742,CC(C)(C)N(NC(=O)C1C=CC=CC=1)C(=O)C1=CC(Cl)=CC=C1,"3,28"
9 743,CC(C)(C)N(NC(=O)C1C=CC=CC=1)C(=O)C1C=CC(F)=CC=1,"2,85"
9 744,CC(C)(C)N(NC(=O)C1C=CC=CC=1)C(=O)C1=CC=CC=C1[N+]([O-])=O,"2,27"
9 745,CC(C)(C)N(NC(=O)C1C=CC=CC=1)C(=O)C1C=CC=CC=1,"2,45"
9 746,CC(C)(C)N(NC(=O)C1C=CC=CC=1)C(=O)C1=CC(Cl)=C(Cl)C=C1,"4,25"
9 747,CC(C)(C)N(/N=C(\\O)/C1=CC=CC=C1Cl)C(=O)C1=CC=CC=C1Cl,"2,75"
9 748,CC(C)(C)N(NC(=O)C1C=CC=CC=1)C(=O)C1C=CC(Cl)=CC=1,"3,42"
9 749,CC1C=CC(=CC=1)C(=O)N(NC(=O)C1C=CC=CC=1)C(C)(C)C,"2,99"
9 750,CC(C)(C)N(NC(=O)C1C=CC=CC=1)C(=O)C1=CC=CC=C1Cl,"2,59"
9 751,CC(C)(C)N(NC(=O)C1C=CC(Cl)=CC=1)C(=O)C1C=CC=CC=1,"3,22"
9 752,CC(C)(C)N(/N=C(\\O)/C1=CC(Cl)=CC=C1)C(=O)C1=CC=CC=C1Cl,"3,49"
9 753,CC(C)(C)N(NC(=O)C1C=CC(Cl)=CC=1)C(=O)C1=CC=CC=C1Cl,"3,51"
9 754,CC(C)(C)N(NC(=O)C1C=CC=CC=1)C(=O)C1=CC=CC=C1F,"2,38"
9 755,COC1=CC=CC=C1C(=O)N(NC(=O)C1C=CC=CC=1)C(C)(C)C,"2,04"
9 756,CC1=CC=CC=C1C(=O)N(NC(=O)C1C=CC=CC=1)C(C)(C)C,"2,75"
9 757,CC(C)(C)N(NC(=O)C1C=CC=CC=1)C(=O)C1=CC(=CC=C1)[N+]([O-])=O,"2,73"
9 758,CC(C)(C)N(NC(=O)C1C=CC=CC=1)C(=O)C1C=CC(Br)=CC=1,"3,66"
9 759,CC(C)(C)N(NC(=O)C1C=CC=CC=1)C(=O)C1C(F)=CC=CC=1F,"2,16"
9 760,COC1C=CC(=CC=1)C(=O)N(NC(=O)C1C=CC=CC=1)C(C)(C)C,"2,56"
9 761,CC(C)(C)N(NC(=O)C1C=CC=CC=1)C(=O)C1=CC=CC=C1I,"2,83"
9 762,CSC1=CC=CC=C1C(=O)N(NC(=O)C1C=CC=CC=1)C(C)(C)C,"2,60"
9 763,CC(C)(C)N(NC(=O)C1C=CC=CC=1)C(=O)C1C=CC(Cl)=CC=1Cl,"3,55"
9 764,CC(C)(C)N(NC(=O)C1C=CC=CC=1)C(=O)C1=CC(F)=CC=C1,"2,78"
9 765,CC(C)(C)N(NC(=O)C1C=CC=CC=1)C(=O)C1=CC=CC=C1Br,"2,69"
9 766,FC(F)C(F)(F)OCC(CN1C=NC=N1)C1C=CC(Cl)=CC=1Cl,"3,56"
9 767,CC(CC(=O)C1C=CC(=CC=1)C1C=CC(F)=CC=1F)C(O)=O,"3,78"
9 768,CCC1C=CC(=CC=1)C(=O)NN(C(=O)C1C=C(C)C=C(C)C=1)C(C)(C)C,"4,25"
9 769,CC(C)(C)N(NC(=O)C1C=CC=CC=1)C(=O)C1C(F)=C(F)C(F)=C(F)C=1F,"3,25"
9 770,CC1C=CC=C(C=1)C(=O)N(NC(=O)C1C=CC=CC=1)C(C)(C)C,"2,79"
9 771,CC1=CC=CC(C(=O)N(NC(=O)C2C=CC=CC=2)C(C)(C)C)=C1C,"3,10"
9 772,CC1C=CC(=CC=1C)C(=O)N(NC(=O)C1C=CC=CC=1)C(C)(C)C,"3,34"
9 773,CC(C)(C)N(NC(=O)C1C=CC=CC=1)C(=O)C1=CC(=CC=C1)OC,"2,56"
9 774,CC(C)(C)N(NC(=O)C1C=CC=CC=1)C(=O)C1C=CC(=CC=1)C#N,"2,50"
9 775,CC(C)(C)N(NC(=O)C1C=CC=CC=1)C(=O)C1C=CC(=CC=1)C(F)(F)F,"3,77"
9 776,CC(C)(C)N(NC(=O)C1C=CC=CC=1)C(=O)C1=CC(=CC=C1)C(F)(F)F,"3,61"
9 777,CC(C)(C)N(NC(=O)C1C=CC=CC=1)C(=O)C1=CC=CC=C1C(F)(F)F,"2,85"
9 778,CC(C)(C)N(NC(=O)C1C=CC=CC=1)C(=O)C1=CC(=CC=C1)C#N,"2,34"
9 779,CC(C)(C)N(NC(=O)C1C=CC=CC=1)C(=O)C1C(Cl)=CC=CC=1Cl,"2,56"
9 780,CC(C)(C)N(NC(=O)C1C=CC=CC=1)C(=O)C1=CC=CC(Cl)=C1Cl,"3,41"
9 781,CC1=CC(=CC(C)=C1)C(=O)N(NC(=O)C1C=CC=CC=1)C(C)(C)C,"3,39"
9 782,CC1C(=CC=CC=1Cl)C(=O)N(NC(=O)C1=CC=CC=C1)C(C)(C)C,"3,57"
9 783,CC1C=CC(=CC=1)C(=O)NN(C(=O)C1=CC=CC=C1Cl)C(C)(C)C,"3,15"
9 784,CC(C)(C)N(NC(=O)C1C=CC=CC=1)C(=O)C1=CC(Br)=CC=C1,"3,49"
9 785,CC(C)(C)N(NC(=O)C1C=CC=CC=1)C(=O)C1=CC(I)=CC=C1,"3,72"
9 786,CCC1=CC=CC=C1C(=O)N(NC(=O)C1C=CC=CC=1)C(C)(C)C,"2,96"
9 787,COC1C=C(C=CC=1OC)C(=O)N(NC(=O)C1C=CC=CC=1)C(C)(C)C,"2,09"
9 788,CC(C)(C)N(NC(=O)C1C=CC=CC=1)C(=O)C1C=CC(I)=CC=1,"3,78"
9 789,CC(C)C(CC)C(=O)OC1C=CC=CC=1,"4,20"
9 790,CC(C)C(OCC)C(=O)OCC1C=CC=CC=1,"3,29"
9 791,CS(=O)CC(=O)C=NO,"-0,72"
9 792,CS(=O)(=O)CC(=O)C=NO,"-0,69"
9 793,CSCC(=O)C=NO,"1,21"
9 794,CCCCCCC(C)(C)C1=CC(O)=C2C3CC(CO)=CCC3C(C)(C)OC2=C1,"7,63"
9 795,CCCN(CCC)C1CC2C=CC=C(O)C=2OC1,"3,30"
9 796,COC(=O)C1=CC=CC=C1CS(N)(=O)=O,"0,37"
9 797,CCCN1CCOC2C1COC1=CC=C(O)C=C12,"1,97"
9 798,CCC1=NC(=NN1C1C=CC=CC=1)S(=O)(=O)NC1C(F)=CC=CC=1F,"3,70"
9 799,CC1=NC(=NN1C1C=CC=CC=1)S(=O)(=O)NC1C(Cl)=C(C)C=CC=1Cl,"4,40"
9 800,CCC1C=CC(=CC=1)C1NC2C=CC=NC=2N=1,"3,42"
9 801,CC(C)(C)C1C=CC(=CC=1)C1NC2C=CC=NC=2N=1,"4,82"
9 802,ClC1C=CC(=CC=1)OC1=CC(Cl)=C(Cl)C(Cl)=C1Cl,"6,61"
9 803,CC1SC(/C(/O)=N/C2=NNN=N2)=C(OC(C)C)C=1Br,"1,72"
9 804,CC(C)OC1=C(SC(Br)=C1Br)C(=O)NC1N=NNN=1,"1,85"
9 805,COC1SC(C(=O)NC2N=NNN=2)=C(OC(C)C)C=1Br,"1,35"
9 806,CN1C(C(=O)NC2N=NNN=2)=C(OC(C)C)C(Br)=C1Br,"2,52"
9 807,NC(=O)NS(=O)(=O)C1C=CC=NC=1,"-0,65"
9 808,CCCCOC(=O)NC1=CC(OCC)=C(C=C1)OCC,"3,46"
9 809,CCOC1C=C(C=CC=1OCC)NC(=O)OC1CCCC1,"3,33"
9 810,CO/C(/O)=N/C1=CC=CC=C1OCC,"2,43"
9 811,CO/C(/O)=N/C1=CC=CC=C1C(F)(F)F,"2,09"
9 812,COC(=O)NC1C=CC=C(I)C=1,"3,03"
9 813,CCC1=CC(=CC=C1)/N=C(\\O)/OC,"2,74"
9 814,COC(=O)NC1=CC(=CC=C1)OCC,"2,31"
9 815,CCCCC1C=CC(=CC=1)NC(=O)OC,"3,69"
9 816,COP(=S)(OC1C(Cl)=CC=CC=1C#N)OC,"3,58"
9 817,CN(C)C(=O)COC(=O)C1=CC(=C(Cl)C=C1NCC1=CC=CO1)S(N)(=O)=O,"1,18"
9 818,OC(=O)CSC1NS(=O)(=O)C2C=CC(Cl)=CC=2N=1,"0,82"
9 819,OC(=O)CSC1NS(=O)(=O)C2C=C(Cl)C=CC=2N=1,"0,72"
9 820,OC(=O)CSC1NS(=O)(=O)C2=CC(Cl)=CC(Cl)=C2N=1,"1,09"
9 821,OC(=O)CSC1NS(=O)(=O)C2C=CC(Cl)=C(Cl)C=2N=1,"1,10"
9 822,OC(=O)CSC1NS(=O)(=O)C2C=C(Br)C=CC=2N=1,"0,92"
9 823,OC(=O)CSC1NS(=O)(=O)C2=CC(Br)=CC(Br)=C2N=1,"1,16"
9 824,CC1=CC2N=C(NS(=O)(=O)C=2C=C1)SCC(O)=O,"0,70"
9 825,COC1=CC2N=C(NS(=O)(=O)C=2C=C1)SCC(O)=O,"0,37"
9 826,OC(=O)CSC1NS(=O)(=O)C2C=CC(=CC=2N=1)C(F)(F)F,"1,62"
9 827,OC(=O)CSC1NS(=O)(=O)C2=CC=CC=C2N=1,"0,18"
9 828,O=C1C2C(C3C=CC2C2C=CC32)C(=O)N1CCCCN1CCN(CC1)C1N=CC=CN=1,"1,79"
9 829,CC1(N=C(NC1=O)C1=NC=C(COC)C=C1C(O)=O)C(C)C,"0,73"
9 830,N#CC(CN1C=NC=N1)(CCC1C=CC(Cl)=CC=1)C1C=CC=CC=1,"3,23"
9 831,CC(CO)CC(F)(F)F,"1,39"
9 832,CC12CCC(=O)C=C1CCC1C2C(O)CC2(C)C1CCC2(O)C(=O)COC(=O)CCC(N)=O,"1,43"
9 833,COC(=O)CCC(=O)OCC(=O)C1(O)CCC2C3CCC4=CC(=O)CCC4(C)C3C(O)CC12C,"2,60"
9 834,CC12CCC(=O)C=C1CCC1C2C(O)CC2(C)C1CCC2(O)C(=O)COC(=O)CCCCCC(N)=O,"2,30"
9 835,CC12CCC(=O)C=C1CCC1C2C(O)CC2(C)C1CCC2(O)C(=O)COC(=O)CCCCCO,"2,79"
9 836,COC(=O)CCCCCC(=O)OCC(=O)C1(O)CCC2C3CCC4=CC(=O)CCC4(C)C3C(O)CC12C,"3,70"
9 837,CN(C)C(=O)COC(=O)C1=CC=CC=C1O,"1,21"
9 838,CN(CCO)C(=O)COC(=O)C1=CC=CC=C1O,"0,86"
9 839,NC1CC(CO)N(C1)C1C=C2C(=CC=1F)C(=O)C(=CN2C1C=CC(F)=CC=1F)C(O)=O,"-0,98"
9 840,CC1CC(N)CN1C1C=C2C(=CC=1F)C(=O)C(=CN2C1C=CC(F)=CC=1F)C(O)=O,"0,09"
9 841,CC1CC(N)CN1C1N=C2C(=CC=1F)C(=O)C(=CN2C1C=CC(F)=CC=1F)C(O)=O,"-0,20"
9 842,CCCCCCC(C)(C)C1=CC(O)=C(C=C1)C1CC(O)CCC1,"6,68"
9 843,[N-]=[N+]=NC1CC(OC1CO)N1C=NC2=C1N=C(N)N=C2N,"0,24"
9 844,NC1=NC(=N)N=C2C1N=CN2C1CC(F)C(CO)O1,"0,05"
9 845,CC1SSC(=S)C=1CC1C=CC=CC=1,"3,78"
9 846,N#CN=[N+]([O-])C1C=CC=C(F)C=1,"1,85"
9 847,N#CN=N(=O)C1C=CC(F)=CC=1,"1,80"
9 848,N#CN=N(=O)C1C=CC(=CC=1)C(F)(F)F,"2,47"
9 849,N#CN=N(=O)C1C=C(C=CC=1)C(F)(F)F,"2,52"
9 850,N#CN=N(=O)C1C=C(C=CC=1)C#N,"1,15"
9 851,N#CN=N(=O)C1C=CC(=CC=1)C#N,"1,18"
9 852,CC1N=C(O)N=C(O)C=1C=CC(O)=NC(CS(=O)CSCCC)CO,"-0,67"
9 853,CC(C(=N)O)N1N=NC2=CC=CC=C12,"0,35"
9 854,CCCCC(C(=O)OCC)N1N=NC2=CC=CC=C12,"3,32"
9 855,CCC(C(N)=O)N1N=NC2=CC=CC=C12,"0,88"
9 856,CCC(C(N)=O)N1N=C2C=CC=CC2=N1,"1,25"
9 857,CC(C)(C(N)=O)N1N=NC2=CC=CC=C12,"0,76"
9 858,CCC(C(=O)OCC)N1N=NC2=CC=CC=C12,"2,34"
9 859,CCC(C(=O)OCC)N1N=C2C=CC=CC2=N1,"2,88"
9 860,CCCCC(C(N)=O)N1N=NC2=CC=CC=C12,"1,88"
9 861,CCOC(=O)C(CCC)N1N=C2C=CC=CC2=N1,"3,38"
9 862,CCCC(C(N)=O)N1N=C2C=CC=CC2=N1,"1,75"
9 863,CC(C)(C(N)=O)N1N=C2C=CC=CC2=N1,"1,16"
9 864,CCOC(=O)C(CCC)N1N=NC2=CC=CC=C12,"2,82"
9 865,CCCCC(C(=O)OCC)N1N=C2C=CC=CC2=N1,"3,88"
9 866,CC(C(N)=O)N1N=C2C=CC=CC2=N1,"0,86"
9 867,CCCC(C(N)=O)N1N=NC2=CC=CC=C12,"1,38"
9 868,CCCCC(C(N)=O)N1N=C2C=CC=CC2=N1,"2,28"
9 869,CC(CCC(O)=O)N1N=NC2=CC=CC=C12,"0,15"
9 870,CCOC(=O)CCC(C)N1N=NC2=CC=CC=C12,"2,64"
9 871,CC(CCC(O)=O)N1N=C2C=CC=CC2=N1,"0,69"
9 872,CC1C=C2N=NN(CCCC(N)=O)C2=CC=1C,"1,35"
9 873,CC1C(N)=NON=1=O,"-0,17"
9 874,CC(O)CN(CC(C)O)C(=O)COC(=O)C1C=CC=CC=1,"0,66"
9 875,COCCN(CCOC)C(=O)COC(=O)C1C=CC=CC=1,"1,28"
9 876,O=C(COC(=O)C1C=CC=CC=1)N1CCC1,"1,20"
9 877,O=C(COC(=O)C1C=CC=CC=1)N1CCCCCC1,"2,30"
9 878,CCC1CCCCN1C(=O)COC(=O)C1C=CC=CC=1,"2,62"
9 879,CC1CCCC(C)N1C(=O)COC(=O)C1C=CC=CC=1,"2,90"
9 880,OC1CCN(CC1)C(=O)COC(=O)C1C=CC=CC=1,"0,63"
9 881,OC(=O)C1CCN1C(=O)COC(=O)C1C=CC=CC=1,"0,79"
9 882,OC(=O)C1CCCN1C(=O)COC(=O)C1C=CC=CC=1,"1,02"
9 883,COC(=O)C1CCCN1C(=O)COC(=O)C1C=CC=CC=1,"1,42"
9 884,CN(C)C(=O)CCOC(=O)C1C=CC=CC=1,"1,28"
9 885,CN(C)C(=O)CCCOC(=O)C1C=CC=CC=1,"1,86"
9 886,CC(OC(=O)C1C=CC=CC=1)C(=O)N(CC)CC,"2,30"
9 887,CC(=O)N(C)C(=O)COC(=O)C1C=CC=CC=1,"1,58"
9 888,CC(C)NC(=O)COC(=O)C1C=CC=CC=1,"1,73"
9 889,CCCCNC(=O)COC(=O)C1C=CC=CC=1,"2,36"
9 890,CCCCCCNC(=O)COC(=O)C1C=CC=CC=1,"2,81"
9 891,CC(NC(=O)COC(=O)C1C=CC=CC=1)C(N)=O,"0,42"
9 892,OCC(CO)(CO)NC(=O)COC(=O)C1C=CC=CC=1,"0,25"
9 893,CCN(C)C(=O)COC(=O)C1C=CC=CC=1,"1,27"
9 894,CC(C)CN(CC(C)C)C(=O)COC(=O)C1C=CC=CC=1,"3,80"
9 895,FC1=CC=C(CN2C=NC=N2)C=C1,"1,10"
9 896,COC1C=CC(CN2C=NC=N2)=CC=1,"1,10"
9 897,CCCCC1C=CC(CN2C=NC=N2)=CC=1,"2,81"
9 898,FC(F)(F)C1C=C(CN2C=NC=N2)C=CC=1,"1,74"
9 899,ClC1C=CC(CN2C=NC=N2)=CC=1Cl,"2,54"
9 900,OC1=NC(=O)N(C=C1Br)C1CC(F)C(CO)O1,"-0,04"
9 901,ClC1=CC2NC(CC3C=CC(Cl)=CC=3)=NC=2C=C1,"5,18"
9 902,COCCNC(=O)COC1C=CC(=CC=1)OCCNCC(O)COC1C=CC=CC=1,"1,70"
9 903,NC1NC2C(=O)N=C(N)NC=2C=1CC1=CSC=C1,"1,08"
9 904,NC1NC2C(=O)N=C(N)NC=2C=1CC1=CC=CS1,"1,01"
9 905,CCC1C(=O)C(=O)C=CN1C,"-0,20"
9 906,CCC1C(=O)C(=O)C=CN1CCC,"0,70"
9 907,CCN1C=CC(=O)C(=O)C1CC,"0,25"
9 908,CCCN1CCOC2C1COC1C(O)=CC=CC=12,"1,93"
9 909,CCCN(CCC)C1CCOC2C=CC(O)=CC=21,"3,17"
9 910,CCCN(CCC)C1CC2=CC(O)=CC=C2OC1,"3,19"
9 911,CC(C)(C)N1C=C(C(O)=O)C(=O)C2=CC(F)=C(N=C12)N1CC2CC1CN2,"-0,41"
9 912,CCCCCCN1CC(CC1=O)C(O)=O,"1,60"
9 913,ClC1=CC(Cl)=C(C=C1)C1(CC(Br)CO1)CN1C=NC=N1,"3,24"
9 914,CC(=O)C(=CC1=CC(=C(O)C(O)=C1)[N+]([O-])=O)C(C)=O,"1,21"
9 915,CC1NC(C2N=CC=CC=2Cl)=C(C=1C(=O)OC)C(=O)OC,"1,51"
9 916,CC1NC(=C(C=1C(=O)OC)C(=O)OC)C1C=CC(Cl)=CN=1,"2,70"
9 917,CC1NC(=C(C=1C(=O)OC)C(=O)OC)C1C=C(Cl)C=CN=1,"2,63"
9 918,CCCCN1C=CCC(=O)C1=O,"1,18"
9 919,CC(=O)OC1=CC=CC=C1C(=O)OCC(=O)N(CC)CC,"1,16"
9 920,CC(=O)OC1=CC=CC=C1C(=O)OCC(=O)N(CCC)CCC,"2,09"
9 921,CC(=O)OC1=CC=CC=C1C(=O)OCC(=O)N(C(C)C)C(C)C,"2,03"
9 922,CC(=O)OC1=CC=CC=C1C(=O)OCC(=O)N(C)CC(=O)OCC,"1,67"
9 923,CC(=O)OC1=CC=CC=C1C(=O)OCC(=O)N(C)CC(N)=O,"-0,46"
9 924,CC(=O)OC1=CC=CC=C1C(=O)OCC(=O)N1CCOCC1,"0,30"
9 925,CCON=C(CCC)C1C(=O)OC(C)(CC1=O)C1CC1,"3,28"
9 926,O=C(NC1=CC(Cl)=C(C=C1)OC(F)(F)C(F)OC(F)(F)F)NC(=O)C1C(F)=CC=CC=1F,"5,27"
9 927,COC1=CC2C3=CN=C4C=C(Cl)C=CC4=C3NC=2C=C1,"4,49"
9 928,ClC1=CC(Cl)=C(C=C1)OC1C(Cl)=C(Cl)C=CC=1Cl,"6,06"
9 929,CN(C)C(=O)NC1C=CC(=CC=1)OC1=NN=NN1C1CCCCC1,"2,18"
9 930,CN(C)C(=O)NC1C=CC(=CC=1)OC1=NN=NN1CCCCCCCC,"3,96"
9 931,CN(C)C(=O)NC1C=CC(=CC=1)OC1=NN=NN1CC1C=CC=CC=1,"1,70"
9 932,CN(C)C(=O)NC1C=CC(=CC=1)OC1=NN=NN1CC(=O)OCC,"0,70"
9 933,CN(C)C(=O)NC1C=CC(=CC=1)OC1=NN=NN1CC#C,"1,00"
9 934,CN(C)/C(/O)=N/C1=CC(Cl)=C(C=C1)OC1=NN=NN1CC,"1,50"
9 935,CN(C)C(=O)NC1C=CC(=CC=1)OC1=NN(C)N=N1,"0,63"
9 936,CN(C)C(=O)NC1C=CC(=CC=1)OC1=NN(CC)N=N1,"1,10"
9 937,CN(C)C(=O)NC1C=CC(=CC=1)OC1=NN(N=N1)C(C)C,"1,45"
9 938,CN(C)C(=O)NC1C=CC(=CC=1)OC1=NN(N=N1)C(C)(C)C,"2,08"
9 939,CN(C)C(=O)NC1C=CC(=CC=1)OC1=NN(N=N1)C1CCCCC1,"2,67"
9 940,CN(C)C(=O)NC1C=CC(=CC=1)OC1=NN(CCCCCCCC)N=N1,"4,40"
9 941,CN(C)C(=O)NC1C=CC(=CC=1)OC1=NN(CC=C)N=N1,"1,65"
9 942,CN(C)C(=O)NC1C=CC(=CC=1)OC1=NN(CC2C=CC=CC=2)N=N1,"2,25"
9 943,CN(C)C(=O)NC1C=CC(=CC=1)OC1=NN(CCC#N)N=N1,"0,28"
9 944,CN(C)/C(/O)=N/C1=CC(Cl)=C(C=C1)OC1=NN(CC)N=N1,"1,70"
9 945,CN(C)C(=O)NC1C=CC(=CC=1)OC1=NN(CC#C)N=N1,"1,65"
9 946,COC(=O)CSC1C=C(N=C2SC(=O)N3CCCCN32)C(F)=CC=1Cl,"3,77"
9 947,CC(=O)OCN1C(=O)C=C(C)C1=O,"0,45"
9 948,CC(=O)OCN1C(=O)C(C)=C(C)C1=O,"0,65"
9 949,CC(=O)OCN1CC2=CC=CC=C2C1=O,"0,99"
9 950,N#CN=N(=O)C1=CC=CC2=CC=CC=C21,"3,17"
9 951,N#CN=N(=O)C1=CC=NC2=CC=CC=C12,"2,07"
9 952,N#CN=N(=O)C1=CN=CC=N1,"0,10"
9 953,OCC1CC(F)C(O1)N1C=NC2=C1NC=NC2=O,"-1,21"
9 954,N#CN=N(=O)C1N=CC=CN=1,"-0,13"
9 955,CC1C(=O)C(CC2=CN=CC=C2)=C(C)C(=O)C=1C,"2,55"
9 956,CC1=CC(O)=NN=C1C=CC1C=CC(=CC=1)N1C=NC2CCCCC1=2,"3,10"
9 957,CC(O)=NC1C=CC(C=CC2=NN=C(O)C=C2C)=CC=1,"1,27"
9 958,CC(C)CC1=C(C(=O)OC)C(=NC(=C1C1=NCCS1)C(F)(F)F)C(F)F,"3,89"
9 959,COC1=CN=C(C=N1)OC,"1,14"
9 960,COC1C=CC(CC2NC3C=C(C=CC=3N=2)[N+]([O-])=O)=CC=1,"3,48"
9 961,CN1C(=O)C2N=CNC=2N(CCC)C1=O,"1,02"
9 962,COCCN1C=CC(=O)C(=O)C1C,"-0,41"
9 963,CCOCCCN1C=CC(=O)C(=O)C1C,"0,12"
9 964,CCCCCC(O)C1=CC(O)=C(O)C=C1,"2,32"
9 965,OCCCCCC(=O)C=CC1C=CC(O)=C(O)C=1,"1,67"
9 966,CC(=O)OC1=CC=CC=C1C(=O)OCC(=O)NCC,"0,90"
9 967,CC(=O)OC1=CC=CC=C1C(=O)OCC(=O)NCC(N)=O,"-0,43"
9 968,CC(=O)OC1=CC=CC=C1C(=O)OCC(=O)N(C)C,"0,38"
9 969,CC(=O)OC1=CC=CC=C1C(=O)OCOC(=O)CCC,"2,50"
9 970,CN(CCOC(=O)C1=CC=CC=C1OC(C)=O)C(C)=O,"1,46"
9 971,CN(C)/C(/O)=N/C1=CC(Cl)=C(C=C1)OC1=NN=NN1C(C)(C)C,"2,25"
9 972,CN(C)C(=O)NC1C=CC(=CC=1)OC1=NN=NN1C(C)(C)C,"1,65"
9 973,COC1=CC(Cl)=C(NC2=CC=CC=C2CC(O)=O)C(Cl)=C1,"4,44"
9 974,OC(CNCC(O)C1CCC2=CC(F)=CC=C2O1)C1CCC2C=C(F)C=CC=2O1,"4,04"
9 975,CC1=NON(=O)=C1N,"-0,32"
9 976,CC(C)(C)C1(Cl)C(O)=NC(=O)N=C1O,"0,82"
9 977,CC1(C)C(C=C(Cl)Cl)C1C(=O)OCC1=C(F)C(F)=CC(F)=C1F,"5,46"
9 978,COC1C=CC(=CC=1)C(=O)C1C=C(SC=1)S(N)(=O)=O,"1,76"
9 979,NS(=O)(=O)C1=CC(=CS1)C(=O)C1C=CC(O)=CC=1,"1,41"
9 980,COC1=CC=C(C=C1)C(=O)C1=COC(=C1)S(N)(=O)=O,"1,52"
9 981,OC1CC(N=1)OC1C=C(C=CC=1)C(=O)OCC1C=CC=CC=1,"2,83"
9 982,OC1CC(N=1)OC1=CC=CC2=CC=CC=C21,"2,66"
9 983,OC1CC(N=1)OC1C=CC(=CC=1)C1C=CC=CC=1,"2,61"
9 984,OC1CC(N=1)OC1C=CC(=CC=1)C(=O)C1C=CC=CC=1,"2,14"
9 985,OC1CC(N=1)OC1C=CC(=CC=1)C(=O)C=CC1C=CC=CC=1,"2,56"
9 986,OC1CC(N=1)OC1C=CC(=CC=1)C(=O)CCC1C=CC=CC=1,"2,48"
9 987,OC1CC(N=1)OC1=CC=CC=C1C(=O)C1C=CC=CC=1,"1,83"
9 988,OC1CC(N=1)SC1=CC2=CC=CC=C2C=C1,"2,64"
9 989,OC1CC(N=1)SC1=CC=CC=N1,"0,61"
9 990,CCOC(=O)CN1C(CC1=O)OC1C=C2C=CC=CC2=CC=1,"2,80"
9 991,CC(C)(C)OC(=O)CN1C(CC1=O)OC1C=C2C=CC=CC2=CC=1,"3,60"
9 992,CCOC(=O)CN1C(CC1=O)OC1C=CC(=CC=1)C(=O)C1C=CC=CC=1,"3,00"
9 993,CCOC(=O)CN1C(CC1=O)OC1C=CC(=CC=1)C(=O)C=CC1C=CC=CC=1,"3,30"
9 994,CCOC(=O)CN1C(CC1=O)SC1=CC2=CC=CC=C2C=C1,"3,40"
9 995,CC1=CC=C(C=C1)C(=O)C1C=C(SC=1)S(N)(=O)=O,"2,16"
9 996,CCC1=NN(C)C(C(=O)NCC2C=CC(=CC=2)C(C)(C)C)=C1Cl,"4,61"
9 997,CC1N=C(O)N=C(O)C=1C=CC(O)=NC(CS(=O)CSCCCCC)CO,"0,60"
9 998,CC1N=C(O)N=C(O)C=1C=CC(O)=NC(C)CS(=O)CSCC,"-0,30"
9 999,CC1C=C(Br)C=C(C)C=1NC(C)=O,"2,12"
10 000,CC1COC(CN2C=NC=N2)(O1)C1C=CC(=CC=1Cl)OC1C=CC(Cl)=CC=1,"4,30"
10 001,NC1C=CN(C2OC(CC2F)CO)C(=O)N=1,"-1,05"
10 002,NC1N=C(N)C2C(F)=CC=CC=2N=1,"1,19"
10 003,NC1N=C(N)C2C(Br)=CC=CC=2N=1,"1,91"
10 004,NC1N=C(N)C2C(I)=CC=CC=2N=1,"2,12"
10 005,CSC1=CC=CC2N=C(N)N=C(N)C=21,"1,81"
10 006,CCOC1=CC=CC2N=C(N)N=C(N)C=21,"1,69"
10 007,CN(C)C1=CC=CC2NC(=N)NC(=N)C=21,"1,65"
10 008,[N-]=[N+]=NC1C(OC(CO)C1N=[N+]=[N-])N1C=NC2=C(N)N=CN=C12,"0,80"
10 009,OCC1OC(CC1F)N1C=C(Cl)C(=O)NC1=O,"-0,17"
10 010,OC1=NC(=O)N(C=C1I)C1CC(F)C(CO)O1,"0,21"
10 011,NC1C=CC(CC2NC3C=C(Cl)C=CC=3N=2)=CC=1,"3,20"
10 012,COC1C=CC(=CC=1)S(=O)(=O)C1C=C(SC=1)S(N)(=O)=O,"1,36"
10 013,CC(OC1=CC=C(C=C1)OC1=CN=C2C=C(Cl)C=CC2=N1)C(=O)OCC1CCCO1,"4,32"
10 014,NC1=C(C(C#N)=NN1C1C(Cl)=CC(=CC=1Cl)C(F)(F)F)S(=O)C(F)(F)F,"4,00"
10 015,CCN=C1N=CC(C=C1C#N)C1C=CN=CC=1,"2,33"
10 016,C=CCN=C1N=CC(C=C1C#N)C1C=CN=CC=1,"2,07"
10 017,N#CC1=CC(=CN=C1N1CCCC1)C1C=CN=CC=1,"2,95"
10 018,COCCCN=C1N=CC(C=C1C#N)C1C=CN=CC=1,"2,03"
10 019,CN1N=NC(=N1)C1C=NN(C)C=1S(=O)(=O)NC(=O)NC1N=C(C=C(N=1)OC)OC,"0,65"
10 020,N=C1NCC(CN2CCN(CC2)C2=CC=CC=N2)O1,"0,48"
10 021,N=C1NCC(CN2CCN(CC2)C2C=C(Cl)C=CC=2)O1,"1,83"
10 022,N=C1NCC(CN2CCN(CC2)C2C=C(C=CC=2)C(F)(F)F)O1,"2,21"
10 023,NC1=NCC(CN2CCN(CC2)C2C=CC(F)=CC=2)O1,"1,00"
10 024,CC1C(=CC=CC=1C)N1CCN(CC2CN=C(N)O2)CC1,"2,19"
10 025,N=C1NCC(CN2CCN(CC2)C2N=CC=CN=2)O1,"0,21"
10 026,COC1C=C(C=CC=1C1NC2N=NC=CC=2N=1)S(C)=O,"0,23"
10 027,CS(=O)C1=CC(OC)=C(C=C1)C1NC2=CN=NC=C2N=1,"0,39"
10 028,CS(=O)C1=CC(OC)=C(C=C1)C1N=C2NC=CN=C2N=1,"0,66"
10 029,COC1=CC(OC)=C(C=C1)C1=CC2C=NC=CC=2N1,"3,50"
10 030,[I-].CN(C)C(SC1C=CC=C(Cl)C=1Cl)N(C)C,"0,29"
10 031,[I-].CN(C)C(SC1C(Cl)=CC=CC=1Cl)N(C)C,"0,00"
10 032,[I-].CN(C)C(SC1C=CC(Cl)=C(Cl)C=1Cl)N(C)C,"0,95"
10 033,[I-].CN(C)C(SC1C(Cl)=CC(Cl)=CC=1Cl)N(C)C,"0,05"
10 034,[I-].CN(C)C(SC1=CC(Cl)=C(Cl)C(Cl)=C1)N(C)C,"0,74"
10 035,[I-].CN(C)C(SC1C=CC(O)=CC=1)N(C)C,"-0,88"
10 036,[I-].CC(=O)C1C=CC=CC=1SC(N(C)C)N(C)C,"-0,81"
10 037,[I-].CC(=O)C1=CC(=CC=C1)SC(N(C)C)N(C)C,"-0,88"
10 038,[I-].CN(C)C(SC1C=CC=CC=1C(O)=O)N(C)C,"-1,40"
10 039,[I-].CN(C)C(SC1C=CC(=CC=1)C(O)=O)N(C)C,"-1,28"
10 040,[I-].COC(=O)C1C=CC=CC=1SC(N(C)C)N(C)C,"-0,70"
10 041,[I-].COC(=O)C1C=C(C=CC=1)SC(N(C)C)N(C)C,"-0,75"
10 042,[I-].CN(C)C(SC1=CC(=CC=C1)C#N)N(C)C,"-1,10"
10 043,[I-].C/C(/O)=N\\C1C=CC(=CC=1)SC(N(C)C)N(C)C,"-1,58"
10 044,[I-].CNS(=O)(=O)C1C=CC(=CC=1)SC(N(C)C)N(C)C,"-1,40"
10 045,[I-].CN(C)S(=O)(=O)C1C=CC(=CC=1)SC(N(C)C)N(C)C,"-0,81"
10 046,[I-].CN(C)C(SC1C=CC(Cl)=CC=1Cl)N(C)C,"0,47"
10 047,[I-].CN(C)C(SC1C=C(Cl)C=C(Cl)C=1)N(C)C,"0,52"
10 048,OC(CN1C=NC=C1)CN1C2CCCCC12,"1,07"
10 049,OC(CN1C=NC=C1)CN1C2CCCC12,"0,37"
10 050,CC1CCCC2C1N2CC(O)CN1C=CN=C1,"1,55"
10 051,OC(CN1C=NC=C1)CN1C2CCCCCC12,"1,44"
10 052,OC(CN1C=CN=C1)CN1C2COCCC12,"0,07"
10 053,O/C(=N\\C12CC3CC(C1)CC(C2)C3)/C(O)C1C=CC=CC=1,"3,09"
10 054,CCC(=O)OC(/C(/O)=N/C12CC3CC(C1)CC(C2)C3)C1C=CC=CC=1,"3,72"
10 055,CC(=O)OC(C1C=CC=CC=1)C(=O)ON=C(C)C12CC3CC(C1)CC(C2)C3,"5,89"
10 056,C/C(/O)=N/C1C=C(C=CC=1OCCCC)[N+]([O-])=O,"2,26"
10 057,CCCNC(=O)C1=CC=CN1,"1,25"
10 058,CC(=O)OCCOCN1C=NC2=CN=C(NC(C)=O)N=C12,"-1,05"
10 059,CC(C)C(/N=C(\\O)/C/N=C(\\O)/C1C=CC=CC=1)/C(/O)=N/CC,"1,05"
10 060,CC/N=C(\\O)/C/N=C(\\O)/C1C=CC=CC=1,"0,58"
10 061,OCC1CCC(O1)N1C=NC2C(Cl)=NC=NC1=2,"0,24"
10 062,OCC1CCC(O1)N1C=NC2C(I)=NC=NC1=2,"0,53"
10 063,[O-][N+](=O)C1C=CC(=CC=1)OCC(O)CNCC(O)COC1C=CC=CC=1,"2,62"
10 064,C/C(/O)=N/C1C=CC(=CC=1)OCC(O)CNCC(O)COC1C=CC=CC=1,"1,39"
10 065,CS(=O)(=O)N(C)S(=O)(=O)N/C(/O)=N/C1=NC(=CC(=N1)OC)OC,"1,63"
10 066,CC(C)(C)C1=CC=C(CCOC2=NC=NC3C=CC=CC=32)C=C1,"5,51"
10 067,CCC(C)(C)C(=O)OC1CC(C)C=C2C=CC(C)C(CCC(O)CC(O)CC(O)=O)C21,"4,47"
10 068,CC1C(Cl)=C(CC2=CC=C(Cl)C=C2Cl)C=CC=1Cl,"7,20"
10 069,CC1=CC(CC2=CC=C(Cl)C=C2Cl)=C(Cl)C=C1Cl,"7,43"
10 070,CC1=CC(CC2=CC(Cl)=CC=C2Cl)=C(Cl)C=C1Cl,"7,53"
10 071,CC1C(Cl)=C(CC2C(Cl)=CC=CC=2Cl)C=CC=1Cl,"7,20"
10 072,CC1=CC(CC2C(Cl)=CC=CC=2Cl)=C(Cl)C=C1Cl,"6,73"
10 073,CC1=CC(Cl)=C(CC2C=C(Cl)C=CC=2Cl)C=C1Cl,"7,48"
10 074,CC1=CC(CC2C=C(Cl)C(Cl)=CC=2)=C(Cl)C=C1Cl,"7,26"
10 075,CC1=CC(Cl)=C(Cl)C=C1CC1C=CC(Cl)=CC=1Cl,"7,41"
10 076,CC1=CC(Cl)=C(Cl)C=C1CC1C(Cl)=CC=CC=1Cl,"7,15"
10 077,[O-]N1N=C[N+](=O)C2=CC=CC=C12,"-0,80"
10 078,COCCOCCOC1C=CC(=CC=1)OCCOCCOC,"0,76"
10 079,COCCOCCOC1C=C(C=CC=1)OCCOCCOC,"0,86"
10 080,C1COCCOCCOCCOC2C=CC=CC=2OCCOCCOCCOCCOCCOCCOCCOC2C=CC=CC=2OCCOCCOCCO1,"0,52"
10 081,COC(=O)C1C=C(C=CC=1[N+]([O-])=O)OC1C=C(C=CC=1Cl)C(F)(F)F,"4,21"
10 082,CC1=CN(C2OC(CO)CC2F)C(=O)NC1=O,"-0,68"
10 083,O/C(/CC1C=CC=CC=1)=N\\CCNCC(O)OCC1C=CC=CC=1,"1,05"
10 084,CC(C)/C(/O)=N/CCNCC(O)COCC1C=CC=CC=1,"0,63"
10 085,CC(C)(C)NCC(O)COCCC1C=CC=CC=1,"2,52"
10 086,O/C(/CC1C=CC=CC=1)=N\\CCNCC(O)COCCC1C=CC=CC=1,"1,24"
10 087,CC(C)/C(/O)=N/CCNCC(O)COCCC1C=CC=CC=1,"0,95"
10 088,O/C(/CC1C=CC=CC=1)=N\\CCNCC(O)COCCCC1C=CC=CC=1,"1,62"
10 089,CC(C)/C(/O)=N/CCNCC(O)COCCCC1C=CC=CC=1,"1,25"
10 090,CC(C)(C)NCC(O)COCCOC1C=CC=CC=1,"2,35"
10 091,O/C(/CC1C=CC=CC=1)=N\\CCNCC(O)COCCOC1C=CC=CC=1,"0,75"
10 092,CC(C)/C(/O)=N/CCNCC(O)COCCOC1C=CC=CC=1,"0,48"
10 093,OC(CC1C=CC=CC=1)=NCCNCC(O)COCC=CC1C=CC=CC=1,"1,76"
10 094,CC(C)C(O)=NCCNCC(O)COCC=CC1C=CC=CC=1,"0,51"
10 095,O/C(/CC1C=CC=CC=1)=N\\CCNCC(O)COC1CCCC2=CC=CC=C21,"1,68"
10 096,CC(C)/C(/O)=N/CCNCC(O)COC1CCCC2=CC=CC=C21,"1,99"
10 097,CC1C=C(N=C(NC2C=CC=CC=2)N=1)C1CC1,"4,00"
10 098,N#CC1C=C2C=CC=CC2=NC=1NC1C(=CC(=CC=1[N+]([O-])=O)[N+]([O-])=O)C(F)(F)F,"3,88"
10 099,CC1(C)OC(CN1C(=O)C(Cl)Cl)C1=CC=CO1,"2,12"
10 100,C/N=C(\\O)/N(C)/C(/O)=N/C1C=C(C=CC=1F)C(=O)OC,"2,28"
10 101,C/N=C(\\O)/N(C)/C(/O)=N/C1C=C(C=CC=1F)[N+]([O-])=O,"2,30"
10 102,C/N=C(\\O)/N(C)/C(/O)=N/C1C=C(C=CC=1F)S(=O)(=O)C(C)C,"1,87"
10 103,N=C(O)NS(=O)(=O)CC1C=CC=CC=1,"0,24"
10 104,CNC(=O)NS(=O)(=O)CC1C=CC=CC=1,"0,54"
10 105,CN(C)/C(/O)=N/S(=O)(=O)CC1C=CC=CC=1,"0,54"
10 106,C/N=C(\\O)/N(C)S(=O)(=O)CC1C=CC=CC=1,"1,18"
10 107,C/N=C(\\O)/NS(=O)(=O)C1=CN=CC=C1,"-0,45"
10 108,C/N=C(\\O)/N(C)S(=O)(=O)C1C=CC=NC=1,"0,42"
10 109,CCC1(CCC(=O)NC1=O)C1C=CN=CC=1,"0,58"
10 110,CN(C)C=NC1C=CN(C2CCC(CO)O2)C(=O)N=1,"-0,95"
10 111,CCCCOC(=O)C(C)OC1C=CC(=CC=1)OC1C=CC(=CC=1F)C#N,"3,31"
10 112,CCN1CC(OC1=O)C(O)C(CC1CCCCC1)NC(=O)C(CC1=CNC=N1)NC(=O)C(CC1C=CC=CC=1)CC(=O)N1CCOCC1,"2,20"
10 113,CN(CCO)C(=O)CC(CC1C=CC=CC=1)C(=O)NC(CC1=CN=CN1)C(=O)NC(CC1CCCCC1)C(O)C1CN(CC)C(=O)O1,"1,94"
10 114,CCN1CC(OC1=O)C(O)C(CC1CCCCC1)NC(=O)C(CC1=CN=CN1)NC(=O)C(CC(=O)N1CC(OCOC)C(C1)OCOC)CC1C=CC=CC=1,"2,31"
10 115,CN(CCOCOCCOC)C(=O)CC(CC1C=CC=CC=1)C(=O)NC(CC1=CN=CN1)C(=O)NC(CC1CCCCC1)C(O)C1CN(CC)C(=O)O1,"2,21"
10 116,CCN1CC(OC1=O)C(O)C(CC1CCCCC1)NC(=O)C(CC1=CSC=N1)NC(=O)C(CC(=O)N1CCOCC1)C1C=CC=CC=1,"2,83"
10 117,CCN1CC(OC1=O)C(O)C(CC1CCCCC1)NC(=O)C(CC1C=CNN=1)NC(=O)C(CC1C=CC=CC=1)CC(=O)N1CCOCC1,"2,49"
10 118,CCN1CC(OC1=O)C(O)C(CC1CCCCC1)NC(=O)C(CC1=CC=CS1)NC(=O)C(CC1C=CC=CC=1)CC(=O)N1CCOCC1,"2,09"
10 119,COCCNCC1=CC2C=C(SC=2S1)S(N)(=O)=O,"0,32"
10 120,NS(=O)(=O)C1=CC2C=C(CNCCO)SC=2S1,"-0,72"
10 121,CSCCNCC1=CC2C=C(SC=2S1)S(N)(=O)=O,"0,37"
10 122,NS(=O)(=O)C1=CC2C=C(CN3CCOCC3)SC=2O1,"0,88"
10 123,NS(=O)(=O)C1=CC2C=C(CNCCF)SC=2O1,"0,34"
10 124,CCOCN1C(=C(C#N)C(Br)=C1C(F)(F)F)C1C=CC(Cl)=CC=1,"4,83"
10 125,OCC1C=CC(O1)N1C=CC(=S)NC1=O,"-0,28"
10 126,CC1=CN(C2CCC(CO)O2)C(=O)NC1=S,"0,44"
10 127,OCC1CCC(O1)N1C=CC(=S)NC1=O,"-0,21"
10 128,CC1=NN(C(=O)N1C(F)F)C1=CC(NS(C)(=O)=O)=C(Cl)C=C1Cl,"0,99"
10 129,CCS(=O)(=O)C1=CC=CN=C1S(=O)(=O)NC(=O)NC1=NC(=CC(=N1)OC)OC,"0,29"
10 130,NC1=NC2=C(N=CN2C2CCC(CO)O2)C(Cl)=N1,"0,21"
10 131,CC(C)C1=CC(=CC=C1)S(N)(=O)=O,"1,81"
10 132,CCCCOC1=CC(=CC=C1)S(N)(=O)=O,"2,06"
10 133,CCCCCCOC1C=CC(=CC=1[N+]([O-])=O)S(N)(=O)=O,"2,99"
10 134,CCCCCCCCCCCCCC1C=CC(O)=CC=1O,"6,84"
10 135,CCCCCCCCCCCC1=CC(O)=C(O)C=C1,"6,97"
10 136,CN(C)CC1CCCCC1(O)C1=CC(=CC=C1)OC,"2,51"
10 137,COC1=CC=CC=C1/N=C(\\O)/OCCN1CCOCC1,"1,73"
10 138,COC1=CC=CC(=C1)/N=C(\\O)/OCCN1CCOCC1,"2,19"
10 139,COC1=CC=C(C=C1)NC(=O)OCCN1CCOCC1,"1,70"
10 140,CCOC1=CC=CC=C1NC(=O)OCCN1CCOCC1,"2,27"
10 141,CCOC1=CC=CC(=C1)/N=C(\\O)/OCCN1CCOCC1,"2,50"
10 142,CCOC1=CC=C(C=C1)NC(=O)OCCN1CCOCC1,"2,18"
10 143,CS(=O)(=O)C1=CC=CC2NC(=N)NC(=N)C=21,"0,63"
10 144,N=C(O)C1C=CC=C2NC(=N)NC(=N)C=12,"-0,33"
10 145,CCC/N=C(\\O)/C1C=CC=C2NC(=N)NC(=N)C=12,"0,83"
10 146,N=C1NC2=CC=CC(=C2C(=N)N1)[N+]([O-])=O,"1,19"
10 147,CC(C)OC1=CC=CC2NC(=N)NC(=N)C=21,"2,05"
10 148,CCCCOC1=CC=CC2NC(=N)NC(=N)C=21,"2,81"
10 149,N=C1NC(=N)NC2C=CC=C(OCC3C=CC=CC=3)C1=2,"2,82"
10 150,N=C1NC2C=CC=C(OC3C=CC=CC=3)C=2C(=N)N1,"2,78"
10 151,CCSC1=CC=CC2NC(=N)NC(=N)C=21,"2,27"
10 152,CCCSC1=CC=CC2NC(=N)NC(=N)C=21,"2,85"
10 153,N=C1NC2C=CC=C(C=2C(=N)N1)N1CCOCC1,"1,11"
10 154,N=C1NC2C=CC=C(C=2C(=N)N1)N1CCCCC1,"2,66"
10 155,NC1C=CC=C2NC(=N)NC(=N)C2=1,"0,30"
10 156,N=C1NC2C=CC=C(C=2C(=N)N1)S(=O)(=O)C1C=CC=CC=1,"2,14"
10 157,CCCCCCCCCCCCOC(=O)N(C)SN(C)C(=O)OC1=CC2OCOC=2C=C1,"7,39"
10 158,CC1CN(N=CC2C=NC=CC=2)C(=O)N=N1,"-0,18"
10 159,CCCCCCC(C)(C)C1=CC(O)=C2C3C=C(CCC3C(C)(C)OC2=C1)C=O,"8,03"
10 160,COC1=CC(=NC(=N1)SC1=CC=CC(Cl)=C1C(O)=O)OC,"0,60"
10 161,CSC1=CC=C2C3=C(OC)C(OC)=C(O)C=C3CCC(/N=C(\\O)/C(F)(F)F)C2=CC1=O,"2,61"
10 162,FC1=CC=CC=C1C1OCC2ON=C(C2CO1)C1C=CC=CC=1,"2,35"
10 163,FC(F)(F)C1=CC=CC=C1C1OCC2ON=C(C2CO1)C1C=CC=CC=1,"4,31"
10 164,CC1=CC=CC=C1C1OCC2ON=C(C2CO1)C1C=CC=CC=1,"2,72"
10 165,CC1CSC2C(NC(NC(=O)C3=NN(C4C=CC=CC=4)C(=O)NC3=O)C3C=CC(O)=CC=3)C(=O)N2C=1C(O)=O,"1,26"
10 166,CC1C(C=O)=NO[N+]=1[O-],"1,02"
10 167,CC1=NON(=O)=C1C=O,"1,29"
10 168,CCON=C(CCC)C1C(=O)OC(CC1=O)(C1=CC=CC=C1)C1=CC=CC=C1,"4,75"
10 169,CC(=CC)C1(C)CC(=O)C(C(CCC)=NOCC)C(=O)O1,"3,40"
10 170,ClC1C=CC(Cl)=C(OC2C=CC(Cl)=C(Cl)C=2Cl)C=1Cl,"6,53"
10 171,FC1C=CC(=CC=1)OC1=CC=NC2=CC(Cl)=CC(Cl)=C12,"4,66"
10 172,CN1CC(O)(OCC1)C1C=CC=CC=1,"1,54"
10 173,CC1CN(C)CC(O)(O1)C1C=CC=CC=1,"1,79"
10 174,CN1CC(O)(OCC1)C1C=CC(Br)=CC=1,"1,57"
10 175,CC1N(C)CCOC1(O)C1C=CC=CC=1,"1,92"
10 176,CC1C(OC(O)(CN1C)C1C=CC=CC=1)C1C=CC=CC=1,"1,87"
10 177,CN1CCOC(O)C1C1C=CC=CC=1,"0,99"
10 178,CN1CC(O)(OCC1)C1C=CC=C(C=1)C(F)(F)F,"1,39"
10 179,CCCOC1(CN(C)CCO1)C1C=CC=CC=1,"2,13"
10 180,CN1CC(OCC=C)(OCC1)C1C=CC=CC=1,"2,09"
10 181,CN1CC(OCC#C)(OCC1)C1C=CC=CC=1,"1,87"
10 182,CCOC1(OCCN(C)C1C)C1C=CC=CC=1,"2,27"
10 183,CCCCOC1(CN(C)CCO1)C1C=CC=CC=1,"2,23"
10 184,CC(C)COC1(CN(C)CCO1)C1C=CC=CC=1,"2,17"
10 185,CSC1NC(=O)C=CN=1,"0,22"
10 186,CN1C=CC=C1C(=O)NCC,"1,09"
10 187,OC(=O)CCSC1NS(=O)(=O)C2=CC=CC=C2N=1,"0,66"
10 188,OC(=O)CCSC1NS(=O)(=O)C2C=C(Cl)C(Cl)=CC=2N=1,"1,81"
10 189,OC(=O)CCSC1NS(=O)(=O)C2C=C(Br)C=CC=2N=1,"1,77"
10 190,OC(=O)CCSC1NS(=O)(=O)C2=CC(Br)=CC(Br)=C2N=1,"2,04"
10 191,CC1=CC2N=C(NS(=O)(=O)C=2C=C1)SCCC(O)=O,"1,16"
10 192,COC1C(=C(O)C(Cl)=CC=1Cl)/C(/O)=N/CC1CCCN1CCF,"3,66"
10 193,OC(=O)CCSC1NS(=O)(=O)C2C=CC(Cl)=CC=2N=1,"1,60"
10 194,COC1=CC2N=C(NS(=O)(=O)C=2C=C1)SCCC(O)=O,"0,96"
10 195,OC(=O)CCSC1NS(=O)(=O)C2C=CC(=CC=2N=1)C(F)(F)F,"1,96"
10 196,CCN1C=C(C(=O)OCOC(C)=O)C(=O)C2C=CC(C)=NC1=2,"1,21"
10 197,CC1C=CC2=C(N=1)N(CC)C=C(C(=O)OCOC(=O)CC)C2=O,"1,70"
10 198,CC1=CC=C(CN2C=C(F)C(=O)NC2=O)C=C1,"1,50"
10 199,OC1=NC(=O)N(C=C1F)C1C=CC(Cl)=CC=1Cl,"1,96"
10 200,CC1(C)CCC(CC2C=CC(Cl)=CC=2)C1(O)CN1C=NC=N1,"3,85"
10 201,CC(C)C1CCC(CC2=CC=C(Cl)C=C2)C1(O)CN1C=NC=N1,"4,21"
10 202,CC1C=C(C)C=C(C)C=1S(=O)(=O)C1=NN(C=N1)C(=O)N(CC)CC,"3,21"
10 203,CC1C(Cl)=C(Br)C=CC=1NC(C)=O,"2,69"
10 204,COC1C=C(N=C(N=1)OC1=CC=CC(OC2=NC(=CC(=N2)OC)OC)=C1C(O)=O)OC,"-1,03"
10 205,CC1=CC=CC=C1C(=O)CCN1CCCCC1,"3,54"
10 206,CN1C(=O)N(CC)C2N=CNC=2C1=O,"0,52"
10 207,CC1(C)C(C1C=C1CCSC1=O)C(=O)OCC1C=CC=CC=1,"4,02"
10 208,CCN1CC(=O)C(=O)C=C1,"-0,40"
10 209,CCC1C(=O)C(=O)C=CN1CCO,"-0,66"
10 210,CCC1C(=O)C(=O)C=CN1CCOC,"0,04"
10 211,CC1=CC=CC(=C1S(=O)(=O)NC(=O)NC1=NC(=NC(=N1)OCC(F)(F)F)N(C)C)C(=O)OC,"3,56"
10 212,CS(=O)(=O)OCCC[Se]CCCOS(C)(=O)=O,"0,38"
10 213,COC(=O)N1CC(CN2CCCC2)N(CC1)C(=O)CC1=CC(Cl)=C(Cl)C=C1,"4,10"
10 214,CCOC1=CC=CC=C1OS(=O)(=O)N/C(/O)=N/C1N=C(C=C(N=1)OC)OC,"2,89"
10 215,CN(C)CCN(C)S(=O)(=O)C1=CC(=C(C=C1)C(C)(C)[N+]([O-])=O)[N+]([O-])=O,"1,42"
10 216,CC1(CCCCC1)C(=O)NC1C=CC(O)=C(Cl)C=1Cl,"3,51"
10 217,CC(=NN=C(S)NNC(S)=NC1=CC=CC=C1Cl)C1=CC=CC=N1,"2,67"
10 218,CS(=O)C1=CC(OC)=C(C=C1)C1NC2N=CC(N)=CC=2N=1,"0,33"
10 219,COC1C=C(C=CC=1C1NC2N=CC(N)=CC=2N=1)OC,"1,62"
10 220,CC1NC(=C(C=1C(=O)OC)C(=O)OC)C1C=CC=C(Cl)N=1,"2,65"
10 221,CC(C(O)=O)C1=CC(F)=C(C=C1)OCC1C=CC=CC=1,"3,61"
10 222,[I-].CCC1C=CC=CC=1SC(N(C)C)N(C)C,"0,32"
10 223,[I-].COC1C=CC=CC=1SC(N(C)C)N(C)C,"-0,52"
10 224,[I-].CCOC1C=CC=CC=1SC(N(C)C)N(C)C,"-0,06"
10 225,[I-].CN(C)C(SC1C=CC=CC=1[N+]([O-])=O)N(C)C,"-0,92"
10 226,[I-].CC1C=CC=C(C=1)SC(N(C)C)N(C)C,"-0,14"
10 227,[I-].COC1C=C(C=CC=1)SC(N(C)C)N(C)C,"-0,50"
10 228,[I-].CCOC1=CC(=CC=C1)SC(N(C)C)N(C)C,"-0,10"
10 229,[I-].CN(C)C(SC1=CC(=CC=C1)[N+]([O-])=O)N(C)C,"-0,88"
10 230,[I-].CCC1=CC=C(C=C1)SC(N(C)C)N(C)C,"0,29"
10 231,[I-].CCOC1C=CC(=CC=1)SC(N(C)C)N(C)C,"-0,06"
10 232,[I-].CN(C)C(SC1C=CC(Cl)=CC=1[N+]([O-])=O)N(C)C,"-0,09"
10 233,[I-].CC1C=CC(SC(N(C)C)N(C)C)=C(C=1)[N+]([O-])=O,"0,23"
10 234,[I-].CCC1=CC(=CC=C1)SC(N(C)C)N(C)C,"0,34"
10 235,OCC1CCC(O1)N1C=C(Cl)C(=O)NC1=O,"-1,11"
10 236,[I-].COC1=CC(=C(C=C1)SC(N(C)C)N(C)C)[N+]([O-])=O,"-0,22"
10 237,CCCCC(=O)OCCOCN1C=NC2C(O)=NC(=N)NC1=2,"0,37"
10 238,CC(C)(C)NC(=O)C1CC2CCCCC2CN1CC(O)C(CC1C=CC=CC=1)NC(=O)C(CC(N)=O)NC(=O)C1C=CC2C=CC=CC=2N=1,"4,70"
10 239,OC(=O)CC1=CC=CC=C1NC1=C(Cl)C=CC=C1Br,"4,64"
10 240,OC(=O)CC1=CC=CC=C1NC1C=C(Cl)C=C(Cl)C=1,"5,07"
10 241,OC(=O)CC1=CC=CC=C1NC1C=C(Cl)C=CC=1Cl,"4,94"
10 242,OC(=O)CC1=CC=CC=C1NC1=CC(Cl)=C(Cl)C=C1,"4,90"
10 243,OC1=CC=CC(NC2C(Cl)=CC=CC=2Cl)=C1CC(O)=O,"4,65"
10 244,C/C(/O)=N/C1C=C(Cl)C(F)=C(Cl)C=1F,"2,90"
10 245,CC(C)C(=O)NC(CC1=CC=C(C=C1)OC)C(=O)NC(CC1=CNC=N1)C(=O)NC(CC1CCCCC1)C(O)C1CN(CC)C(=O)O1,"2,85"
10 246,CN(CCOCOC)C(=O)NC(CC1=CC=C(C=C1)OC)C(=O)NC(CC1=CNC=N1)C(=O)NC(CC1CCCCC1)C(O)C1CN(CC)C(=O)O1,"2,30"
10 247,OC(CN1C=NC=C1)(C1C=CC(F)=CC=1)C1C=CC(Br)=CC=1,"3,42"
10 248,CC(N1C=NC=C1)C(O)(C1C=CC(F)=CC=1)C1C=CC(F)=CC=1,"3,13"
10 249,CC1=CC=C(C=C1)S(=O)(=O)C1C=C(SC=1)S(N)(=O)=O,"1,63"
10 250,CC1=CC=C(C=C1)S(=O)(=O)C1C=C(OC=1)S(N)(=O)=O,"1,49"
10 251,COC1C=CC(=CC=1)S(=O)(=O)C1=COC(=C1)S(N)(=O)=O,"1,17"
10 252,NS(=O)(=O)C1=CC(=CS1)S(=O)(=O)C1C=CC(O)=CC=1,"1,11"
10 253,NS(=O)(=O)C1=CC(=CS1)S(=O)(=O)C1C=CC=C(O)C=1,"1,40"
10 254,NS(=O)(=O)C1=CC(=CO1)S(=O)(=O)C1C=CC(O)=CC=1,"-0,10"
10 255,CC1=NN(C2=CC(CC(Cl)C(O)=O)=C(Cl)C=C2F)C(=O)N1C(F)F,"3,36"
10 256,CC1=NN(C2=CC(CC(Cl)C(=O)OCC)=C(Cl)C=C2F)C(=O)N1C(F)F,"3,36"
10 257,COC1C(CC=C(C)CCC(=O)OCCN2CCOCC2)=C(O)C2=C(COC2=O)C=1C,"2,38"
10 258,CCOC1=NC=C(C=C1C#N)C1C=CN=CC=1,"2,59"
10 259,CC1N=C(OC)C(=CC=1C1=CC=NC=C1)C#N,"2,41"
10 260,CCC1=C(C(O)=O)C(=O)C=NN1C1C=CC(Cl)=CC=1,"-2,20"
10 261,OC(=O)COC1C=CC(Cl)=C(Br)C=1,"2,75"
10 262,CC1=CC=NC2=C1NC(=O)C1=CC=CN=C1N2C1CC1,"1,81"
10 263,CCC(=O)OCOC(=O)C1=CC(=C(Cl)C=C1NCC1=CC=CO1)S(N)(=O)=O,"2,90"
10 264,CCOC(=O)COC1C=C(C2=NN(C)C(OC(F)F)=C2Cl)C(F)=CC=1Cl,"3,49"
10 265,OCCN1CC=C(CC1)C1C=CC=CC=1,"2,00"
10 266,COC1C=C(C=CC=1C1NC2C=NC=CC=2N=1)C(N)=O,"1,18"
10 267,CN(C)C1C=CC=C(C=1)OCC1CNC(=N)O1,"1,40"
10 268,N=C1NCC(COC2=CC=C(C=C2)N2CCOCC2)O1,"0,60"
10 269,CC(C)C(CC(O)C(CC1CCCCC1)NC(=O)C(CCCC)NC(CC1=CC=CC=C1)C(=O)N1CCC(CC1)OCOC)C(=O)NCCCN1CCOCC1,"4,50"
10 270,CC12CCC3C(C)C(O)CC4C(C)C(OCC)OC(O1)C34OO2,"2,14"
10 271,CC12CC(O)C3C(C)CCC4C(C)C(OCC)OC(O1)C43OO2,"2,70"
10 272,CC12CCC3C(CO)CCC4C(C)C(OCC)OC(O1)C43OO2,"2,08"
10 273,CC(=O)NC1=CC2=NN(N=C2C=C1)C1CCCC1,"2,45"
10 274,O=C(CCl)NC1=CC2=NN(N=C2C=C1)C1CCCC1,"2,78"
10 275,O=C(NC1C=CC2=NN(N=C2C=1)C1CCCC1)C(Cl)Cl,"3,40"
10 276,O=C(NC1=CC2=NN(N=C2C=C1)C1CCCC1)C(Cl)(Cl)Cl,"4,12"
10 277,CC(C)(C)C(=O)NC1=CC2=NN(N=C2C=C1)C1CCCC1,"3,40"
10 278,CCOC(=O)NC1=CC2=NN(N=C2C=C1)C1CCCC1,"3,43"
10 279,CC(C)COC(=O)NC1C=CC2=NN(N=C2C=1)C1CCCC1,"4,28"
10 280,O=C(NC1=CC2=NN(N=C2C=C1)C1CCCC1)C1C=CC=CC=1,"3,94"
10 281,O=C(NC1=CC2=NN(N=C2C=C1)C1CCCC1)C1C=CC(Cl)=CC=1,"4,11"
10 282,O=C(NC1=CC2=NN(N=C2C=C1)C1CCCC1)C1C=CC(=CC=1)C(F)(F)F,"4,95"
10 283,[O-][N+](=O)C1C=CC(=CC=1)C(=O)NC1=CC2=NN(N=C2C=C1)C1CCCC1,"3,75"
10 284,O=C(NC1=CC2=NN(N=C2C=C1)C1CCCC1)C1=CC(Cl)=C(Cl)C=C1,"5,32"
10 285,COC1C(=CC(=CC=1OC)C(=O)NC1=CC2=NN(N=C2C=C1)C1CCCC1)OC,"3,87"
10 286,CS(=O)(=O)NC1=CC2=NN(N=C2C=C1)C1CCCC1,"2,44"
10 287,CC1C=CC(=CC=1)S(=O)(=O)NC1=CC2=NN(N=C2C=C1)C1CCCC1,"3,91"
10 288,[O-][N+](=O)C1C=CC(=CC=1)S(=O)(=O)NC1=CC2=NN(N=C2C=C1)C1CCCC1,"3,82"
10 289,NC1C=CC(=CC=1)S(=O)(=O)NC1=CC2=NN(N=C2C=C1)C1CCCC1,"2,48"
10 290,COC(=O)N1C=NC(CC(/N=C(\\O)/C2CCC(O)=N2)C(=O)N2CCCC2C(=N)O)=C1,"-1,88"
10 291,CCOC(=O)N1C=NC(CC(/N=C(\\O)/C2CCC(O)=N2)C(=O)N2CCCC2C(=N)O)=C1,"-1,30"
10 292,CC(C)OC(=O)N1C=NC(CC(/N=C(\\O)/C2CCC(O)=N2)C(=O)N2CCCC2C(=N)O)=C1,"-0,80"
10 293,CCCCOC(=O)N1C=NC(CC(/N=C(\\O)/C2CCC(O)=N2)C(=O)N2CCCC2C(=N)O)=C1,"-0,47"
10 294,CC(C)COC(=O)N1C=NC(CC(/N=C(\\O)/C2CCC(O)=N2)C(=O)N2CCCC2C(=N)O)=C1,"-0,44"
10 295,CCCCCCOC(=O)N1C=NC(CC(NC(=O)C2CCC(=O)N2)C(=O)N2CCCC2C(N)=O)=C1,"0,71"
10 296,CCCCCCCCOC(=O)N1C=NC(CC(NC(=O)C2CCC(=O)N2)C(=O)N2CCCC2C(N)=O)=C1,"1,82"
10 297,CCC(COC(=O)N1C=NC(CC(NC(=O)C2CCC(=O)N2)C(=O)N2CCCC2C(N)=O)=C1)CCCC,"1,82"
10 298,NC(=O)C1CCCN1C(=O)C(CC1=CN(C=N1)C(=O)OC1CCCCC1)NC(=O)C1CCC(=O)N1,"0,60"
10 299,NC(=O)C1CCCN1C(=O)C(CC1=CN(C=N1)C(=O)OCC1C=CC=CC=1)NC(=O)C1CCC(=O)N1,"-0,11"
10 300,ClC1C=C(C=CC=1Cl)OC1C(Cl)=CC=CC=1Cl,"5,70"
10 301,ClC1=CC(Cl)=C(Cl)C=C1OC1C(Cl)=CC=CC=1Cl,"5,98"
10 302,ON1C(=O)C2(CC1=O)CCCC2,"-0,26"
10 303,O=C1CC2(CCCC2)C(=O)N1OCC1C=CC=CC=1,"2,30"
10 304,CN1C=C(CC(NC(=O)C(CC2C=CC=CC=2)CC(=O)N2CCOCC2)C(=O)NC(CC2CCCCC2)C(O)C2CN(CC)C(=O)O2)N=C1,"2,16"
10 305,COC1C=C(C=CC=1C1=NC2=CN=CC=C2O1)OC,"2,42"
10 306,ClC1=CC(Cl)=C(Cl)C=C1OC1C=C(Cl)C(Cl)=C(Cl)C=1,"7,11"
10 307,ClC1C=C(OC2C=C(Cl)C=CC=2Cl)C(Cl)=CC=1Cl,"6,22"
10 308,CN1CN2C(=O)C3=CC=CC=C3N=C2C1C,"1,44"
10 309,CCCCN1CN2C(=O)C3=CC=CC=C3N=C2C1C,"1,60"
10 310,N#CC1=CNC=C1C1C=CC=C2OC(F)(F)OC=12,"4,12"
10 311,C=CC(=O)NCCCN1CCSCC1,"0,54"
10 312,OC1=NC=NC2=C1C=NN2COC(=O)C1C=C(CN2CCOCC2)C=CC=1,"1,13"
10 313,OC1=NC=NC2=C1C=NN2COC(=O)C1C=CC(CN2CCOCC2)=CC=1,"1,12"
10 314,CN1CCN(CC2C=CC(=CC=2)C(=O)OCN2N=CC3C(O)=NC=NC2=3)CC1,"1,47"
10 315,CC1=CC(=O)C(=O)C(CCCC)O1,"1,92"
10 316,CCC(O)(C(=N)O)C1C=CC=CC=1,"1,20"
10 317,CC1(OC(=O)N(NC2C=CC=CC=2)C1=O)C1C=CC(=CC=1)OC1C=CC=CC=1,"4,65"
10 318,COC(=O)C(=COC)C1=CC=CC=C1OC1=CC(=NC=N1)OC1=CC=CC=C1C#N,"2,50"
10 319,CC1(C)CCC(=CC2C=CC(Cl)=CC=2)C1(O)CN1C=NC=N1,"3,29"
10 320,CNC(=S)NCCCCC(NC(=O)C(CC(=O)N1CCOCC1)CC1=CC=CC2=CC=CC=C12)C(=O)NC(CC1CCCCC1)C(O)CC(=O)NCCN1CCOCC1,"1,68"
10 321,CNC(=S)NCC#CCC(NC(=O)C(CC1=CC2=CC=CC=C2C=C1)CC1=CC=CC2=CC=CC=C12)C(=O)NC(CC1CCCCC1)C(O)CC(=O)NCCN1CCOCC1,"5,46"
10 322,N=C(N[N+]([O-])=O)NCC#CCC(NC(=O)C(CC1=CC2=CC=CC=C2C=C1)CC1=CC=CC2=CC=CC=C12)C(=O)NC(CC1CCCCC1)C(O)CC(=O)NCCN1CCOCC1,"4,73"
10 323,OC(CC(=O)NCCN1CCOCC1)C(CC1CCCCC1)NC(=O)C(CC#CCNC=O)NC(=O)C(CC1=CC2=CC=CC=C2C=C1)CC1=CC=CC2=CC=CC=C12,"5,44"
10 324,CC1=NC(NC2C(=CC(=CC=2[N+]([O-])=O)[N+]([O-])=O)C(F)(F)F)=C(C=C1C#N)C#N,"2,80"
10 325,CC(C)C1C=CC(Br)=C(C(C)C)C=1/N=C(\\O)/CN(CC(O)=O)CC(O)=O,"0,20"
10 326,CC1C=CC(Br)=C(C)C=1/N=C(\\O)/CN(CC(O)=O)CC(O)=O,"-0,28"
10 327,NC1=NC2=C(N=CN2C2CCC(CO)O2)C(F)=N1,"-0,05"
10 328,NC1=NC2=C(N=CN2C2CCC(CO)O2)C(Br)=N1,"0,34"
10 329,NC1=NC2=C(N=CN2C2CCC(CO)O2)C(I)=N1,"0,52"
10 330,OCC1CCC(O1)N1C=NC2C(F)=NC=NC1=2,"0,00"
10 331,OCC1CCC(O1)N1C=NC2C(Br)=NC=NC1=2,"0,35"
10 332,CC1CC2C(CC=1)C(C)(C)OC1=CC(CCCCC)=CC(OCCCCN)=C12,"8,38"
10 333,CC1CC2C(CC=1)C(C)(C)OC1=CC(=CC(O)=C12)NS(C)(=O)=O,"3,12"
10 334,CC1CC2C(CC=1)C(C)(C)OC1C=C(CCCCC)C=C(OCC3=CC=C(C=C3)C3=CC=CC=C3)C=12,"10,89"
10 335,CCCCCC1=CC2OC(C)(C)C3CCC(=C)CC3C=2C(=C1)OCC1C=CC(=CC=1)C1C=CC=CC=1,"11,29"
10 336,CCCCCCCC(C)(C)C1=CC(O)=C(C=C1)C1CC(O)CCC1,"7,18"
10 337,CCCCCCCCC(C)(C)C1=CC(O)=C(C=C1)C1CC(O)CCC1,"8,16"
10 338,CCCCCCCCCCC(C)(C)C1=CC(O)=C(C=C1)C1CC(O)CCC1,"8,42"
10 339,CC1CCC(O)CC1C1C=CC(=CC=1O)C(C)(C)CCCCCC,"7,49"
10 340,CCCCCCC(C)(C)C1=CC(O)=C(C=C1)C1CC(O)CCC1CCCCO,"6,68"
10 341,CC(C)(C)C1=CC(O)=C(C=C1)C1CC(O)CCC1,"4,05"
10 342,CCC(C)(C)C1=CC(O)=C(C=C1)C1CC(O)CCC1,"4,32"
10 343,CCCC(C)(C)C1=CC(O)=C(C=C1)C1CC(O)CCC1,"4,82"
10 344,CCCCC(C)(C)C1=CC(O)=C(C=C1)C1CC(O)CCC1,"5,43"
10 345,CCCCCC(C)(C)C1=CC(O)=C(C=C1)C1CC(O)CCC1,"5,97"
10 346,CC(=O)C=CC1=CC(=CC=C1)C#N,"1,59"
10 347,CNC12CC(O)CCC1CCC1=CC=CC=C21,"2,37"
10 348,CC1CCCC2CC3=CC=CC=C3C12NCC,"3,80"
10 349,CNC12CCCCC1CCC1C=CC(=CC2=1)OC,"3,75"
10 350,CNC12CCCCC1COC1=CC=CC=C21,"3,31"
10 351,CNC12CCC(CN)CC1CC1C=CC=CC2=1,"1,84"
10 352,CNC12CCC(CNC)CC1CC1C=CC=CC2=1,"2,48"
10 353,CNC12CCCCC1CSC1=CC=CC=C21,"3,88"
10 354,C/C(/O)=N/C1=CN=CC(Cl)=N1,"1,10"
10 355,CC(C(O)=O)C1C=CC(=CC=1)C1=NC(=CS1)C1C=CC=CC=1,"4,95"
10 356,CC(C(O)=O)C1C=CC(=CC=1)C1=NC=CS1,"2,79"
10 357,CC(C(O)=O)C1=CC(Cl)=C(C=C1)C1=NC=CS1,"3,39"
10 358,CC(C(O)=O)C1=CC(F)=C(C=C1)C1=NC=CS1,"3,14"
10 359,CC1=CC(=CC=C1C1=NC=CS1)C(C)C(O)=O,"3,06"
10 360,CC(C(O)=O)C1=CC(=C(C=C1)C1=NC=CS1)C(F)(F)F,"3,06"
10 361,CC1=CSC(=N1)C1C=CC(=CC=1)C(C)C(O)=O,"3,03"
10 362,CC1=CN=C(S1)C1C=CC(=CC=1)C(C)C(O)=O,"3,15"
10 363,CC(C(O)=O)C1C=CC(=CC=1)C1=NC(C=C)=CS1,"3,62"
10 364,CC(C(O)=O)C1C=CC(=CC=1)C1=NC(=CS1)C(F)(F)F,"3,78"
10 365,CC1SC(=NC=1C)C1C=CC(=CC=1)C(C)C(O)=O,"3,36"
10 366,CCC1=CSC(=N1)C1C=CC(=CC=1)C(C)C(O)=O,"3,75"
10 367,CC(C1C=CC(=CC=1)C1=NC(=CS1)C(=N)O)C(O)=O,"2,17"
10 368,C/N=C(\\O)/C1=CSC(=N1)C1C=CC(=CC=1)C(C)C(O)=O,"2,45"
10 369,CC(C(O)=O)C1C=CC(=CC=1)C1=NC(=CS1)C(=O)N(C)C,"2,15"
10 370,CCCCC1=CSC(=N1)C1C=CC(=CC=1)C(C)C(O)=O,"4,83"
10 371,CC(C1=CC(O)=C(C=C1)C1=NC=CS1)C(O)=O,"3,18"
10 372,COC1C=C(C=CC=1C1=NC=CS1)C(C)C(O)=O,"2,47"
10 373,CSC1C=C(C=CC=1C1=NC=CS1)C(C)C(O)=O,"3,02"
10 374,CC(C(O)=O)C1=CC(=C(C=C1)C1=NC=CS1)[N+]([O-])=O,"2,06"
10 375,CC(C(O)=O)C1=CC(N)=C(C=C1)C1=NC=CS1,"2,45"
10 376,CC(=O)C1=CSC(=N1)C1C=CC(=CC=1)C(C)C(O)=O,"2,65"
10 377,CN1CCN(CC1)C1=NC2C=CC=CC=2NC2SC(C)=CC1=2,"3,00"
10 378,OC1CC2C(CN=C2O)CN=1,"-2,11"
10 379,OCC1CC(F)C(O1)N1C=NC2=CN=CN=C12,"-0,40"
10 380,CC1N=C(N)C2N=CN(C3OC(CO)CC3F)C=2N=1,"0,12"
10 381,CC1N=C(NC)C2N=CN(C3OC(CO)CC3F)C=2N=1,"0,64"
10 382,OCC1CC(F)C(O1)N1C=NC2=C(NC(=O)C3=CC=CC=C3)N=CN=C12,"0,73"
10 383,CC1=NC2C(N)=NC=NC=2N1C1OC(CO)CC1F,"0,10"
10 384,OCC1CC(F)C(O1)N1C=NC2=C(Cl)N=CN=C12,"0,32"
10 385,C/C(/O)=N/C(C)/C(/O)=N/C(C(C)C)C(=N)O,"-1,13"
10 386,C/C(/O)=N/C(CC(C)C)/C(/O)=N/C(C(C)C)C(=N)O,"0,26"
10 387,C/C(/O)=N/C(C(C)CC)/C(/O)=N/C(C(C)C)C(=N)O,"0,16"
10 388,C/C(/O)=N/C(C(C)C)/C(/O)=N/C(C(C)C)C(=N)O,"-0,32"
10 389,C/C(/O)=N/C(CC(C)C)/C(/O)=N/C(C(C)CC)C(=N)O,"0,68"
10 390,C/C(/O)=N/C(C(C)C)/C(/O)=N/C(C)C(=N)O,"-1,14"
10 391,CC(=O)NC(CC1=CNC2=CC=CC=C21)C(=O)NC(C(C)C)C(N)=O,"0,73"
10 392,C/C(/O)=N/C(CO)/C(/O)=N/C(C(C)C)C(=N)O,"-1,53"
10 393,C/C(/O)=N/C(CO)/C(/O)=N/C(CC1C=CC=CC=1)C(=N)O,"-0,79"
10 394,C/C(/O)=N/C(C(C)O)/C(/O)=N/C(C(C)C)C(=N)O,"-1,25"
10 395,C/C(/O)=N/C(C(C)O)/C(/O)=N/C(C(C)CC)C(=N)O,"-0,86"
10 396,C/C(/O)=N/C(CCC(=N)O)/C(/O)=N/C(CC1C=CC=CC=1)C(=N)O,"-1,14"
10 397,C/C(/O)=N/C(CC1C=CC=CC=1)/C(/O)=N/C(CCC(=N)O)C(=N)O,"-1,03"
10 398,C/C(/O)=N/C(C(C)C)/C(/O)=N/C(CCC(=N)O)C(=N)O,"-1,82"
10 399,C/C(/O)=N/C(C(C)CC)/C(/O)=N/C(CC(=N)O)C(=N)O,"-1,41"
10 400,C/C(/O)=N/C(CC(=N)O)/C(/O)=N/C(C(C)C)C(=N)O,"-1,85"
10 401,C/C(/O)=N/C(CC(=N)O)/C(/O)=N/C(C(C)CC)C(=N)O,"-1,43"
10 402,C/C(/O)=N/C(CC(C)C)/C(/O)=N/C(CC(=N)O)C(=N)O,"-1,30"
10 403,C/C(/O)=N/C(C(C)C)/C(/O)=N/C(C)/C(/O)=N/C(C)C(=N)O,"-1,40"
10 404,C/C(/O)=N/C(C(C)C)/C(/O)=N/C(C)/C(/O)=N/C(C(C)C)C(=N)O,"-0,67"
10 405,C/C(/O)=N/C(C(C)C)/C(/O)=N/C(C(C)CC)/C(/O)=N/CC(=N)O,"-0,45"
10 406,C/C(/O)=N/C(C)/C(/O)=N/C(CC(C)C)/C(/O)=N/C(C(C)C)C(=N)O,"-0,14"
10 407,C/C(/O)=N/C(C(C)C)/C(/O)=N/C(CC1C=CC=CC=1)/C(/O)=N/C(C)C(=N)O,"0,06"
10 408,C/C(/O)=N/C(C)/C(/O)=N/C(C(C)C)/C(/O)=N/C(C(C)CC)C(=N)O,"-0,20"
10 409,C/C(/O)=N/C(C(C)CC)/C(/O)=N/C(CC1C=CC=CC=1)/C(/O)=N/C(C)C(=N)O,"0,52"
10 410,C/C(/O)=N/C/C(/O)=N/C(C)/C(/O)=N/C(C(C)C)C(=N)O,"-1,56"
10 411,C/C(/O)=N/C(C)/C(/O)=N/C/C(/O)=N/C(CC1C=CC=CC=1)C(=N)O,"-0,71"
10 412,C/C(/O)=N/C(C(C)CC)/C(/O)=N/C(C)/C(/O)=N/C(C(C)C)C(=N)O,"-0,21"
10 413,C/C(/O)=N/C(CC1C=CC=CC=1)/C(/O)=N/C(C(C)CC)/C(/O)=N/CC(=N)O,"0,34"
10 414,C/C(/O)=N/C(C(C)C)/C(/O)=N/C(C(C)C)/C(/O)=N/C(C(C)CC)C(=N)O,"0,49"
10 415,C/C(/O)=N/C/C(/O)=N/C(CC(C)C)/C(/O)=N/CC(=N)O,"-1,23"
10 416,C/C(/O)=N/C(CC1=CNC2=CC=CC=C21)/C(/O)=N/C(C)/C(/O)=N/C(C)C(=N)O,"-0,38"
10 417,C/C(/O)=N/C(CC1=CNC2=CC=CC=C12)/C(/O)=N/C(C(C)CC)/C(/O)=N/CC(=N)O,"0,62"
10 418,CC(=O)NC(CC1=CNC2C=CC=CC1=2)C(=O)NCC(=O)NC(CC1C=CC=CC=1)C(N)=O,"0,99"
10 419,C/C(/O)=N/C(CC1=CNC2=CC=CC=C21)/C(/O)=N/C(C)/C(/O)=N/C(C(C)C)C(=N)O,"0,36"
10 420,C/C(/O)=N/C(CC(C)C)/C(/O)=N/C(CO)/C(/O)=N/C(CC1C=CC=CC=1)C(=N)O,"0,23"
10 421,C/C(/O)=N\\C(CC(C)C)/C(/O)=N/C(C(C)O)/C(/O)=N/C(CC(C)C)C(=N)O,"0,24"
10 422,C/C(/O)=N/C(C)/C(/O)=N/C(CC1C=CC(O)=CC=1)/C(/O)=N/C(CC(C)C)C(=N)O,"-0,04"
10 423,CC(=O)NC(C)C(=O)NC(CC1C=CC(O)=CC=1)C(=O)NC(CC1C=CC=CC=1)C(N)=O,"0,26"
10 424,COC1=CC=C(C=C1)N1CCN(CC2CNC(=N)O2)CC1,"0,68"
10 425,CC/C(/O)=N/C1C=C(C=CC=1OCC)[N+]([O-])=O,"1,85"
10 426,CNC(=O)C1=CC=CN1,"0,42"
10 427,CON=C(C(O)=NC)C1=CC=CC=C1OC1C=CC=CC=1,"2,32"
10 428,COC(=O)C1=CC(OC(=O)N2CCCC2)=C(Cl)C=C1Cl,"3,95"
10 429,CC(C)OC(=O)C1=CC(OC(=O)N2CCCC2)=C(Cl)C=C1Cl,"4,67"
10 430,CC(C)OC(=O)C1=CC(OC(=O)N2CCCC2)=C(F)C=C1Cl,"4,22"
10 431,CC(C)CCC(=O)CC1C2=CC=CC=C2C(=O)N1C1C=CC2C=CC(Cl)=NC=2N=1,"4,80"
10 432,OC(CN1CCC1C(O)=O)CN1C=NC=C1,"-2,02"
10 433,COC(=O)C1CCN1CC(O)CN1C=CN=C1,"-0,29"
10 434,OC(CN1C=CN=C1)CNC1CCCCC1Br,"1,21"
10 435,OC(CN1C=CN=C1)CNC1COCCC1Br,"-0,17"
10 436,NC1C=CN(C2CSC(CO)O2)C(=O)N=1,"-0,93"
10 437,OC(=O)CCSC1NS(=O)(=O)C2C=C(Cl)C=CC=2N=1,"1,43"
10 438,OC(=O)CCSC1NS(=O)(=O)C2=CC(Cl)=CC(Cl)=C2N=1,"1,79"
10 439,CCOCC1=CC(=O)C(=O)CO1,"-0,38"
10 440,CSC(=O)C1=CC=CC2N=NSC1=2,"3,10"
10 441,COC(=O)C1NC=C(C2=CC=C(Br)C=C2)C=1N1CCOCC1,"3,80"
10 442,CCOC(=O)C1(C)CC(=NN1C1C=CC(Cl)=CC=1Cl)C(=O)OCC,"3,83"
10 443,COC1=CC=C(C=C1)C(=O)OCC1OC(CC1O)N1C=C(I)C(O)=NC1=O,"1,38"
10 444,[O-][N+](=O)C1=CC=C(C=C1)C(=O)OCC1OC(CC1O)N1C=C(I)C(O)=NC1=O,"1,24"
10 445,CN(CCN)S(=O)(=O)C1=CC(=C(C=C1)C(C)(C)[N+]([O-])=O)[N+]([O-])=O,"0,65"
10 446,CNCCN(C)S(=O)(=O)C1=CC(=C(CONC(=N)O)C=C1)[N+]([O-])=O,"0,45"
10 447,[O-][N+]1ON=C(C=1CO)C1C=CC=CC=1,"1,77"
10 448,OCC1=NON(=O)=C1C1C=CC=CC=1,"1,64"
10 449,OCC1=NON=C1C1C=CC=CC=1,"1,92"
10 450,[O-][N+]1ON=C(C=1C=O)C1C=CC=CC=1,"2,92"
10 451,[O-][N+]1ON=C(C=O)C=1C1C=CC=CC=1,"2,61"
10 452,CC(=O)OCCS(=O)(=O)C1=CC=C(S1)S(N)(=O)=O,"0,11"
10 453,NS(=O)(=O)C1=CC=C(SCCCCO)S1,"0,95"
10 454,NS(=O)(=O)C1=CC=C(S1)S(=O)(=O)CCCCO,"-0,34"
10 455,CC(C)CNCCCS(=O)(=O)C1=CC=C(S1)S(N)(=O)=O,"-0,35"
10 456,NS(=O)(=O)C1C=CC(=CC=1)SCCCCO,"0,93"
10 457,COC(=O)C1=CC(=CC=C1S(=O)(=O)CCO)S(N)(=O)=O,"-0,47"
10 458,CC(C)CNCCS(=O)(=O)C1=CC=C(C=C1)S(N)(=O)=O,"0,23"
10 459,NS(=O)(=O)C1=CC(N)=C(C=C1)S(=O)(=O)CCO,"-0,60"
10 460,NS(=O)(=O)C1C=CC(CCCO)=CC=1,"0,17"
10 461,CC(=O)OCCCC1C=CC(=CC=1)S(N)(=O)=O,"0,98"
10 462,NS(=O)(=O)C1C=CC(CCCCO)=CC=1,"0,57"
10 463,NS(=O)(=O)C1C=CC(CCCCCO)=CC=1,"1,04"
10 464,CC(=O)OCCCCCC1C=CC(=CC=1)S(N)(=O)=O,"1,86"
10 465,CC1=CC=C2C(=N1)N(CC)C=C(C(=O)NC(C)C(=O)OC)C2=O,"2,47"
10 466,CC(=NOC)C1=CC=CC(OC2N=C(C=C(N=2)OC)OC)=C1C(=O)OC,"2,84"
10 467,CCOC1=CN=CC(Cl)=N1,"2,22"
10 468,CCCOC1=CN=CC(Cl)=N1,"2,71"
10 469,CC1=CN=CC(C#N)=N1,"0,44"
10 470,COC1C=NC=C(N=1)OCC,"1,98"
10 471,CC(=O)NC1=CN=CC(=N1)OC,"0,82"
10 472,COC1C=NC=C(C#N)N=1,"0,95"
10 473,COC1=CN=CC(=N1)C(=O)OCC,"1,20"
10 474,COC1=CN=CC(=N1)N(C)C,"1,99"
10 475,CCOC(=O)C1C=NC=C(N=1)N(C)C,"1,24"
10 476,CCOC1=CN=C(Cl)C=N1,"1,99"
10 477,CC(=O)NC1=CN=C(Cl)C=N1,"0,56"
10 478,CN(C)C1C=NC(Cl)=CN=1,"1,70"
10 479,COC1C=NC(=CN=1)N(C)C,"1,65"
10 480,CC1C=CC(=CC=1)NC1=C(C(C)=NN1C1C=CC=CC=1)[N+]([O-])=O,"3,43"
10 481,CC1=CC(=CC=C1)NC1=C(C(C)=NN1C1C=CC=CC=1)[N+]([O-])=O,"3,25"
10 482,CC1=NN(C(NC2C=CC(=CC=2)[N+]([O-])=O)=C1[N+]([O-])=O)C1C=CC=CC=1,"2,78"
10 483,CC1=NN(C(NC2C=CC(=CC=2)C(F)(F)F)=C1[N+]([O-])=O)C1C=CC=CC=1,"3,89"
10 484,O=C1C2C=C(F)C=CC=2N=C(N1C1C=CC(Cl)=CC=1Cl)N1C=NC=N1,"3,24"
10 485,NC1N=C2C(N=CN2C2CC(CO)C=C2)=C(NC2CC2)N=1,"1,22"
10 486,CC(C)(C)C(=O)OC1C=C(C=CC=1)C1(CCN(C)CC1)C(=O)CC,"2,59"
10 487,CCC(=O)C1(CCN(C)CC1)C1=CC(=CC=C1)OC(=O)C1C=CC=CC=1,"3,03"
10 488,COC(=O)OC1C=C(C=CC=1)C1(CCN(C)CC1)C(=O)CC,"0,75"
10 489,CCC(=O)C1(CCN(C)CC1)C1=CC(=CC=C1)OC(=O)OC(C)C,"1,72"
10 490,CC(C)C(OC(O)=O)C1=CC=CC(=C1)C1(CCN(C)CC1)C(=O)CC,"2,38"
10 491,CCC(=O)C1(CCN(C)CC1)C1=CC(=CC=C1)OC(=O)OCCCC,"2,42"
10 492,COC1=CC(=NC(/N=C(\\O)/NS(=O)(=O)NC2=CC=CC=C2C(=O)C2CC2)=N1)OC,"2,05"
10 493,COC1C=C(C=CC=1OC)NC(=O)C=CC1=CC(O)=C(O)C=C1,"2,30"
10 494,COC1=CC(CNC(=O)C=CC2=CC(O)=C(O)C=C2)=CC=C1OC,"1,99"
10 495,COC1=CC(CCNC(=O)C=CC2C=C(O)C(O)=CC=2)=CC=C1OC,"2,07"
10 496,CCCC(=O)C=CC1=CC(O)=C(O)C=C1,"2,61"
10 497,CCC1=CC2=CC(O)=C(O)C=C2C=C1,"3,25"
10 498,CCCCNC(=O)C1=CC2=CC(O)=C(O)C=C2C=C1,"2,72"
10 499,CCOC1C=C2C=C(O)C(O)=CC2=CC=1,"2,70"
10 500,CCOC(=O)C(=CC1C=CC2OCOC=2C=1)N=CO,"1,66"
10 501,CCOC(=O)C(=CC1=CC(OC)=C(C=C1)OC)N=CO,"1,97"
10 502,COC1C=CC(C=C(N=CO)C(=O)OCC)=CC=1,"2,22"
10 503,CCOC(=O)C(=CC1C=CC(=CC=1)[N+]([O-])=O)N=CO,"2,05"
10 504,CCOC(=O)C(=CC1=CC(=CC=C1)[N+]([O-])=O)N=CO,"2,05"
10 505,CCOC(=O)C(=CC1C=CC(Cl)=CC=1)N=CO,"2,65"
10 506,CC(C)OC(=O)CS(=O)(=O)C1C=CC(Cl)=CC=1,"2,04"
10 507,CCOC(=O)C(=CC1=CC(Cl)=CC=C1)N=CO,"2,51"
10 508,COC1=NC=NC2=C1N=CN2C1OC(COC(=O)CC)C(OC(=O)CC)C1OC(=O)CC,"2,75"
10 509,COC1=NC=NC2=C1N=CN2C1OC(COC(=O)CCC)C(OC(=O)CCC)C1OC(=O)CCC,"4,07"
10 510,COC1=NC=NC2=C1N=CN2C1OC(COC(=O)C(C)C)C(OC(=O)C(C)C)C1OC(=O)C(C)C,"3,96"
10 511,COC1=NC=NC2=C1N=CN2C1OC(CO)C(OC(=O)CCCC)C1OC(=O)CCCC,"3,83"
10 512,COC1=NC=NC2=C1N=CN2C1OC(CO)C(OC(=O)C(C)(C)C)C1OC(=O)C(C)(C)C,"3,61"
10 513,COC1=NC=NC2=C1N=CN2C1OC(CO)C(OC(=O)CC2C=CC=CC=2)C1OC(=O)CC1C=CC=CC=1,"3,48"
10 514,COC1=NC=NC2=C1N=CN2C1OC(COC(=O)CCCC)C(O)C1OC(=O)CCCC,"3,58"
10 515,COC1=NC=NC2=C1N=CN2C1OC(COC(=O)C(C)(C)C)C(O)C1OC(=O)C(C)(C)C,"3,40"
10 516,COC1=NC=NC2=C1N=CN2C1OC(COC(=O)C2C=CC=CC=2)C(O)C1OC(=O)C1C=CC=CC=1,"3,39"
10 517,COC1C=CC(=CC=1)C(=O)OC1C(COC(=O)C2C=CC(=CC=2)OC)OC1N1C=NC2C(=NC=NC1=2)OC,"3,65"
10 518,OC(CN1C=NC=C1)(C1C=CC(F)=CC=1)C1C=CC(=CC=1)C1C=CN=CC=1,"2,47"
10 519,OC(CN1C=NC=C1)(C1C=CC(F)=CC=1)C1C=CC(=CC=1)C1C=CC=CN=1,"3,58"
10 520,OC(CN1C=NC=C1)(C1=CC=C(F)C=C1F)C1C=CC(=CC=1)C1=CN=CC=C1,"3,31"
10 521,OC(CN1C=NC=C1)(C1=CC(=CC=C1)C1C=CN=CC=1)C1C=CC(F)=CC=1,"2,91"
10 522,COC1C=CC(=CC=1)C(O)(CN1C=NC=C1)C1C=CC(=CC=1)C1C=CN=CC=1,"3,55"
10 523,OC(CN1C=NC=C1)(C1C=CC(Cl)=CC=1)C1C=CC(=CC=1)C1C=CN=CC=1,"3,27"
10 524,CC(=O)C1C=CC(=CC=1)C(O)(CN1C=NC=C1)C1C=CC(=CC=1)C1C=CN=CC=1,"2,41"
10 525,CN(C)C1C=CC(=CC=1)C(O)(CN1C=NC=C1)C1C=CC(=CC=1)C1C=CN=CC=1,"3,29"
10 526,OCC1C=CC(=CC=1)C(O)(CN1C=NC=C1)C1C=CC(=CC=1)C1C=CN=CC=1,"2,40"
10 527,OC(CN1C=NC=C1)(C1=CC=C(F)C=C1F)C1C=CC(=CC=1)C1C=CC=CN=1,"3,65"
10 528,C=CCC(NC(=O)C(CC1C=CC=CC=1)NS(=O)(=O)N1CCOCC1)C(=O)NC(COC(F)(F)C(=O)NCCN1CCOCC1)CC1CCCCC1,"3,17"
10 529,C=CCC(NC(=O)C(CC1C=CC=CC=1)NS(=O)(=O)N1CCOCC1)C(=O)NC(CC1CCCCC1)C(=O)C(F)(F)C(=O)NCCN1CCOCC1,"3,39"
10 530,COC1C=CC(CC(NS(=O)(=O)N2CCOCC2)C(=O)NC(CC=C)C(=O)NC(CC2CCCCC2)C(=O)C(F)(F)C(=O)NCCN2CCOCC2)=CC=1,"2,73"
10 531,CN1CCN(CC1)S(=O)(=O)NC(CC1C=CC=CC=1)C(=O)NC(CC=C)C(=O)NC(CC1CCCCC1)C(=O)C(F)(F)C(=O)NCCN1CCOCC1,"2,73"
10 532,C/C(/O)=N/C(C)/C(/O)=N/C/C(/O)=N/C(C)/C(/O)=N/C(C)(C)C,"-0,60"
10 533,C/C(/O)=N/C(C)/C(/O)=N/C(C)/C(/O)=N/C(C)/C(/O)=N/C(C)(C)C,"-0,51"
10 534,C/C(/O)=N/C(C)C(=O)N1CCCC1/C(/O)=N/C(C)/C(/O)=N/C(C)(C)C,"-0,39"
10 535,C/C(/O)=N/C(C)/C(/O)=N/C(CC1C=CC=CC=1)/C(/O)=N/C(C)/C(/O)=N/C(C)(C)C,"1,01"
10 536,C/C(/O)=N/C(C)/C(/O)=N/C(CC1=CNC2=CC=CC=C21)/C(/O)=N/C(C)/C(/O)=N/C(C)(C)C,"1,26"
10 537,C/C(/O)=N/C(C)/C(/O)=N/C(CC(O)=O)/C(/O)=N/C(C)/C(/O)=N/C(C)(C)C,"-0,74"
10 538,CCNC(=S)NS(=O)(=O)C1C=NC=CC=1NC1CCCCCCC1,"3,86"
10 539,[O-][N+](=O)/N=C1\\NCCN\\1CC1C=CC(Cl)=NC=1,"0,57"
10 540,CCOC1=CC=CC=C1/C(/O)=N/CC,"2,40"
10 541,CCOC1=CC=CC=C1C(=O)N(C(C)C)C(C)C,"3,00"
10 542,CN(C)CCN1C(=O)C(C)C(CC2=C(C=CC=C12)C(F)(F)F)C1C=CC(=CC=1)OC,"4,67"
10 543,CN(C)CCN1C2=CC=CC(=C2CC(C(OC(C)=O)C1=O)C1C=CC(=CC=1)OC)C(F)(F)F,"4,90"
10 544,CC(C(O)=O)C1=CC(Br)=C(C=C1)C1=NC=CS1,"3,35"
10 545,CC(C)C1=CSC(=N1)C1C=CC(=CC=1)C(C)C(O)=O,"4,29"
10 546,CC(C(O)=O)C1C=CC(=CC=1)C1=NC(CC=C)=CS1,"4,11"
10 547,CC(C1C=CC(=CC=1)C1=NC(CO)=CS1)C(O)=O,"2,25"
10 548,COCC1=CSC(=N1)C1C=CC(=CC=1)C(C)C(O)=O,"2,56"
10 549,CCC1=CN=C(S1)C1C=CC(=CC=1)C(C)C(O)=O,"3,72"
10 550,CC1SC(=NC=1CC)C1C=CC(=CC=1)C(C)C(O)=O,"3,99"
10 551,CC(C(O)=O)C1C=CC(=CC=1)C1=NC2CCCCC=2S1,"4,41"
10 552,CC1=CSC(=N1)C1C=CC(=CC=1F)C(C)C(O)=O,"3,52"
10 553,CCC1=CSC(=N1)C1C=CC(=CC=1F)C(C)C(O)=O,"4,16"
10 554,CC(C)C1=CSC(=N1)C1C=CC(=CC=1F)C(C)C(O)=O,"4,62"
10 555,CCCCC1=CSC(=N1)C1C=CC(=CC=1F)C(C)C(O)=O,"5,24"
10 556,CC1=CN=C(S1)C1C=CC(=CC=1F)C(C)C(O)=O,"3,55"
10 557,CCC1=CN=C(S1)C1C=CC(=CC=1F)C(C)C(O)=O,"4,10"
10 558,CC1SC(=NC=1C)C1C=CC(=CC=1F)C(C)C(O)=O,"3,74"
10 559,CC1SC(=NC=1CC)C1C=CC(=CC=1F)C(C)C(O)=O,"4,44"
10 560,CC1=CSC(=N1)C1C=CC(=CC=1Cl)C(C)C(O)=O,"3,65"
10 561,CCC1=CSC(=N1)C1C=CC(=CC=1Cl)C(C)C(O)=O,"4,28"
10 562,CC(C)C1=CSC(=N1)C1C=CC(=CC=1Cl)C(C)C(O)=O,"4,78"
10 563,CCCCC1=CSC(=N1)C1C=CC(=CC=1Cl)C(C)C(O)=O,"5,36"
10 564,CC1=CN=C(S1)C1C=CC(=CC=1Cl)C(C)C(O)=O,"3,66"
10 565,CCC1=CN=C(S1)C1C=CC(=CC=1Cl)C(C)C(O)=O,"4,39"
10 566,CC1SC(=NC=1C)C1C=CC(=CC=1Cl)C(C)C(O)=O,"3,94"
10 567,CC1SC(=NC=1CC)C1C=CC(=CC=1Cl)C(C)C(O)=O,"4,62"
10 568,CCCCOCC1=CC(=O)C(=O)CO1,"0,78"
10 569,CCCOCC1=CC(=O)C(=O)CO1,"0,30"
10 570,OC1=NC(=O)N(C=C1Cl)C1OC(CC1F)CO,"-0,28"
10 571,CC(=O)NC(CC1C=CC=CC=1)C(=O)NC(CC1C=CC=CC=1)C(=O)NC(CC1C=CC=CC=1)C(N)=O,"2,30"
10 572,CN(C)C=NC1C=CN(C2CC(F)C(CO)O2)C(=O)N=1,"-0,64"
10 573,OC1CC(OC1CO)N1C=CC(N=CN2CCOCC2)=NC1=O,"-1,54"
10 574,OC1CC(OC1CO)N1C=CC(N=CN2CCCC2)=NC1=O,"-1,02"
10 575,CCN(CC)C=NC1C=CN(C2CC(O)C(CO)O2)C(=O)N=1,"-0,59"
10 576,CC(C)N(C=NC1C=CN(C2CC(O)C(CO)O2)C(=O)N=1)C(C)C,"0,17"
10 577,C#CCOC1=CC(OC(=O)N2CCC(F)(F)CC2)=C(Cl)C=C1Cl,"3,57"
10 578,O/C(/NC1CC(NC2=CC(Cl)=CC(Cl)=C21)C(O)=O)=N\\C1C=CC=CC=1,"3,28"
10 579,CC(C)OC(=O)CSC1C=CC(=CC=1)[N+]([O-])=O,"2,79"
10 580,COC(=O)CSC1C=CC(=CC=1Cl)[N+]([O-])=O,"2,26"
10 581,CC(C)OC(=O)CSC1C=CC(=CC=1Cl)[N+]([O-])=O,"3,20"
10 582,CC(C)OC(=O)CSC1C=CC=CC=1[N+]([O-])=O,"2,76"
10 583,COC(=O)CSC1C=CC(Cl)=CC=1[N+]([O-])=O,"2,24"
10 584,CC(C)OC(=O)CS(=O)C1C=CC(=CC=1)[N+]([O-])=O,"1,64"
10 585,COC(=O)CS(=O)C1C=CC(=CC=1Cl)[N+]([O-])=O,"1,35"
10 586,CC(C)OC(=O)CS(=O)C1C=CC(=CC=1Cl)[N+]([O-])=O,"2,01"
10 587,COC(=O)CS(=O)C1C=CC=CC=1[N+]([O-])=O,"0,74"
10 588,CC(C)OC(=O)CS(=O)C1C=CC=CC=1[N+]([O-])=O,"1,59"
10 589,COC(=O)CS(=O)C1C=CC(Cl)=CC=1[N+]([O-])=O,"1,29"
10 590,CC(C)OC(=O)CS(=O)C1C=CC(Cl)=CC=1[N+]([O-])=O,"2,22"
10 591,COC(=O)CS(=O)C1C=CC(=CC=1[N+]([O-])=O)[N+]([O-])=O,"0,63"
10 592,CC(C)OC(=O)CS(=O)C1C=CC(=CC=1[N+]([O-])=O)[N+]([O-])=O,"1,61"
10 593,CC(C)OC(=O)CS(=O)(=O)C1C=CC(=CC=1)[N+]([O-])=O,"1,80"
10 594,COC(=O)CS(=O)(=O)C1C=CC(=CC=1Cl)[N+]([O-])=O,"1,45"
10 595,CC(C)OC(=O)CS(=O)(=O)C1C=CC(=CC=1Cl)[N+]([O-])=O,"2,40"
10 596,CC(C)OC(=O)CS(=O)(=O)C1C=CC=CC=1[N+]([O-])=O,"1,72"
10 597,CC(C)OC(=O)CS(=O)(=O)C1C=CC(Cl)=CC=1[N+]([O-])=O,"2,45"
10 598,CC(C)OC(=O)CSC1C=CC(Cl)=CC=1[N+]([O-])=O,"3,00"
10 599,CC(C)OC(=O)CSC1C=CC(=CC=1[N+]([O-])=O)[N+]([O-])=O,"2,81"
10 600,CC(CC(O)C=CC1C2CC(CC2CC1O)CCOCC(=O)OC)CCCC,"4,50"
10 601,CC1=CC=C(Cl)C(NS(=O)(=O)C2N=C3N=C(C=C(OC)N3N=2)OC)=C1Cl,"3,08"
10 602,CC12CCC3C(C)CCC4CC(=O)N(C)C(O1)C43OO2,"2,76"
10 603,CC12CCC3C(C)CCC4CC(=O)N(CCC)C(O1)C43OO2,"3,40"
10 604,CC12CCC3C(C)CCC4CC(=O)N(CC(O)=O)C(O1)C43OO2,"1,75"
10 605,N=C(O)COC1C=CC(=CC=1)OCCNCC(O)COC1C=CC=CC=1,"1,10"
10 606,CCC/N=C(\\O)/COC1C=CC(=CC=1)OCCNCC(O)COC1C=CC=CC=1,"2,40"
10 607,CC(C)/N=C(\\O)/COC1=CC=C(C=C1)OCCNCC(O)COC1=CC=CC=C1,"2,40"
10 608,OCCCNC(=O)COC1C=CC(=CC=1)OCCNCC(O)COC1C=CC=CC=1,"0,50"
10 609,O/C(/COC1C=CC(=CC=1)OCCNCC(O)COC1C=CC=CC=1)=N\\CC1C=CC=CC=1,"3,20"
10 610,OC(CNCCOC1C=CC(=CC=1)OCC(=O)N1CCCCC1)COC1C=CC=CC=1,"2,60"
10 611,OC(CNCCOC1C=CC(=CC=1)OCC(=O)N1CC2C=CC=CC=2CC1)COC1C=CC=CC=1,"3,60"
10 612,CN1CCN(CC1)S(=O)(=O)C1C=C(C2NC(=O)C3=C(N=2)C(CCC)=NN3C)C(=CC=1)OCC,"2,75"
10 613,CN1CC=C(CC1)C1C=CN=CC=1,"1,25"
10 614,CC(=O)/N=C1\\NON=C\\1N,"-0,23"
10 615,NC1=NON/C/1=N\\C(=O)C1C=CC=CC=1,"1,41"
10 616,CCNC1=NON=C1N,"0,51"
10 617,CCN(CC)C=NC1C=CN(C2CCC(CO)O2)C(=O)N=1,"0,09"
10 618,CCCN(CCC)C=NC1C=CN(C2CCC(CO)O2)C(=O)N=1,"0,95"
10 619,OCC1CCC(O1)N1C=CC(N=CN2CCCCC2)=NC1=O,"0,06"
10 620,OCC1CCC(O1)N1C=CC(N=CN2CCOCC2)=NC1=O,"-0,97"
10 621,OCC1CCC(O1)N1C=CC(N=CN2CCCC2)=NC1=O,"-0,47"
10 622,CCCN(CCC)C=NC1C=CN(C2CC(F)C(CO)O2)C(=O)N=1,"1,35"
10 623,CC(C)N(C=NC1C=CN(C2CC(F)C(CO)O2)C(=O)N=1)C(C)C,"1,14"
10 624,OCC1OC(CC1F)N1C=CC(N=CN2CCCCC2)=NC1=O,"0,36"
10 625,OCC1OC(CC1F)N1C=CC(N=CN2CCOCC2)=NC1=O,"-0,68"
10 626,OCC1OC(CC1F)N1C=CC(N=CN2CCCC2)=NC1=O,"-0,16"
10 627,CC(C)N(C=NC1C=CN(C2CCC(CO)O2)C(=O)N=1)C(C)C,"0,72"
10 628,CS(=O)(=O)C1C=C(C=CC=1C(=O)C1C=NOC=1C1CC1)C(F)(F)F,"2,32"
10 629,N=C1N=C(O)N(C=C1Cl)C1OC(CC1F)CO,"-0,46"
10 630,CC(=NOCC1C=CC=CC=1C(=NOC)C(=O)OC)C1=CC(=CC=C1)C(F)(F)F,"4,50"
10 631,CC1=NN=C(C2=CC(=CC=C2)OCC)C(=O)N1NC,"1,91"
10 632,CSC1=NN=C(C(=O)N1N)C1C=C(Cl)C=C(Cl)C=1,"3,02"
10 633,NN1C(=O)C(=NN=C1S)C1C=C(Cl)C=C(Cl)C=1,"2,67"
10 634,CNC1=NN=C(C(=O)N1N)C1C=C(Cl)C=C(Cl)C=1,"1,91"
10 635,CCOC1C=C(C=CC=1)C1=NN=C(S)N(C)C1=O,"2,67"
10 636,CN1C(=O)C(=NN=C1S)C1=CC(Cl)=C(C=C1)OC(F)(F)F,"3,61"
10 637,CC(C)COC(=O)N1C(=NC2=CC=CC=C12)C1=CSC=N1,"3,46"
10 638,O=C(NC1C=CC2=NN(N=C2C=1)C1CCCCC1)C(Cl)Cl,"3,87"
10 639,O=C(NC1=CC2=NN(N=C2C=C1)C1CCCCC1)C1C=CC=CC=1,"4,49"
10 640,O=C(NC1=CC2=NN(N=C2C=C1)C1CCCCC1)C1=CC(Cl)=C(Cl)C=C1,"5,85"
10 641,CN1N=C2C=C(C=CC2=N1)NC(=O)CCl,"1,22"
10 642,CN1N=C2C=CC(=CC2=N1)NC(=O)C1C=CC=CC=1,"2,44"
10 643,CN1N=C2C=C(C=CC2=N1)NC(=O)C1C=CC(Cl)=CC=1,"3,13"
10 644,CN1N=C2C=C(C=CC2=N1)NC(=O)C1C=CC(=CC=1)[N+]([O-])=O,"2,53"
10 645,CN1N=C2C=C(C=CC2=N1)NC(=O)C1C=C(OC)C(OC)=C(C=1)OC,"2,38"
10 646,O=C1NC2=CC(Cl)=CC=C2C(=O)C1C1C=C(C=CC=1)OC1C=CC=CC=1,"5,10"
10 647,CC(C)N(C(=O)COC1=NN=C(S1)C(F)(F)F)C1=CC=C(F)C=C1,"3,20"
10 648,CCNC(=O)C1C=COC=1,"0,72"
10 649,CC1(C2C(Cl)C(Cl)C1(C(Cl)C2Cl)C(Cl)Cl)C(Cl)Cl,"5,52"
10 650,OC(CN1C=NC=C1)(C1C=CC(F)=CC=1F)C1=CC(Br)=CC=C1,"3,60"
10 651,OC(CN1C=NC=C1)(C1C=CC=CC=1)C1C=CC(Br)=CC=1,"3,35"
10 652,CC(OC)(OC)C1C=CC(=CC=1)C(O)(CN1C=NC=C1)C1C=CC(=CC=1)C1C=CN=CC=1,"3,45"
10 653,OC1C=CC(=CC=1)C(O)(CN1C=NC=C1)C1C=CC(=CC=1)C1C=CN=CC=1,"2,49"
10 654,OC(CN1CCCC1)(C1C=CC(F)=CC=1)C1C=CC(=CC=1)C1C=CN=CC=1,"3,84"
10 655,CC(C)C(CC(O)C(CC1CCCCC1)NC(=O)C(CCCC)NC(CC1=CC=CC=C1)C(=O)N1CCC(CC1)OCOC)C(=O)NCCNC1=NNC(N)=N1,"4,20"
10 656,OC(CN1CCOCC1)(C1C=CC(F)=CC=1)C1C=CC(=CC=1)C1C=CN=CC=1,"2,82"
10 657,CC(=O)NCCCNC(=O)C(CC(O)C(CC1CCCCC1)NC(=O)C(CCCC)OC(CC1C=CC=CC=1)C(=O)N1CCC(CC1)OCOC)C(C)C,"4,30"
10 658,CC(C)C(CC(O)C(CC1CCCCC1)NC(=O)C(CCCC)OC(CC1=CC=CC=C1)C(=O)N1CCC(CC1)OCOC)C(=O)NCCCNC(N)=O,"4,20"
10 659,CC(C)C(CC(O)C(CC1CCCCC1)NC(=O)C(CCCC)OC(CC1=CC=CC=C1)C(=O)N1CCC(CC1)OCOC)C(=O)NCCCN/C(/NC)=N/C#N,"4,40"
10 660,CC(C)C(CC(O)C(CC1CCCCC1)NC(=O)C(CCCC)OC(CC1=CC=CC=C1)C(=O)N1CCC(CC1)OCOC)C(=O)NCCCNC1=NNC(N)=N1,"4,30"
10 661,[O-][N+](=O)C1C=C(C=C(Cl)C=1NC1=NC=C(C=C1Cl)[N+]([O-])=O)[N+]([O-])=O,"2,60"
10 662,[O-][N+](=O)C1=CC(=C(NC2=NC=C(C=C2Cl)C(F)(F)F)C(Cl)=C1)[N+]([O-])=O,"3,74"
10 663,[O-][N+](=O)C1=CC(=CC(=C1NC1=NC=C(C=C1Cl)[N+]([O-])=O)C(F)(F)F)[N+]([O-])=O,"2,80"
10 664,O=C(OC1=CC=CC=C1Cl)N1CCCC1,"3,13"
10 665,CCN(CC)C(=O)OC1C=C(OCC#C)C(Cl)=CC=1Cl,"3,95"
10 666,OC1=CC(OC(=O)N2CCCC2)=C(Cl)C=C1Cl,"2,98"
10 667,C#CCOC1COC2=CC(Cl)=C(C=C2N=1)OC(=O)N1CCCC1,"2,93"
10 668,C#CCOC1=CC(OC(=O)N2CC(F)(F)CC2)=C(Cl)C=C1Cl,"3,42"
10 669,CN1CCC2C(C1)C1C=C(C)C=CC=1N2C(C)=O,"1,25"
10 670,[O-][N+](=O)OCCN1COC2=CC=CC=C2C1=O,"1,85"
10 671,CC1C=CC2OCN(CCO[N+]([O-])=O)C(=O)C=2C=1,"2,41"
10 672,OC1=NC(=O)N=C(O)C21CCCCCC2,"1,36"
10 673,OC1=NC(=O)N=C(O)C21CCCCCCC2,"1,79"
10 674,OC1=NC(=O)N=C(O)C21CCCCCCCCCC2,"3,15"
10 675,OC1=NC(=O)N=C(O)C21CCCCCCCCCCC2,"3,51"
10 676,C/C(/O)=N/C1=CC=CC=C1OC1C=CC=CC=1,"2,37"
10 677,C/C(/O)=N/C1=CC=CC(Cl)=C1OC,"1,68"
10 678,CC1C=CC=C(/N=C(/C)\\O)C=1OC,"1,28"
10 679,CC(=O)NC1C=CC(CCCC)=CC=1Br,"3,39"
10 680,CCCCC1C=CC(NC(C)=O)=C(C)C=1,"3,10"
10 681,CC(=O)NC1C=CC(Br)=CC=1OC,"2,02"
10 682,CCCCC1=CC=C(C=C1C)/N=C(/C)\\O,"3,64"
10 683,C/C(/O)=N/C1C=C(CCC)C(=CC=1)OC,"2,72"
10 684,C/C(/O)=N/C1=C(CC)C=CC=C1C(C)C,"2,10"
10 685,C/C(/O)=N/C1C=CC(Br)=C(Cl)C=1F,"2,86"
10 686,CC1C(Cl)=C(C=CC=1Br)/N=C(/C)\\O,"2,73"
10 687,C/C(/O)=N/C1=CC(Cl)=CC(=C1F)C(F)(F)F,"3,15"
10 688,C/C(/O)=N/C1=CC(Cl)=CC(=C1Cl)C(F)(F)F,"3,27"
10 689,C/C(/O)=N/C1=CC(Br)=CC(=C1Cl)C(F)(F)F,"3,41"
10 690,C/C(/O)=N/C1=CC(Cl)=CC(=C1Br)C(F)(F)F,"3,26"
10 691,C/C(/O)=N/C1=CC(=CC(Cl)=C1Cl)C(F)(F)F,"3,27"
10 692,C/C(/O)=N/C1=CC(Cl)=CC(Cl)=C1Br,"3,04"
10 693,C/C(/O)=N/C1C(Br)=C(C=CC=1F)C(F)(F)F,"2,22"
10 694,C/C(/O)=N/C1C=C(C(F)=CC=1F)C(F)(F)F,"2,34"
10 695,C/C(/O)=N/C1C=C(C(Cl)=CC=1F)C(F)(F)F,"3,02"
10 696,C/C(/O)=N/C1=CC(OCC=C)=C(Cl)C=C1F,"2,76"
10 697,C/C(/O)=N/C1C=C(C(Br)=CC=1F)C(F)(F)F,"3,17"
10 698,C/C(/O)=N/C1C=C(C(Cl)=CC=1Cl)C(F)(F)F,"3,24"
10 699,CC(=O)NC1=CC(OC(F)(F)F)=C(Cl)C=C1Cl,"3,71"
10 700,CC1C=CC=CC=1OCC1C=CC=CC=1C(=NOC)C(=O)OC,"3,40"
10 701,NC1=NC(=O)N(C=C1F)C1CSC(CO)O1,"-0,43"
10 702,CCOC(=O)C(C)OC1C=C(C=CC=1[N+]([O-])=O)OC1C=CC(=CC=1Cl)C(F)(F)F,"4,53"
10 703,COC(=O)C1C=C(C=CC=1[N+]([O-])=O)S(=O)(=O)C1C=CC(=CC=1Cl)C(F)(F)F,"3,57"
10 704,COC(=O)C1C=C(C=CC=1[N+]([O-])=O)S(=O)C1C=CC(=CC=1Cl)C(F)(F)F,"3,65"
10 705,NS(=O)(=O)C1=CC(=CS1)S(=O)(=O)C1=CC=C(CN2CCOCC2)C=C1,"0,98"
10 706,CC1(CC=C)C(O)=NC(=O)N=C1O,"0,36"
10 707,CC(C)(C)C1(CC=C(C)C)C(O)=NC(=O)N=C1O,"2,56"
10 708,CCCCCCC/N=C(\\O)/C1C=CC=CC=1,"3,94"
10 709,CC(C)NCC(COC1=CC=CC=C1OCC=C)OC(=O)CCC,"3,95"
10 710,CC(C)NCC(COC1=CC=CC=C1OCC=C)OC(=O)CCCC,"4,00"
10 711,CC(C)C(=O)OC(COC1=CC=CC=C1OCC=C)CNC(C)C,"3,77"
10 712,CC(C)NCC(COC1=CC=CC=C1OCC=C)OC(=O)C1CC1,"3,01"
10 713,CC(C)NCC(COC1=CC=CC=C1OCC=C)OC(=O)C=CC,"3,65"
10 714,COC1=CC(=CC=C1)OCC1=CC=CC=C1CCCN1CCC(O)CC1,"3,35"
10 715,COC1=CC=CC=C1OCC1=CC=CC=C1CCCN1CCC(O)CC1,"2,82"
10 716,COC1=CC=C(C=C1)OCC1=CC=CC=C1CCCN1CCC(O)CC1,"3,10"
10 717,CCOC1=CC(=CC=C1)OCC1=CC=CC=C1CCCN1CCC(O)CC1,"3,50"
10 718,CCOC1=CC=CC=C1OCC1=CC=CC=C1CCCN1CCC(O)CC1,"3,10"
10 719,CCOC1=CC=C(C=C1)OCC1=CC=CC=C1CCCN1CCC(O)CC1,"3,42"
10 720,CC1C=CC(=CC=1)OCC1=CC=CC=C1CCCN1CCC(O)CC1,"3,50"
10 721,CCC1C=CC(=CC=1)OCC1=CC=CC=C1CCCN1CCC(O)CC1,"3,75"
10 722,OC1CCN(CCCC2=CC=CC=C2COC2C=CC(F)=CC=2)CC1,"3,30"
10 723,COC1C=C(C=C(OC)C=1OC)OCC1=CC=CC=C1CCCN1CCC(O)CC1,"2,60"
10 724,OC1CCN(CCCC2=CC=CC=C2COC2C=CC=CC=2)CC1,"3,21"
10 725,COC1=CC=CC=C1SCC1=CC=CC=C1CCCN1CCC(O)CC1,"3,58"
10 726,OC1CCN(CCCC2=CC=CC=C2CSC2C=CC=CC=2)CC1,"3,85"
10 727,FC1C=CC(=CC=1)SCC1=CC=CC=C1CCCN1CCOCC1,"3,69"
10 728,C(SC1C=CC=CC=1)C1=CC=CC=C1CCCN1CCOCC1,"3,80"
10 729,OC1CCN(CCCC2C=CC(CSC3C=CC=CC=3)=CC=2)CC1,"3,67"
10 730,FC1C=CC(=CC=1)SCC1C=CC(CCCN2CCOCC2)=CC=1,"3,51"
10 731,C(SC1C=CC=CC=1)C1C=CC(CCCN2CCOCC2)=CC=1,"3,62"
10 732,OCCN(CCO)CCCC1C=CC(CSC2C=CC=CC=2)=CC=1,"3,31"
10 733,C(OC1C=CC=CC=1)C1C=C(CN2CCCC2)C=CC=1,"3,75"
10 734,OC1CCN(CC2=CC(COC3C=CC=CC=3)=CC=C2)CC1,"2,77"
10 735,CN1CCN(CC2C=CC=C(COC3C=CC=CC=3)C=2)CC1,"3,05"
10 736,C1OCCCN1CC1=CC(COC2C=CC=CC=2)=CC=C1,"2,75"
10 737,OCCN(CC1=CC(COC2C=CC=CC=2)=CC=C1)CCO,"2,33"
10 738,COC1C=CC(COCC2C=C(CN3CCOCC3)C=CC=2)=CC=1,"2,83"
10 739,CC1=CC(C)=NC(NC(=O)NS(=O)(=O)C2C=CC=CC=2C(=O)OC2COC2)=N1,"1,10"
10 740,COC1=CC=CC(=C1)N1CCN(CC2CNC(=N)O2)CC1,"0,87"
10 741,COC1=CC=CC=C1N1CCN(CC2CN=C(N)O2)CC1,"0,76"
10 742,N=C1NCC(CN2CCN(CC2)C2C=CC(Cl)=CC=2)O1,"1,71"
10 743,N=C1NCC(CN2CCN(CC2)C2=CC(Cl)=C(Cl)C=C2)O1,"2,40"
10 744,CC1=CC=C(C=C1)N1CCN(CC2CNC(=N)O2)CC1,"1,23"
10 745,N=C1NCC(CN2CCN(CC2)C2=CC=CC=C2Cl)O1,"1,87"
10 746,CCOC1=CC=CC=C1N1CCN(CC2CNC(=N)O2)CC1,"1,21"
10 747,CC1=CC2C(Br)=C(OC=2C=C1)C1=CC=CC=C1C(O)=O,"5,19"
10 748,CC1C=CC(=CC=1)S(=O)(=O)C1(CC1)C(=O)OC,"1,77"
10 749,CC1C=CC(=CC=1)S(=O)(=O)C1(CC1)C(=O)OCC,"2,23"
10 750,CC1C=CC(=CC=1)S(=O)(=O)C1(CC1)C(=O)OC(C)C,"2,52"
10 751,COC(=O)C1(CC1)S(=O)(=O)C1C=CC(Cl)=CC=1,"2,03"
10 752,CC(C)OC(=O)C1(CC1)S(=O)(=O)C1C=CC(Cl)=CC=1,"2,64"
10 753,CC(C)(C)OC(=O)C1(CC1)S(=O)(=O)C1=CC=C(Cl)C=C1,"2,68"
10 754,COC(=O)C1(CC1)S(=O)(=O)C1C=CC(Br)=CC=1,"2,32"
10 755,COC(=O)C1(CC1)S(=O)(=O)C1C=CC(=CC=1)[N+]([O-])=O,"1,33"
10 756,CC(C)OC(=O)C1(CC1)S(=O)(=O)C1C=CC(=CC=1)[N+]([O-])=O,"2,05"
10 757,CC1=NON=C1S(=O)C1C=CC=CC=1,"1,76"
10 758,CC1C(=NON=1=O)S(=O)C1C=CC=CC=1,"1,50"
10 759,CC1=NON(=O)=C1CC1C=CC=CC=1,"2,22"
10 760,CC1=NON(=O)=C1S(=O)C1C=CC=CC=1,"1,75"
10 761,CC(C)C1N=C(C(C)C)C(COC)=C(C=1C=CC(O)CC(O)CC(O)=O)C1C=CC(F)=CC=1,"3,80"
10 762,CCC1SSC(=S)C=1C1C=CC=CC=1,"3,52"
10 763,CCCC1=CC(=S)SS1,"2,83"
10 764,NC1C2CN(CC21)C1N=C2C(=CC=1F)C(=O)C(=CN2C1=CC=C(F)C=C1F)C(O)=O,"0,31"
10 765,CNC12CCCCC1CC1C=CC(=CC2=1)OC,"3,54"
10 766,CNC12CC3=CC=CC=C3C1CC=CC2,"3,28"
10 767,CNC12CCCCC1CC1C=CC=CC2=1,"3,38"
10 768,CNC12CCCCCC1CC1=CC=CC=C21,"3,77"
10 769,CC1CCCC2CC3=CC=CC=C3C12NC,"3,44"
10 770,CNC12CCCCC1CC1=CC(=CC=C21)OC,"3,51"
10 771,NC12CCCC1CC1=CC=CC=C21,"2,58"
10 772,CNC12CC3=CC=CC=C3C1CCCC2,"3,43"
10 773,CNC12CCCCC1C(=C)C1C=CC=CC2=1,"3,79"
10 774,ClC1C=C(Cl)C=CC=1OC1C=CC=C(Cl)C=1Cl,"5,88"
10 775,ClC1=CC(=CC(Cl)=C1)OC1C=CC(Cl)=CC=1Cl,"6,13"
10 776,NC12CC3=CC=CC=C3C1CCCC2,"2,94"
10 777,CC1C=CC2N=C(N)NC(=O)C=2C=1SC1C=CN=CC=1,"1,90"
10 778,CCCCCCCC1CC(/C(/O)=N/C2C(=CC=CC=2C(C)C)C(C)C)C(=O)O1,"4,72"
10 779,CC(C)N1C=CC(=O)C(=O)C1CC,"0,73"
10 780,CC1CC2CC=CCC2(N)C2=CC=CC=C21,"3,40"
10 781,CN(CC1C=CC=CC=1)C(=O)C(CC1C=CC=CC=1)NC(=O)C(CC1=CN(C2C=CC=CC1=2)C(C)=O)NC(=O)CC1NC(=O)C2C3CCC(CC3)N2C1=O,"3,69"
10 782,CN(CC1C=CC=CC=1)C(=O)C(CC1C=CC=CC=1)NC(=O)C(CC1=CN(C2C=CC=CC1=2)C(=O)OC)NC(=O)CC1NC(=O)C2C3CCC(CC3)N2C1=O,"4,05"
10 783,CN(CC1C=CC=CC=1)C(=O)C(CC1C=CC=CC=1)NC(=O)C(CC1=CN(C2C=CC=CC1=2)C(=O)OCC1C=CC=CC=1)NC(=O)CC1NC(=O)C2C3CCC(CC3)N2C1=O,"5,66"
10 784,CN(CC1C=CC=CC=1)C(=O)C(CC1C=CC=CC=1)NC(=O)C(CC1=CN(C2C=CC=CC1=2)C(=O)OC(C)(C)C)NC(=O)CC1NC(=O)C2C3CCC(CC3)N2C1=O,"5,33"
10 785,CN(CC1C=CC=CC=1)C(=O)C(CC1C=CC=CC=1)NC(=O)C(CC1=CN(C2C=CC=CC1=2)C(=O)CCCCCCC)NC(=O)CC1NC(=O)C2C3CCC(CC3)N2C1=O,"7,29"
10 786,COC1=CC=C(CNC(=O)C(=O)C2=CNC3=CC=C(C=C23)[N+]([O-])=O)C=C1,"2,17"
10 787,[O-][N+](=O)C1C=C2C(=CC=1)NC=C2C(=O)C(=O)NCC1=CC=C(O)C=C1,"2,67"
10 788,CS(=O)CCCOC1=CC2=CC=CC=C2C=C1,"2,42"
10 789,CCCN(C)C(=O)C1=CC(=CC=C1)OC1C=CC=CC=1,"3,44"
10 790,CCCCN(C)C(=O)C1=CC(=CC=C1)OC1C=CC=CC=1,"3,89"
10 791,CCCCCN(C)C(=O)C1=CC(=CC=C1)OC1C=CC=CC=1,"4,43"
10 792,CCCCCCN(C)C(=O)C1=CC(=CC=C1)OC1C=CC=CC=1,"5,01"
10 793,CC/N=C(\\O)/C1C=CSC=1,"1,18"
10 794,ClC1C=CC(Cl)=C2C=C(Cl)C(Cl)=C(Cl)C=12,"6,80"
10 795,CC(C)(C)NC(=O)C1CN(CC2C=NC=CC=2)CCN1CC(O)CC(CC1C=CC=CC=1)C(=O)NC1C(O)CC2C=CC=CC=21,"3,49"
10 796,CCCCCCCCCCCC(=O)C/C(/O)=N/C1C(=CC(=CC=1OC)OC)OC,"5,02"
10 797,CCCCCCCCCCCC(=O)C(C)(C)C(=O)N(C)C1C(=CC(=CC=1OC)OC)OC,"6,67"
10 798,CN=C(C[N+]([O-])=O)N(CC1C=CC(Cl)=NC=1)CC,"-0,66"
10 799,COC1=CC=C(CON2C(=O)CC3(CCCC3)C2=O)C=C1,"2,23"
10 800,CON1C(=O)C2(CC1=O)CCCC2,"1,15"
10 801,CCON1C(=O)C2(CC1=O)CCCC2,"1,26"
10 802,O=C1CC2(CCCC2)C(=O)N1OC1C=CC=CC=1,"1,77"
10 803,ClC1C2(C(Cl)Cl)C(CCl)(C(CC2(Cl)Cl)C1(Cl)Cl)C(Cl)Cl,"6,64"
10 804,CC(=O)N(CC)C1C=C(C=CC=1)C1=CC=NC2=C(C=NN12)C#N,"1,23"
10 805,CC(=O)OC1C=C(C=CC=1)OCC,"2,08"
10 806,CC(=O)OC1C(CC)=CC=CC=1CC,"3,40"
10 807,COC(=O)C1=C(F)C=CC=C1Cl,"2,42"
10 808,COC1=CC2=C(NC3C=C(Cl)C=CC=3)N=CN=C2C=C1OC,"3,51"
10 809,COC1C=C2C(NC3=CC(Br)=CC=C3)=NC=NC2=CC=1OC,"3,49"
10 810,[O-][N+](=O)C1=C2NC(=O)C(=O)NC2=CC(Cl)=C1Cl,"0,21"
10 811,ClCC1(C2CC(Cl)(Cl)C1(CC2(Cl)Cl)C(Cl)Cl)C(Cl)Cl,"5,96"
10 812,CCCCOCC(C)OC(=O)COC1=NC(F)=C(Cl)C(N)=C1Cl,"4,17"
10 813,NC(N)=NCCCNC(=O)C1CCCCN1C(=O)C(CC1CCCCC1)NCC(O)=O,"-0,10"
10 814,ClC1C=C(Cl)C=CC=1OC1C=C(Cl)C=CC=1Cl,"5,78"
10 815,ClC1=CC(Cl)=C(C=C1)OC1=CC(Cl)=CC=C1,"5,65"
10 816,ClC1=C(OC2=CC(Cl)=C(Cl)C=C2)C(Cl)=C(Cl)C=C1Cl,"6,78"
10 817,CC1C(Cl)=CC(=CC=1Cl)C(=O)NC(C)(CC)C(=O)CCl,"3,76"
10 818,CC1N/C(=N\\CC2C=CC=CC=2)/N=C(N=1)C(Cl)(Cl)Cl,"3,86"
10 819,CCCOC(=O)C1=COC=C1,"2,36"
10 820,CCC/N=C(\\O)/C1=COC=C1,"1,20"
10 821,CCNC(=O)C1=CC=CN1,"0,80"
10 822,CCCNC(=O)C1=CC=CN1C,"1,63"
10 823,CC/N=C(\\O)/C1=CNC2=CC=CC=C12,"1,62"
10 824,CC12CCC3C(C)CCC4C(C)C(OC(O1)C43OO2)OC1OC(C(O)C(O)C1O)C(O)=O,"1,08"
10 825,ClC1C=CC(=CC=1)OC1=CC=CC(Cl)=C1Cl,"5,63"
10 826,ClC1C=CC=C(Cl)C=1OC1C=CC(Cl)=CC=1,"5,30"
10 827,ClC1C=C(Cl)C=C(OC2C=CC(Cl)=CC=2Cl)C=1Cl,"6,54"
10 828,ClC1C=C(Cl)C(OC2=CC(Cl)=C(Cl)C=C2)=C(Cl)C=1,"6,44"
10 829,CN1C(=NC=C1CC(O)=O)C(=O)C1=CC=C(C=C1)[N+]([O-])=O,"0,86"
10 830,ClC1C=C(OC2=CC(Cl)=C(Cl)C=C2)C(Cl)=C(Cl)C=1,"6,52"
10 831,ClC1C(OC2=CC(Cl)=C(Cl)C=C2)=C(Cl)C=CC=1Cl,"6,31"
10 832,ClC1=C(C=C(Cl)C(Cl)=C1Cl)OC1C(Cl)=C(Cl)C=CC=1Cl,"6,98"
10 833,CCC1C(=S)SSC=1CC,"3,51"
10 834,ClC1C=C(Cl)C(Cl)=CC=1OC1C=C(Cl)C=C(Cl)C=1,"6,66"
10 835,ClC1C=C(Cl)C(Cl)=C(Cl)C=1OC1C=CC(Cl)=CC=1,"6,47"
10 836,ClC1C=CC(OC2C=C(Cl)C=C(Cl)C=2)=C(Cl)C=1Cl,"6,58"
10 837,ClC1C=CC=C(OC2C=C(Cl)C(Cl)=CC=2Cl)C=1Cl,"6,22"
10 838,ClC1=CC(OC2C=CC(Cl)=C(Cl)C=2Cl)=C(Cl)C=C1,"6,51"
10 839,ClC1C=CC(OC2=CC=CC(Cl)=C2Cl)=C(Cl)C=1Cl,"6,30"
10 840,OC1=NCCC2CN=C(O)C12,"-1,95"
10 841,CCOC(=O)C1CC(O)=NCC1C(=O)OCC,"-0,03"
10 842,CC(C)OC(=O)C1(CCC1)S(=O)(=O)C1C=CC(=CC=1)[N+]([O-])=O,"2,36"
10 843,CC(C)OC(=O)C1(CCCCC1)S(=O)(=O)C1C=CC(=CC=1)[N+]([O-])=O,"2,84"
10 844,CC(C)OC(=O)C1(CCCCCC1)S(=O)(=O)C1C=CC(=CC=1)[N+]([O-])=O,"3,41"
10 845,COC(=O)C1(CCC1)S(=O)(=O)C1C=CC(Br)=CC=1,"2,45"
10 846,COC(=O)C1(CCCC1)S(=O)(=O)C1C=CC(Br)=CC=1,"2,73"
10 847,COC(=O)C1(CCCCC1)S(=O)(=O)C1C=CC(Br)=CC=1,"2,94"
10 848,COC(=O)C1(CCC1)S(=O)(=O)C1C=CC(Cl)=CC=1,"2,28"
10 849,CC(C)OC(=O)C1(CCCC1)S(=O)(=O)C1C=CC(Cl)=CC=1,"3,16"
10 850,CC(C)OC(=O)C1(CCC1)S(=O)(=O)C1C=CC=CC=1,"2,78"
10 851,CC1C=CC(=CC=1)S(=O)(=O)C1(CCC1)C(=O)OCC,"2,31"
10 852,COC(=O)C1(CCC1)S(=O)(=O)C1C=CC=CC=1,"1,63"
10 853,COC(=O)C1(CCCC1)S(=O)(=O)C1C=CC=CC=1,"1,98"
10 854,COC(=O)C1(CCCCC1)S(=O)(=O)C1C=CC=CC=1,"2,30"
10 855,COC1=CC=CC(C(=O)NN(C(=O)C2C=C(C)C=C(C)C=2)C(C)(C)C)=C1C,"3,70"
10 856,CC(C)C(CC(O)C(CC1CCCCC1)NC(=O)C(CCCC)OC(CC1=CC=CC=C1)C(=O)N1CCC(CC1)OCOC)C(=O)NCCNC1=NOC(N)=N1,"4,50"
10 857,CC(C)C(CC(O)C(CC1CCCCC1)NC(=O)C(CCCC)NC(CC1=CC=CC=C1)C(=O)N1CCC(CC1)OCOC)C(=O)NCCN1(=O)CCOCC1,"4,07"
10 858,CC(C)C(CC(O)C(CC1CCCCC1)NC(=O)C(CCCC)OC(CC1=CC=CC=C1)C(=O)N1CCC(CC1)OCOC)C(=O)NCCNC1=NNC(N)=N1,"4,00"
10 859,OCCCCN1C=NC2C(=O)N=C(NC3C=CC=CC=3)NC1=2,"1,26"
10 860,FC1C=CC=C(F)C=1C1N=NC(=NN=1)C1=CC=CC=C1Cl,"3,30"
10 861,ClC1=C(C=C(Cl)C=C1Cl)OC1C=CC=CC=1,"5,62"
10 862,ClC1C=CC(Cl)=C(OC2C=CC=CC=2)C=1Cl,"5,35"
10 863,ClC1C=C(Cl)C(Cl)=CC=1OC1=CC=CC=C1Cl,"5,97"
10 864,ClC1C=C(C=CC=1Cl)OC1=CC=CC(Cl)=C1Cl,"5,99"
10 865,ClC1C=C(Cl)C=C(OC2C=C(Cl)C(Cl)=CC=2Cl)C=1Cl,"6,71"
10 866,CC1NS(=O)(=O)C2N=CC=CC=2N=1,"-0,91"
10 867,CC1NS(=O)(=O)C2=CN=CC=C2N=1,"-0,41"
10 868,CC1C=CC2N=C(NC=2C=1)C1C=CC(=CC=1OC)OC,"3,78"
10 869,CC1=CC(C)=C(C=C1)C1NC2C=C(C=CC=2N=1)[N+]([O-])=O,"4,10"
10 870,CC12CCC3C(C)C(CC4C(C)C(OCC)OC(O1)C34OO2)OC1OC(C(O)C(O)C1O)C(O)=O,"0,61"
10 871,CC12CCC3C(COC4OC(C(O)C(O)C4O)C(O)=O)CCC4C(C)C(OCC)OC(O1)C43OO2,"1,05"
10 872,CC12CC(OC3OC(C(O)C(O)C3O)C(O)=O)C3C(C)CCC4C(C)C(OCC)OC(O1)C43OO2,"1,73"
10 873,CCCCC1=CSSC1=S,"3,70"
10 874,CCCCCC1=CSSC1=S,"4,06"
10 875,CC1C(=S)SSC=1CCC,"3,42"
10 876,CCCC1=CSSC1=O,"2,38"
10 877,CCC1=CC(=O)SS1,"1,69"
10 878,CCCC1=CC(=O)SS1,"2,24"
10 879,CCC1C(=O)SSC=1CC,"2,78"
10 880,CC1SSC(=O)C=1CCC,"2,96"
10 881,CCC1SSC(=O)C=1C1C=CC=CC=1,"3,15"
10 882,CN/C(/NCC1COCC1)=N/[N+]([O-])=O,"-0,64"
10 883,CC1(C2CC(Cl)(Cl)C1(CC2(Cl)Cl)C(Cl)Cl)C(Cl)Cl,"5,90"
10 884,ClCC1(C2C(Cl)CC1(C(Cl)C2Cl)C(Cl)Cl)C(Cl)Cl,"5,19"
10 885,ClC1(Cl)CC2(C(Cl)CC1C2(CCl)C(Cl)Cl)C(Cl)Cl,"5,75"
10 886,ClC1(Cl)CC2C(C1CC2(Cl)Cl)(C(Cl)Cl)C(Cl)Cl,"5,79"
10 887,CC1=CC=CC=C1OCC1CNC(=N)O1,"1,69"
10 888,N=C1NCC(COC2=CC=CC=C2Cl)O1,"1,77"
10 889,N=C1NCC(COC2=CC=C(C=C2)[N+]([O-])=O)O1,"1,17"
10 890,N=C1NCC(COC2=CC(=CC=C2)[N+]([O-])=O)O1,"1,23"
10 891,CCOC1=CC=CC=C1OCC1CNC(=N)O1,"1,24"
10 892,COC1=CC=CC=C1OCC1CNC(=N)O1,"0,85"
10 893,CC12CCC3C(C)CCC4CC(=O)N(CC(C)C)C(O1)C43OO2,"3,66"
10 894,CC12CCC3C(C)CCC4CC(=O)N(CCCCC)C(O1)C43OO2,"4,24"
10 895,CC12CCC3C(C)CCC4CC(=O)N(CCC(C)C)C(O1)C43OO2,"4,16"
10 896,CC12CCC3C(C)CCC4CC(=O)N(CC5C=CC(Cl)=CC=5)C(O1)C43OO2,"4,32"
10 897,CC12CCC3C(C)CCC4CC(=O)N(CCCC5C=CC=CC=5)C(O1)C43OO2,"4,39"
10 898,COC(=O)N(C1C=CC(=CC=1)OC(F)(F)F)C(=O)N1COC2(CC3C=C(Cl)C=CC=3C2=N1)C(=O)OC,"4,65"
10 899,CCCNC(=O)C1=CC=CS1,"1,68"
10 900,CCC/N=C(\\O)/C1=CSC=C1,"1,65"
10 901,CCCOC(=O)C1=CSC=C1,"3,03"
10 902,CC1C(CNC2C=CC(Cl)=CC=2)=CN=C2NC(=N)NC(=N)C2=1,"2,03"
10 903,CC1=CC(NCC2=CN=C3NC(=N)NC(=N)C3=C2C)=C(C)C=C1,"2,29"
10 904,CC1=CC=C2C(=N1)N(CC)C=C(C(=O)NC(C(C)CC)C(=O)OC)C2=O,"3,15"
10 905,CC1=CC=C2C(=N1)N(CC)C=C(C(=O)NCC(=O)OCC)C2=O,"2,07"
10 906,CC1=CC=C2C(=N1)N(CC)C=C(C(=O)NC(C(C)C)C(=O)OC)C2=O,"3,61"
10 907,CON(C(=O)OC)C1C=CC=CC=1COC1C=CN(N=1)C1C=CC(Cl)=CC=1,"3,99"
10 908,CC1C(CNC2C=CC=CC=2)=CN=C2NC(=N)NC(=N)C2=1,"2,02"
10 909,CC1=CC(=CC(C)=C1)NCC1=CN=C2NC(=N)NC(=N)C2=C1C,"2,11"
10 910,CC1C(CNC2=CC=C(C=C2)C(C)=O)=CN=C2NC(=N)NC(=N)C=12,"1,45"
10 911,CC1C(CNC2C=C(C=CC=2)C(C)=O)=CN=C2NC(=N)NC(=N)C=12,"1,46"
10 912,CC1=CC=CC=C1NCC1=CN=C2NC(=N)NC(=N)C2=C1C,"1,98"
10 913,O=C(C1=CNC2=CC=CC=C12)C(=O)NCC1=CC=C(F)C=C1,"2,88"
10 914,CC#CCOC(C)C1=CC(OC)=C(C=C1)OC,"2,40"
10 915,O=C1N=C(CN1C1C=CC(Cl)=CC=1)N1CCOCC1,"1,50"
10 916,O=C(NC1C=CC=CC=1C1C=CC(Cl)=CC=1)C1C=CC=NC=1Cl,"2,96"
10 917,COC1C=C2C(NC3C=C(I)C=CC=3)=NC=NC2=CC=1OC,"3,65"
10 918,O=C(C=CC1=CC=CC=C1Cl)C(F)(F)F,"3,50"
10 919,O=C(C=CC1C=CC=C(Cl)C=1)C(F)(F)F,"3,58"
10 920,O=C(C=CC1C=CC(Cl)=CC=1)C(F)(F)F,"3,63"
10 921,COC1=CC=CC=C1C=CC(=O)C(F)(F)F,"3,39"
10 922,COC1C=C(C=CC=1)C=CC(=O)C(F)(F)F,"3,05"
10 923,[O-][N+](=O)C1C=CC=C(C=CC(=O)C(F)(F)F)C=1,"2,66"
10 924,CN/C(/NCC1=CN=C(Cl)S1)=N\\[N+]([O-])=O,"0,70"
10 925,CC1C=CC(=CC=1)C(=O)N(N=CC)C1C=CC=CC=1,"3,60"
10 926,CC=NN(C(=O)C1C=CC(=CC=1)OC)C1C=CC=CC=1,"3,18"
10 927,CC=NN(C1C=CC=CC=1)C(=O)C1C=CC(=CC=1)[N+]([O-])=O,"3,08"
10 928,CC1C=CC(=CC=1)C(=O)N(N/C(/S)=N/C1C=CC=CC=1)C1C=CC=CC=1,"4,08"
10 929,COC1C=CC(=CC=1)C(=O)N(N/C(/S)=N/C1C=CC=CC=1)C1C=CC=CC=1,"3,94"
10 930,[O-][N+](=O)C1C=CC(=CC=1)C(=O)N(N/C(/S)=N/C1C=CC=CC=1)C1C=CC=CC=1,"3,87"
10 931,CC1C=CC(=CC=1)C(=O)N(C)N/C(/S)=N/C1C=CC=CC=1,"3,01"
10 932,COC1C=CC(=CC=1)C(=O)N(C)N/C(/S)=N/C1C=CC=CC=1,"2,56"
10 933,CN(N/C(/S)=N/C1C=CC=CC=1)C(=O)C1C=CC(=CC=1)[N+]([O-])=O,"2,68"
10 934,CC1C(CNC2=CC=CC=C2OCC)=CN=C2NC(=N)NC(=N)C=12,"2,07"
10 935,CCOC(=O)C(=CC1=CC=CC=C1Cl)N=CO,"2,41"
10 936,CCOC(=O)C(CC1C=COC=1)=NC=O,"2,08"
10 937,CC1N=CNC=1[N+]([O-])=O,"0,23"
10 938,O/C(=N\\C1=CC(Cl)=C(Cl)C=C1)/C(F)F,"3,18"
10 939,C/N=C(\\O)/OC1=CC=CC(Cl)=C1Cl,"2,48"
10 940,[O-][N+](=O)C1=CC(=C(ONCC(F)(F)F)C(=C1)[N+]([O-])=O)[N+]([O-])=O,"1,39"
10 941,OC(=O)C=COC1=CC=CC=C1Cl,"2,69"
10 942,C(SC1N=CNN=1)C1C=CC=CC=1,"1,45"
10 943,C(SC1=CN=NN1)C1C=CC=CC=1,"2,65"
10 944,CCC(C=C)OC(=N)O,"1,09"
10 945,CSC1C=CC(CN=NC(=N)NO)=CC=1,"0,32"
10 946,CSC1C=CC(CN=NC(=N)NN)=CC=1,"1,35"
10 947,FC(F)(F)CN(CC(F)(F)F)C1C=CC(Br)=CC=1,"4,70"
10 948,COC(=O)C=COC1=CC=CC=C1Cl,"3,02"
10 949,C/C(/O)=N/C1=CC2N=CC=NC=2C=C1,"1,00"
10 950,[O-][N+](=O)C1C=CC(=CC=1)OCCN1C=CN=N1,"1,19"
10 951,OC1=NC=NC2=C1N=CN2C(C=O)OC(CO)C=O,"-2,11"
10 952,CCCN/C(/NC#N)=N\\C,"0,42"
10 953,CC1NCCN1CCO,"-1,93"
10 954,CC/N=C(\\O)/CC1CCCCC1,"2,28"
10 955,N#CC1=CC=C(C[Se]CCC(O)=O)C=C1,"1,37"
10 956,CC(=O)OC1C=CC=C(OC(C)=O)C=1C(=N)O,"-0,62"
10 957,COC1C=C(C=CC=1C1NC=CN=1)OC,"1,72"
10 958,CNC(=O)OC1OC(=O)C2C3CC(C=C3)C12,"0,63"
10 959,CC(O)=NN=CCCC1C=CC=CC=1,"1,80"
10 960,C/C(/O)=N/N=C(\\O)/C1=CC=CC=C1N(C)C,"1,49"
10 961,CN(C)N=CCCC1C=CC=CC=1,"2,05"
10 962,CC1=CC=CC=C1OCCN(C)C,"2,23"
10 963,COC1=CC(=CC=C1)OCCN(C)C,"1,69"
10 964,CC(=O)OC1CC(CCC1)/N=C(\\O)/N(CCF)N=O,"1,33"
10 965,COCCN(N=NC1NC=NC=1C(N)=O)C(C)(C)C,"1,14"
10 966,O=N(=NS(=O)(=O)C1C=CC=CC=1)C1C=CC=CC=1,"2,87"
10 967,CC1=NON=C1C1=CC=CC=C1[N+]([O-])=O,"2,21"
10 968,COC1=CC=CC(OC)=C1OCCN(C)C,"1,05"
10 969,CC1C(=O)C2C=CC(=CC=2OC=1C)OCC#N,"1,96"
10 970,NS(=O)(=O)NS(=O)(=O)NC1C=CC=CC=1,"0,02"
10 971,CC(O)COC1C=CC=C2OC(=CC(=O)C=12)C(O)=O,"1,32"
10 972,C/C(/O)=N/C1=CC2C(=O)C(C)=C(C)OC=2C=C1,"1,79"
10 973,O=C(COC(=O)C1C=CC=CC=1)N1CCCC1,"1,44"
10 974,COC1=CC=CC(CC2C=NC(=N)NC2=N)=C1OC,"1,62"
10 975,NC(=O)C1N=CNC=1N=NN(CCO)CC1C=CC=CC=1,"0,99"
10 976,[O-][N+](=O)C1=NC=CN1CC(=O)N(CO)CO,"-1,59"
10 977,COC1C=C(C=NO)C=CC=1OCCOC(=O)CC,"1,52"
10 978,CCNC1C=CC(=CC=1)C(=O)OCCN(C)C,"2,62"
10 979,C/C(/O)=N/C(C)/C(/O)=N/C(CC(O)=O)/C(/O)=N/C(C)(C)C,"-0,74"
10 980,C1NC2=CC=CC=C2CC2=CC=CC=C21,"2,90"
10 981,CC(=O)OCCOC1C=CC(=CN=1)C1C=CN=CC=1,"1,92"
10 982,CC(=O)OCCN=C1C=CC(C=N1)C1C=CN=CC=1,"2,00"
10 983,CCCN(CC(F)(F)F)CC,"2,38"
10 984,CCCCOC1C=CN=C(C=CC2=CC(O2)[N+]([O-])=O)N=1,"2,04"
10 985,CC1=CC(=CC(C)=C1)NS(=O)(=O)C1C=CC(N)=CC=1,"2,52"
10 986,CC(C)C1=NN=C(SCC(=O)C2C=CC=CC=2)N(N)C1=O,"2,07"
10 987,CC(C)(C)CC(N)C(O)=O,"-1,42"
10 988,CC1C=CC(=CC=1)C=CC(=O)CC(=O)OCC,"2,63"
10 989,CC1=CC=CC=C1C=CC(=O)CC(=O)OCC,"2,66"
10 990,CC1C=CC=C(C=1)C=CC(=O)CC(=O)OCC,"2,80"
10 991,CCCCCCC1OC(=O)C2C=C(N)C=CC=21,"3,65"
10 992,CN(C)S(=O)(=O)C1C=CC(=CC=1)N(C)C(=O)CCC(=O)OC,"0,43"
10 993,CCOC(=O)CNCCCCCSC1C2N=CNC=2N=CN=1=O,"0,87"
10 994,C/C(/O)=N/C(C)/C(/O)=N/C(CCC(O)=O)/C(/O)=N/C(C)(C)C,"-0,67"
10 995,COC1C=C(C=CC=1C1NC2=CC=CC=C2N=1)OC,"2,59"
10 996,CC(=O)OCCCOC1C=CC(=CN=1)C1C=CN=CC=1,"2,48"
10 997,CC1=NC(C=CC1C1C=CN=CC=1)=NCCOC(C)=O,"2,59"
10 998,CCC(=O)OCCN=C1C=CC(C=N1)C1C=CN=CC=1,"2,47"
10 999,CSC1N=C2NC(=NC(Cl)=C2N=1)SC,"0,63"
11 000,CC(=O)N(C1C=C(CC)C=CC=1)C1C=CC=CC=1,"3,47"
11 001,CCC(=NC1C=CC(=CC=1)[N+]([O-])=O)C(C#N)C(=O)OCCOCC,"2,60"
11 002,N=C(O)COCC1=CC=CO1,"-0,11"
11 003,COC1=CC2OCC(/N=C(\\O)/CN3CCCC3)C=2C=C1,"1,92"
11 004,CCCCCCN(C)C(=O)COC(=O)C1C=CC=CC=1,"2,99"
11 005,CCCCC1OC(=O)C2C=C(C=CC=21)N(CCO)CCO,"1,34"
11 006,CCC(C=CCl)(C#C)OC(N)=O,"1,71"
11 007,CCCCCCCCNC(=N)N=NC(O)NC1C=CC(Cl)=CC=1,"4,35"
11 008,COC1C=C(C=NO)C=CC=1OCCOC(=O)C1C=CC=CC=1,"2,94"
11 009,CC(C)NCC(O)COCCCC(C)C1C=CC=CC=1,"2,95"
11 010,CCC1=CC(=CC=C1)C1C(=O)C2=CC=CC=C2C1=O,"3,92"
11 011,CC(=O)OCN1C=C2C(=N1)N=CN(COC(C)=O)C2=O,"-0,20"
11 012,CS(=O)(=O)N=NCC1C=CC=CC=1,"1,20"
11 013,[O-][N+](=O)C1=CC(=C(O)C(=C1)[N+]([O-])=O)[N+]([O-])=O,"1,03"
11 014,CN(C)OC1C(=CC(=CC=1[N+]([O-])=O)[N+]([O-])=O)[N+]([O-])=O,"0,76"
11 015,NNC(=O)N=NCC1C=CC=CC=1,"0,81"
11 016,CN(CC(F)(F)F)OC1C(=CC(=CC=1[N+]([O-])=O)[N+]([O-])=O)[N+]([O-])=O,"1,37"
11 017,CC(C)NOC1C(=CC(=CC=1[N+]([O-])=O)[N+]([O-])=O)[N+]([O-])=O,"1,37"
11 018,CN(C)C(=O)CC1=CC=CS1,"0,65"
11 019,CN(C)C(=O)CC1C=CSC=1,"0,65"
11 020,CN(C)C(=O)CC1=CC=CO1,"0,01"
11 021,CCC(C=C)(C#C)OC(=N)O,"1,09"
11 022,CS(=O)(=O)N(C1C=CC=CC=1)S(C)(=O)=O,"0,62"
11 023,CCC1(CC)SCC(=O)NC1=O,"1,52"
11 024,CN(C)CCC1=CSC=C1,"1,94"
11 025,CCN(CC)C1CC(N)=N(=O)C(=N)N=1,"1,16"
11 026,COC(CC)(CC)/C(/O)=N/C(=N)O,"0,96"
11 027,CCCCSC(C)(C)C(N)=O,"1,81"
11 028,OC(=O)COC1C=C(F)C=C(Cl)C=1,"2,20"
11 029,OC(=O)COC1C=C(I)C=C(F)C=1,"2,42"
11 030,CN1N=CC2C1=CC(=CC=2[N+]([O-])=O)[N+]([O-])=O,"1,63"
11 031,OC(=O)CC1=CC=C(C=C1)S(=O)(=O)F,"1,86"
11 032,OC(=O)COC1=CC(=CC=C1)S(F)(F)(F)(F)F,"2,78"
11 033,CC1=NON=C1C1=CC=CC=N1,"2,09"
11 034,C1NN=C(N=1)SC1C=CC=CC=1,"1,45"
11 035,C1N=NNC=1SC1C=CC=CC=1,"2,65"
11 036,NC1C=C(C=CC=1Cl)OCC(O)=O,"1,16"
11 037,NNC1=NC=NC2=CC=CC=C21,"1,67"
11 038,CN1N=NN=C1SC1C=CC=CC=1,"1,63"
11 039,CS(=O)(=O)C1C=C(CC(O)=O)C=CC=1,"0,06"
11 040,CS(=O)(=O)C1C=C(C=CC=1)OCC(O)=O,"0,01"
11 041,C/N=C(\\O)/OC1=CC=CC=C1SC,"1,51"
11 042,CC(=O)N(C1C=CC=CC=1)S(C)(=O)=O,"0,29"
11 043,C/N=C(\\O)/OC1C=CC(=CC=1)S(C)(=O)=O,"0,34"
11 044,CN(C)C(=O)CCC1=CC=CO1,"0,62"
11 045,CN(CCO)N=NC1C=CC=CC=1,"1,71"
11 046,COP(=O)(NC)OC1C=CC(=CC=1)SC,"1,81"
11 047,CCC/C(/O)=N/C(=O)/N=C(\\O)/CCC,"1,40"
11 048,CN(N=NC1NC=NC=1C(N)=O)C(C)(C)C,"0,94"
11 049,CC(C)N(C)C(C)(C)C#C,"2,29"
11 050,N#CC1=CC(=CC=C1Cl)OCC(O)=O,"1,56"
11 051,C/C(/O)=N/C1C=C(C=CC=1Cl)C(F)(F)F,"2,24"
11 052,OC(=O)C1C=C(C=CC=1Cl)OCC(O)=O,"1,07"
11 053,CC(=O)OC1C=C(C=CC=1)C(F)(F)F,"2,63"
11 054,OC(=O)COC1=CC(=CC=C1)SC(F)(F)F,"2,86"
11 055,OC(=O)COC1C=CC=C(C=1)OC(F)(F)F,"2,48"
11 056,OC(=O)COC1=CC(=CC=C1)S(=O)(=O)C(F)(F)F,"2,19"
11 057,CC1C=CC=C2C=1N=CC=N2=O,"1,20"
11 058,N=C(O)NC1OC(=O)C2=CC=CC=C21,"0,49"
11 059,N=C(O)NC1C=NC2=CC=CC=C2N=1,"1,30"
11 060,CC(=O)C1=CC(=CC=C1)C(O)=O,"1,56"
11 061,FC(F)(F)CCC1C=CC=CC=1,"3,31"
11 062,OC1=NNC(CSC2C=CC=CC=2)=N1,"1,46"
11 063,O=S(=O)(NC1C=NNC=1)C1C=CC=CC=1,"0,87"
11 064,C/C(/O)=N/C1C=CC(=CC=1)OC(=O)CBr,"1,08"
11 065,C/C(/O)=N/C1C=C(C=CC=1Cl)OCC(O)=O,"0,75"
11 066,COC(=O)C1=CC(=CC=C1)O/C(/O)=N/C,"1,42"
11 067,CC1NN=C(N=1)SCC1C=CC=CC=1,"1,68"
11 068,CC1=CC(O/C(/O)=N/C)=C(C)C=C1Cl,"2,95"
11 069,CC(=O)OC1C=CC(=CC=1)OCC,"1,95"
11 070,CCOC(=O)CCCN1C(=O)C=CC1=O,"0,67"
11 071,CS(=O)(=O)CCCOC1C=CC(=CC=1)[N+]([O-])=O,"0,93"
11 072,CC(=O)N(C)N=NC1C=CC(=CC=1)OC,"2,61"
11 073,CCC1C=C(C=CC=1[N+]([O-])=O)OP(=O)(OC)OC,"2,19"
11 074,CN=NCCCC1C=CC=CC=1,"1,00"
11 075,CN=CCC(C)C1=CC=CC=N1,"1,13"
11 076,CC1CC(=O)N2C=CCCC2(C)N=1,"0,69"
11 077,O/C(/NC1C=CC=CC=1)=N\\CC(O)CO,"0,28"
11 078,CC(O)=NC1=CC(=CC=C1)N=NN(C)C,"1,61"
11 079,CCCC(CO)N1C=NC2=C(N)N=CN=C12,"0,66"
11 080,COCCN(CCOC)N=NC1NC=NC=1C(N)=O,"0,03"
11 081,C/C(/O)=N/C1=CC(=CC(=C1Br)C(F)(F)F)C(F)(F)F,"3,51"
11 082,[O-][N+](=O)C1=CC=C(C=CC2=NC(Cl)=CC=N2)O1,"1,31"
11 083,O=C1CCC(=O)N1C1=CC=CC=C1Br,"0,65"
11 084,[O-][N+](=O)C1C=CC(=CC=1)C(O)C/N=C(\\O)/C(F)(F)F,"1,46"
11 085,CC1C=C(Cl)C=CC=1N=NC(C#N)C(=O)OC,"4,30"
11 086,[O-][N+](=O)C1C=C(C=CC=1)C(O)C(CO)NC(=O)C(Cl)Cl,"1,15"
11 087,O/C(=N/C(CO)C(O)C1=CC=C(Cl)C=C1)/C(Cl)Cl,"1,64"
11 088,NC1C=CC(=CC=1)C(O)C(CO)/N=C(/O)\\C(Cl)Cl,"-0,29"
11 089,CC1C=CC(/N=C(\\O)/CCC)=C(O)C=1,"2,26"
11 090,CCCOP(=O)(CC)OC1=CC=C(C=C1)[N+]([O-])=O,"2,20"
11 091,CN(C)C/C(/O)=N/CC1C=CC=CC=1,"1,11"
11 092,COC1=CC=CC=C1/C(/O)=N/CCCN,"0,20"
11 093,CC1=CC(O)=C(C=C1)NC(=O)C1=CC=CO1,"2,84"
11 094,CCC1C=NC(C=CC2=CC=C(O2)[N+]([O-])=O)=NC=1,"1,55"
11 095,CCCCC1OC(=O)C2C=C(Cl)C=CC=21,"3,53"
11 096,CCCCC1=CC2NC(=NC=2C=C1)C(F)(F)F,"4,27"
11 097,CCC1=CC=CC=C1N1C(=O)CCC1=O,"0,64"
11 098,CCCCC1OC(=O)C2C=C(C=CC=21)[N+]([O-])=O,"2,92"
11 099,[O-][N+](=O)C1C=CC(=CC=1)OCCN1CCCC1=O,"1,33"
11 100,CS(=O)(=O)OC1=CC=CC=C1CC1C=NC(=N)NC1=N,"0,71"
11 101,CC1(C)N=C(N)N=C(N)N1C1C=C(C=CC=1)C#N,"-0,24"
11 102,CCCCC1OC(=O)C2C=C(N)C=CC=21,"2,86"
11 103,CN(C)C1=CC2C(=O)OC(C)(C)C=2C=C1,"2,42"
11 104,C/C(/O)=N/C1C(C)=C(C)C(O)=C(C)C=1C,"0,95"
11 105,CC(=O)OCCN(CC)C1C=CC=CC=1,"2,04"
11 106,CCCCSC1=CC=CC=C1O/C(/O)=N/C,"2,98"
11 107,CCCCCC1(CC)C(O)=NC(=O)N(C)C1=O,"2,45"
11 108,CCC(=O)CN1C=CN=C1C=CC1OC=CC=1[N+]([O-])=O,"1,27"
11 109,COC1=CC(CC2=CN=C(N)N=C2N)=CC2OCOC=21,"1,38"
11 110,CC(CC)N=C(O)C=CC1C=CC(Cl)=CC=1,"3,37"
11 111,OC(=O)COC1C=CC(=CC=1)C1CCCC1,"3,41"
11 112,CC1CN(CC(C)N1N=O)C(=O)C1C=CC=CC=1,"1,04"
11 113,CC(=O)C1C=CC(=CC=1)N1C(N)=NC(N)=NC1(C)C,"-0,04"
11 114,CN1CCN(CC1)C(=O)C1=CC=CC=C1OC,"0,29"
11 115,CC1=CC(=CC=C1C(C)(C)C)O/C(/O)=N/C,"3,38"
11 116,NC1=CC(O)=C(C=C1)C(=O)OC1C=CC(Cl)=CC=1Cl,"4,27"
11 117,CC(=O)OC1C=CC(=CC=1)N=C1C=CC(=O)C=C1,"1,43"
11 118,OC(=O)COC1C=CC(=CC=1)N=NC1C=CC=CC=1,"2,99"
11 119,OC1C(=CC=CC=1CSC1C=CC=CC=1)C(O)=O,"4,28"
11 120,CN(C)C1C=CC(=CC=1)N=C1C=CC(=O)C=C1,"2,02"
11 121,CC(=O)C(=CC1C=CC2OCOC=2C=1)C(=O)OCC,"2,35"
11 122,CCOC(=O)C(=CC1=CC(F)=CC=C1)C(=O)OCC,"3,19"
11 123,O=C1OC(C2CCCCC2)C2=CC=CC=C21,"3,34"
11 124,CC(=O)C(=CC1C=CC(C)=CC=1)C(=O)OCC,"2,63"
11 125,CC(=O)C(=CC1=CC=CC=C1C)C(=O)OCC,"2,66"
11 126,CC(=O)C(=CC1C=C(C)C=CC=1)C(=O)OCC,"2,80"
11 127,C/C(/O)=N/C1=CC2C(=O)OC(CCCC)C=2C=C1,"2,77"
11 128,CC(=CC(O)=NC(C)CC)C1=CC=C(Cl)C=C1,"3,92"
11 129,CC(C)C1C=CC(=CC=1)C(O)C(CO)/N=C(/O)\\C(Cl)Cl,"2,24"
11 130,CCCNC1C=CC(=CC=1)C(=O)OCCN(C)C,"3,15"
11 131,O/C(=N\\CC(=O)OC1C=C(Cl)C=CC=1)/C1C=CC=CC=1,"3,21"
11 132,O/C(=N\\CC(=O)OC1C=C(F)C=CC=1)/C1C=CC=CC=1,"2,58"
11 133,OC(=O)C1C2=CC=CC=C2CC2=CC=CC=C21,"2,78"
11 134,NC1=CC(=CC=C1)OC(=O)C/N=C(\\O)/C1C=CC=CC=1,"1,30"
11 135,NS(=O)(=O)C1C=C(C=CC=1)OC(=O)C/N=C(\\O)/C1C=CC=CC=1,"0,84"
11 136,COC1C=CC(CC2=CC=CC=C2C(=N)O)=CC=1,"1,63"
11 137,COC1C=C(CC(O)=O)C=CC=1OCCCC(C)C,"3,30"
11 138,O/C(=N\\CC(=O)OC1C=C(C=CC=1)C(F)(F)F)/C1C=CC=CC=1,"3,30"
11 139,[O-][N+](=O)C1C=CC(=CC=1)C(O)C(CO)/N=C(/O)\\C1C=CC=CC=1,"1,63"
11 140,CCCCCNC1C=CC(=CC=1)C(=O)OCCN(C)C,"4,14"
11 141,S=C=NC(C1=CC=CC2=CC=CC=C21)C1C=CC=CC=1,"6,44"
11 142,NC1=CC=CC=C1C(C1C=CC(O)=CC=1)C1C=CC(O)=CC=1,"3,16"
11 143,CCC(C)N=C(O)C(=CC1C=CC=CC=1)C1C=CC=CC=1,"4,05"
11 144,[O-][N+](=O)C1C=CC(=CC=1OC1=COC=C1)OC1=CC=C(C=C1Cl)C(F)(F)F,"4,33"
11 145,CC1C(=O)C2=C(C(COC(=N)O)C3(OC)C4C(CN32)N4C(=O)CC2C=CC=CC=2)C(=O)C=1N,"1,15"
11 146,CC1C(=O)C2=C(C(COC(N)=O)C3(OC)C4C(CN32)N4COC(=O)C2C=CC=CC=2)C(=O)C=1N,"1,26"
11 147,CN(SN(CCCCCC)C(=O)C1C=CC=CC=1)C(=O)ON=C(C)SC,"4,20"
11 148,CCOC1C=C(CC2C=NC(=N)NC2=N)C=C(OCC)C=1CC=C,"3,08"
11 149,O=C1C(=C(C(=O)C(=C1N1CCOCC1)N1CC1)N1CCOCC1)N1CC1,"0,52"
11 150,OCC(O)CN1C(=O)CN=C(C2=CC=CC=C2F)C2C=C(I)C=CC1=2,"1,81"
11 151,CC1(C)SC2C(/N=C(\\O)/C(Cl)C3C=CC=CC=3)C(=O)N2C1C(O)=O,"2,30"
11 152,CC(=O)C(=CC1C=CC=C(OC)C=1OC)C(=O)OCC,"2,21"
11 153,O=S(=O)(NC1C=CC=CC=1)C1=CC=CC2C=CC=NC=21,"1,75"
11 154,O=C(N=NCC1C=CC=CC=1)C1C=CC=CC=1,"2,56"
11 155,OC(=O)CCN1CCCCC1,"-2,45"
11 156,ClC1C=CC(=CC=1)C1OC1C1C=CC=CC=1,"4,54"
11 157,NN(CCC#N)C1=NC2=CC=CC=C2O1,"0,90"
11 158,CC1=CC2N=C(OC=2C=C1)N(N)CCC#N,"1,48"
11 159,COC1=CC2N=C(OC=2C=C1)N(N)CCC#N,"0,98"
11 160,CC(C)(C)C1=CC2N=C(OC=2C=C1)N(N)CCC#N,"2,82"
11 161,CSC1=CC2N=C(OC=2C=C1)N(N)CCC#N,"1,50"
11 162,NN(CCC#N)C1=NC2C=C(C=CC=2O1)C(F)(F)F,"1,72"
11 163,NN(CCC#N)C1=NC2C=C(Cl)C=CC=2O1,"1,72"
11 164,C=CC1=CC=C(O1)[N+]([O-])=O,"1,61"
11 165,COC(=O)C(=CC1=CC=C(I)O1)[N+]([O-])=O,"3,00"
11 166,COC(=O)C(=CC1=CC=C(O1)C(=O)OC)[N+]([O-])=O,"1,87"
11 167,NC1N=CN=C2C=1N=CN2C1OC2COP(=O)(OC2C1O)OCC1C=CC=CC=1,"1,15"
11 168,CCC(O)CCC(F)(F)F,"1,70"
11 169,CCCCC(=O)OC1C=CC(CC(N)C(O)=O)=CC=1,"0,07"
11 170,CCOC1(CN(C)CC(C)O1)C1C=CC=CC=1,"2,23"
11 171,CS(=O)C1SC=CC=1[N+]([O-])=O,"1,69"
11 172,CCS(=O)C1SC=CC=1[N+]([O-])=O,"2,06"
11 173,CCCS(=O)C1SC=CC=1[N+]([O-])=O,"2,52"
11 174,CC(C)CS(=O)C1SC=CC=1[N+]([O-])=O,"2,93"
11 175,CC1=CSC(=C1[N+]([O-])=O)S(C)=O,"2,19"
11 176,CC1C(=C(SC=1C)S(C)=O)[N+]([O-])=O,"2,65"
11 177,CS(=O)C1SC=C(C=1[N+]([O-])=O)C1C=CC=CC=1,"3,20"
11 178,CS(=O)C1SC(=CC=1C#N)C#N,"1,31"
11 179,CCS(=O)C1SC(=CC=1C#N)C#N,"1,78"
11 180,CCCS(=O)C1SC(=CC=1C#N)C#N,"2,18"
11 181,CCCCS(=O)C1SC(=CC=1C#N)C#N,"2,64"
11 182,CS(=O)C1SC(C#N)=C(Cl)C=1C#N,"2,15"
11 183,CCCS(=O)C1SC(C#N)=C(Cl)C=1C#N,"2,95"
11 184,CCCCS(=O)C1SC(C#N)=C(Cl)C=1C#N,"3,44"
11 185,CC(=O)C1SC(=C(C=1C)[N+]([O-])=O)S(=O)CC,"2,81"
11 186,CC(=O)C1SC(=C(C#N)C=1Cl)S(=O)CC,"2,64"
11 187,CC(=O)C1=C(SC(C#N)=C1C)S(=O)CC,"2,22"
11 188,CC(=O)C1SC(=C(C2C=CC=CC=2)C=1C)S(C)=O,"3,26"
11 189,CC(=O)C1SC(=C(C#N)C=1N)S(=O)CC,"1,82"
11 190,CC(=O)C1SC(=C(C#N)C=1C1C=CC(Cl)=CC=1)S(C)=O,"3,31"
11 191,CCOC(=O)C1=CC(C#N)=C(S1)S(C)=O,"2,27"
11 192,CC(=O)C1SC(=C(C2C=CC(Cl)=CC=2)C=1C)S(C)=O,"3,82"
11 193,COC1C(C#N)=C(SC=1C#N)S(C)=O,"2,02"
11 194,CC1C(C2=CC=CC=C2)=C(SC=1C#N)S(C)=O,"3,36"
11 195,CC1C(=C(SC=1C#N)S(C)=O)C1=CC=C(Cl)C=C1,"3,80"
11 196,CC(=O)C1SC(=C(C=1N)C1C=CC(Cl)=CC=1)S(C)=O,"3,18"
11 197,CS(=O)C1=CC=C(S1)[N+]([O-])=O,"1,40"
11 198,CS(=O)C1SC=CC=1C#N,"0,96"
11 199,CS(=O)C1=CSC=C1,"0,91"
11 200,CS(=O)C1=CC=CS1,"0,91"
11 201,CS(=O)C1SC=CC=1Br,"1,71"
11 202,CC(=O)C1=CC=C(S1)S(=O)CC,"1,31"
11 203,CCS(=O)C1SC(C#N)=C(OC)C=1C#N,"2,35"
11 204,CCS(=O)C1SC(Cl)=CC=1C#N,"2,31"
11 205,CC(=O)C1SC(=C(C#N)C=1C)S(=O)CC,"2,22"
11 206,CCS(=O)C1C=CC(=CC=1[N+]([O-])=O)C(=O)CC,"2,80"
11 207,CCS(=O)C1C=CC(=CC=1[N+]([O-])=O)C(=O)CCCCC,"4,36"
11 208,CCS(=O)C1C=CC(=CC=1[N+]([O-])=O)C(=O)C1C=CC=CC=1,"3,82"
11 209,CCS(=O)C1C=CC(=CC=1C#N)[N+]([O-])=O,"2,15"
11 210,CCCCCC1(OCCO1)C1=CC(=C(C=C1)S(=O)CC)[N+]([O-])=O,"5,11"
11 211,CCS(=O)C1C=CC(Cl)=CC=1S(C)(=O)=O,"2,31"
11 212,CCS(=O)C1C(Cl)=CN=CC=1Cl,"2,10"
11 213,CCS(=O)C1C=CC2=CC=CC=C2N=1,"2,43"
11 214,CCS(=O)C1C=CC(=CN=1)[N+]([O-])=O,"1,74"
11 215,CCS(=O)C1N=C(C)C=C(C)C=1C#N,"1,77"
11 216,CCS(=O)C1=NC(C)=C(C(C)=C1C#N)[N+]([O-])=O,"2,44"
11 217,CCS(=O)C1C=NC2=CC=CC=C2N=1,"2,29"
11 218,CS(=O)C1N=C(C=C(N=1)C1C=CC=CC=1)C(F)(F)F,"3,01"
11 219,CC(O)N=NC(O)=NC1C=CC=CC=1,"0,25"
11 220,CC1CCCN(N=O)C1=O,"-0,66"
11 221,CCCCC1C=CC(=CC=1Br)/N=C(\\O)/CN(CC(O)=O)CC(O)=O,"0,10"
11 222,CC(C)C1C=CC(=CC=1Br)/N=C(\\O)/CN(CC(O)=O)CC(O)=O,"-0,08"
11 223,CC1=CC(C=CC1N=NC(=N)S)N=NC(N)=N,"1,66"
11 224,CC1C=C(Cl)C=CC=1OCC(=O)OCCCCCC(C)C,"6,70"
11 225,CSC1C=CC(=CC=1)OP(=S)(OC)OC,"3,74"
11 226,O=C1CCC(=O)N1C1=CC=CC=C1C(F)(F)F,"0,76"
11 227,O=C1CCC(=O)N1C1C=CC(=CC=1)C(F)(F)F,"1,45"
11 228,N#CC1=CC(=CC=C1)N1C(=O)CCC1=O,"0,02"
11 229,CC1=CN=C(CC2C=CC(O)=CC=2)S1,"2,62"
11 230,COC1=CC=CC=C1N1C(=O)CCC1=O,"-0,02"
11 231,COC(=O)C1CC(CCC1)/N=C(\\O)/N(CCCl)N=O,"1,89"
11 232,CCSC(=O)OC1=CC=CC2C=CC=NC=21,"2,74"
11 233,CNC1C=CC(=CC=1)C(=O)OCCN(C)C,"1,95"
11 234,CC1N=CC(CO)=C(COCCCC)C=1O,"1,34"
11 235,NS(=O)(=O)C1=CC2=C(C=C1)NC(CC1=CC=CC=C1)NS2(=O)=O,"1,03"
11 236,CCCCCCC1OC(=O)C2=CC=CC=C21,"3,55"
11 237,CCC1(CC2COC3=CC=CC=C3O2)C(O)=NC(=O)N=C1O,"1,85"
11 238,CC(C)C1=CC(=CC=C1)OC1OC(CO)C(O)C(O)C1O,"0,65"
11 239,OC1C=CC(=CC=1)C(C1=CC=CC=N1)C1C=CC(O)=CC=1,"2,84"
11 240,OC1C=CC(=CC=1)C(C1=CN=CC=C1)C1C=CC(O)=CC=1,"3,13"
11 241,OC1C=CC(=CC=1)C(C1C=CN=CC=1)C1C=CC(O)=CC=1,"3,24"
11 242,COC1=CC=C(CC2C=NC(=N)NC2=N)C=C1NC1C=CC=CC=1,"2,88"
11 243,COC1=CC(CC2C=NC(=N)NC2=N)=CC=C1NC1C=CC=CC=1,"3,42"
11 244,CCCCCOC(=O)C1C=CC=NC=1,"2,55"
11 245,CC1C=CC(=CC=1)C(O)(CN1C=NC=C1)C1C=CC(Br)=CC=1,"3,55"
11 246,COC1C=CC(=CC=1)C(O)(CN1C=NC=C1)C1C=CC(Br)=CC=1,"4,02"
11 247,COC1C=C(C=NO)C=CC=1OCCOC(=O)C1C=CC=CC=1OC,"2,84"
11 248,COC1C=C(C=NO)C=CC=1OCCOC(=O)COC1C=CC=CC=1,"2,10"
11 249,ClC1C=CC(=CC=1)OCC1C=C(CN2CCOCC2)C=CC=1,"3,52"
11 250,CC(C)C(NC1=CC=CC=C1)C(=O)OCC1=CC=CC=C1,"4,41"
11 251,CCN(CC1C=CC(=CC=1)C(=O)NC1C=CC=CC=1)CC,"3,49"
11 252,CC(C)C(=NCC1C=CC(Cl)=CC=1)C(C#N)C(=O)OCCOCC,"4,05"
11 253,CCN(CCO)CC1=CC(COC2C=CC=CC=2)=CC=C1,"3,04"
11 254,CC(C)NCC(COC1=CC=CC=C1OCC=C)OC(=O)CC,"3,76"
11 255,CC(=O)C1=CC2C=CC(=CC=2C=C1)C(C)C(=O)OCC(=O)N(C)C,"2,05"
11 256,CC12CC(OC)C3C(CCC4=CC(O)=CC=C43)C1CC(F)C2O,"2,35"
11 257,O=C(OCCCN=C1C=CC(C=N1)C1C=CN=CC=1)C1C=CC=CC=1,"4,06"
11 258,O/C(/NC1C=CC=CC=1)=N\\CCNCC(O)COC1C=CC(=CC=1)C1NC=CN=1,"1,19"
11 259,CCCCCCN(CCCCCC)C(=O)COC(=O)C1C=CC=CC=1,"6,53"
11 260,CC1=CC(Br)=CC=C1CCCC/N=C1/N=C(O)C(CC2C=NC(C)=CC=2)C=N/1,"3,61"
11 261,CCOC(=O)CON=CC1=CC(OC)=C(C=C1)OCCOC(=O)C1=CC=CC=C1OC,"3,27"
11 262,CC(=O)C(C1C=CC=CC=1)C(=O)ON=C(C)C12CC3CC(C1)CC(C2)C3,"4,64"
11 263,CN(C)CCCCN(CC1C=CC(=CC=1)C(C)(C)C)C1C=CC=CC=1,"5,53"
11 264,CC1=CC(OC)=C(OC)C2=C1CCC(NC1OCC(O)C(O)C1O)C1=CC(=O)C(=CC=C12)SC,"1,40"
11 265,CC(=O)NC1CCC2C(C3=CCC(=NCC4C=CC=CC=4)C(=O)C=C31)=C(OC)C(=CC=2C)OC,"3,58"
11 266,CC1CC2C3CC(F)C4=CC(=O)C(Cl)=CC4(C)C3(F)C(O)CC2(C)C1(OC(=O)CC)C(=O)COC(=O)CC,"4,22"
11 267,CCC(C(COC(=O)C1=CC=CC=C1)CC1=CN=CN1C)C(=O)OCCC1=CC=CC=C1,"4,60"
11 268,CCCN(C)CC(F)(F)F,"2,18"
11 269,NC(=O)CC1=CC=C(C=C1)C(O)=O,"0,30"
11 270,N=C(S)NNCC1C=CC2OCOC=2C=1,"0,14"
11 271,CCOP(O)(=O)CC1=CC=C(Cl)C=C1,"1,60"
11 272,CCOP(O)(=O)CC1=CC=C(F)C=C1,"1,25"
11 273,OC1=NC=C(F)C(=O)N1OC1C=CC=CC=1,"0,80"
11 274,CN(C)C(=O)OCC1=CC(=CC=C1)[N+]([O-])=O,"1,98"
11 275,CCOP(O)(=O)CC1=CC=C(C=C1)S(C)(=O)=O,"-0,40"
11 276,COC1N(C2CC(F)C(CO)O2)C(=O)N=C(O)C1(C)Cl,"0,18"
11 277,CC1N=C(N)SC=1C(=O)CCN1CCCC1,"1,74"
11 278,CC1N=C(N)SC=1C(=O)CCN(CC)CC,"1,76"
11 279,CC1=NC(=NCC)SC1C(=O)CCN(C)C,"2,21"
11 280,CCN1C(O)=NC(CC2C=CC=CC=2)C1=O,"1,61"
11 281,CC1N=C(N)SC=1C(=O)CCN1CCCCC1,"2,13"
11 282,CC1N=C(NC)SC=1C(=O)CCN1CCCC1,"1,86"
11 283,CC1N=C(NC)SC=1C(=O)CCN1CCOCC1,"0,95"
11 284,C/C(/O)=N/C1=CC(=C(O)C=C1C)C(C)(C)C,"2,18"
11 285,CC1N=C(NC)SC=1C(=O)CCN1CCCCC1,"2,21"
11 286,CC1=NC(=NCC)SC1C(=O)CCN(CC)CC,"2,72"
11 287,CC1C(=O)C2C=CC(=CC=2OC=1C(C)C)OC,"3,39"
11 288,CNC12CCCCC1CC(O)C1=CC=CC=C21,"1,84"
11 289,CN(C)CCC(=O)C(C)N1C(=O)C2CC=CCC2C1=O,"0,77"
11 290,CCON=C(CCC)C1C(=O)OC2(CC1=O)CCSCC2,"2,90"
11 291,CC1=NN(C(NC2C=CC=CC=2)=C1[N+]([O-])=O)C1C=CC=CC=1,"2,98"
11 292,CCN(C)C(=O)C1=CC(=CC=C1)OC1C=CC=CC=1,"2,98"
11 293,CC(C)(C)C(COC1C=CC(F)=CC=1)OC(=S)N1C=NC=C1,"4,37"
11 294,CC(C)(C)C(COC1C=CC(I)=CC=1)OC(=O)N1C=NC=C1,"4,30"
11 295,CC1C=CC(C(=O)CCN2CCCCC2)=C(C)C=1,"3,71"
11 296,CC1C=CC=C(C)C=1C(=O)CCN1CCCCC1,"3,53"
11 297,CC(C)(CN1CCCCC1)C(=O)C1C=CC=CC=1,"3,78"
11 298,CC1=CC=CC=C1C(=O)C(C)CN1CCCCC1,"3,69"
11 299,CC(=O)C1=CC2C=CC(=CC=2C=C1)C(C)C(=O)OCC(=N)O,"2,06"
11 300,CC(CF)NCC(O)COC1=CC=CC2NC3=CC=CC=C3C=21,"2,81"
11 301,CCOC1=CC=C(C=C1)OCC(OC(=S)N1C=CN=C1)C(C)(C)C,"4,58"
11 302,CO/C(/O)=N/C1=NC2C=C(C=CC=2N1C(=O)OCC)C(=O)C1C=CC=CC=1,"2,93"
11 303,O=C1C(CC(=O)N1CC(=O)CCN1CCCCC1)C1C=CC(Cl)=CC=1,"2,23"
11 304,CCCOC1C=CC(=CC=1)OCC(OC(=S)N1C=NC=C1)C(C)(C)C,"5,03"
11 305,CC(C)OC1=CC=C(C=C1)OCC(OC(=O)N1C=NC=C1)C(C)(C)C,"4,08"
11 306,COC1C=C2C=CC(=CC2=CC=1)C(C)C(=O)OC1C=CC=CC=1,"5,17"
11 307,COC(=O)NC1=NC2C=C(C=CC=2N1C(=O)OCCC)C(=O)C1C=CC=CC=1,"3,43"
11 308,COC1=CC=CC(C(=O)NC2CCN(CC3C=CC(F)=CC=3)CC2)=C1OC,"2,87"
11 309,CN1CC2C(CC1)N(C(=O)C(CCCC)CC)C1C=CC(C)=CC=12,"4,14"
11 310,CN1CCC2C(C1)C1C=C(C)C=CC=1N2C(=O)C=CC1=CC=CC=C1,"3,49"
11 311,CC(C)=CCCC(C)=CCOC(=O)C(C)C1=CC2=CC=C(C=C2C=C1)OC,"7,77"
11 312,CC1C=C(C)C=CC=1C(=O)N(/N=C(\\O)/C1C=CC=CC=1)C(C)(C)C,"3,18"
11 313,CC(C)(C)N(NC(=O)C1C=CC=CC=1)C(=O)C1C=C(Cl)C=CC=1Cl,"3,36"
11 314,CC1C=CC(C)=CC=1C(=O)N(/N=C(\\O)/C1C=CC=CC=1)C(C)(C)C,"3,25"
11 315,CC(C)(C)N(/N=C(\\O)/C1C=CC=CC=1)C(=O)C1C(F)=CC=CC=1Cl,"2,34"
11 316,CC(C)(C)N(/N=C(\\O)/C1C=CC=CC=1)C(=O)C1=CC(F)=C(F)C(F)=C1F,"3,44"
11 317,NC(=O)C1N=CNC=1N=NN(CCC#N)CCC#N,"-0,76"
11 318,O=C1C2CCCCC=2C(=O)N1C1C=CC(Cl)=CC=1,"3,32"
11 319,O=C1OC(=NC2C=CC(Cl)=CC=2)C2CCCCC=21,"3,84"
11 320,COC1=C2C=COC2=CC2OC(=O)C=CC=21,"1,93"
11 321,COC1C2OC=CC=2C=C2C=CC(=O)OC2=1,"1,96"
11 322,CCN1C=NC(=N1)[N+]([O-])=O,"-0,19"
11 323,CN(C)C=C[N+]([O-])=O,"-0,80"
11 324,CC1NN=C(C(N)=O)C=1[N+]([O-])=O,"-0,38"
11 325,[O-][N+](=O)C1N=CN(CC(O)CF)N=1,"-0,59"
11 326,[O-][N+](=O)C1N=CN(CC(F)CO)N=1,"-0,80"
11 327,CC1=CC(NN)=NC=N1,"0,62"
11 328,CCCN1C=NC(=N1)[N+]([O-])=O,"0,30"
11 329,CS(=O)(=O)CCC(N)C(O)=O,"-3,10"
11 330,CC(C#N)C1NC(=CN=1)[N+]([O-])=O,"-0,07"
11 331,[O-][N+](=O)C1=NC=CN1CC(F)(F)CO,"0,04"
11 332,OC(=O)CN1C=CC=C1,"0,70"
11 333,CNC(=O)C1=CC=CO1,"0,23"
11 334,C/N=C(\\O)/C1C=COC=1,"0,34"
11 335,NC(C(O)=O)C1=CC=CS1,"-2,05"
11 336,CC1=NC=C(N1CCCl)[N+]([O-])=O,"0,88"
11 337,[O-][N+](=O)C1=NC=CN1CC(F)CO,"-0,38"
11 338,CC1NN=C(C=1[N+]([O-])=O)C(=O)NC,"-0,23"
11 339,CNC1N=C(N=C(NC)N=1)SC(F)F,"2,31"
11 340,C/C(/O)=N/C(C)(C)C(=N)O,"-0,87"
11 341,COCC(F)CN1C=CN=C1[N+]([O-])=O,"0,18"
11 342,CN(C)C1=CN=CC=C1,"1,41"
11 343,CC1=CN(CC)C(=O)NC1=O,"-0,15"
11 344,CC1NN=C(C=1[N+]([O-])=O)C(=O)NCC,"0,13"
11 345,C/C(/O)=N/C(CC=C)C(=N)O,"-0,86"
11 346,CC(C)CCN1C=NC(=N1)[N+]([O-])=O,"1,34"
11 347,C/C(/O)=N/C(CCC)C(=N)O,"-0,45"
11 348,CN1C(=N)NC2C=C(Cl)C(Cl)=CC1=2,"2,98"
11 349,OC1N=C(O)C(N=1)C1=CN=CC=C1,"-0,95"
11 350,CCC1C=C(C=C(C=1O)[N+]([O-])=O)[N+]([O-])=O,"2,67"
11 351,C/C(/O)=N/C1N=CN=C2C=1N=CN2C,"-0,41"
11 352,[O-][N+](=O)C1=NC=CN1CC(F)(F)/C(/O)=N/CCO,"-0,52"
11 353,[O-][N+](=O)C1=NC=CN1C1OC(CI)C(O)C1O,"0,32"
11 354,CN=C1CC(=O)C(CC1=O)=NC,"0,34"
11 355,CC1NN=C(C=1[N+]([O-])=O)C(=O)NCCC,"0,65"
11 356,CC/N=C1\\NC(=N/C(/N\\1)=N/CC)SC(F)F,"3,28"
11 357,CC(C)NC1=NC(=NC(NC)=N1)SC(F)F,"4,31"
11 358,CNC1=NC(=NC(NCCC)=N1)SC(F)F,"3,28"
11 359,CC(=O)NC(CCC)C(=O)OC,"0,33"
11 360,O=CNC1C=CC2NC=CC=2C=1,"1,07"
11 361,CN1C(N)=NC2C=CC(=CC1=2)C#N,"1,29"
11 362,CN1C(N)=NC2C=C(C=CC1=2)C#N,"1,11"
11 363,NC(=O)NC1=NC(=NO1)C1C=CC=CC=1,"1,76"
11 364,NC1C=CC(=CC=1)C1NC=C(N=1)[N+]([O-])=O,"0,86"
11 365,O=C1CC(N1)SC1C=CC=CC=1,"1,58"
11 366,C1NCCC2C=CC3SN=NC=3C=21,"1,35"
11 367,N=C(O)CC/N=C(\\O)/C(F)(F)CN1C=CN=C1[N+]([O-])=O,"-0,95"
11 368,CN(C)C(=O)C1=CC=CC=C1O,"0,44"
11 369,CN(C)N=NC1C=C2C=NNC2=CC=1,"2,36"
11 370,CC(=O)NC1N=CN=C2C=1N=CN2CC,"-0,41"
11 371,C=CCOC1=NOC2CCNCC=21,"0,56"
11 372,COC1C=CC(=CC=1)N=NN(C)C,"2,99"
11 373,CC1=CN(CCCC)C(=O)NC1=O,"0,91"
11 374,CNC1N=C(N=C(NCCCC)N=1)SC(F)F,"3,70"
11 375,CCCNC1N=C(N=C(NCC)N=1)SC(F)F,"3,80"
11 376,C/N=C1/N=C(NC(=N/1)SC(F)F)NC(C)(C)C,"3,91"
11 377,C/C(/O)=N/C(CCCC)C(=O)OC,"0,79"
11 378,CC(=O)NC(CC(C)C)C(=O)OC,"0,84"
11 379,OCC1=CC2N=CC=CC=2C=C1,"1,29"
11 380,OC1CC(N=1)OC(=O)C1C=CC=CC=1,"1,37"
11 381,CC1(N=C(O)N=C1O)C1C=CC=CC=1,"1,02"
11 382,CN(CC(F)(F)F)N=NC1C=CC(=CC=1)C(N)=O,"1,86"
11 383,COC1C=CC(CC#N)=CC=1OC,"1,15"
11 384,COC(=O)C1=CC=CC=C1N=NN(C)C,"2,51"
11 385,CN(C)N=NC1C=C(C=CC=1)C(=O)OC,"3,12"
11 386,COC(=O)C1C=CC(=CC=1)N=NN(C)C,"3,22"
11 387,CN(C)C1=CC(=O)C(=CC1=O)N(C)C,"1,03"
11 388,CCN(CC)N=NC1C=CC(=CC=1)[N+]([O-])=O,"4,17"
11 389,CCOC1=CC=CC=C1OCC,"2,42"
11 390,CC1C(O)=C(OC)C(OC)=C(O)C=1C,"1,60"
11 391,OCCCCCC1=CC=CC=N1,"1,28"
11 392,C/C(/O)=N\\C(CC=C)(CC=C)C(=N)O,"0,05"
11 393,CC(C)NC1=NC(=NC(NC(C)C)=N1)SC(F)F,"4,25"
11 394,CCNC1N=C(N=C(NCCCC)N=1)SC(F)F,"4,51"
11 395,CC(C)C/N=C1\\NC(=N/C(/N\\1)=N/CC)SC(F)F,"4,30"
11 396,CC/N=C1\\N=C(NC(=N\\1)SC(F)F)NC(C)(C)C,"4,57"
11 397,C/N=C1/N/C(/NC(=N/1)SC(F)F)=N/CCCCC,"4,42"
11 398,CN(C)C(=O)C(C(=O)N(C)C)C(=O)N(C)C,"-3,09"
11 399,OC1=NC=C(F)C(=O)N1C(=O)OC1C=CC=CC=1,"1,73"
11 400,O=C(NC1=CC=CC2C=CC=NC=21)C(F)(F)F,"3,24"
11 401,CC1C(Cl)=CC(=CC=1Cl)C1C=CC(O)=NN=1,"3,20"
11 402,CN=C1CC(=O)C2C=CC=CC=2C1=O,"1,74"
11 403,CN1C(=NC=C1[N+]([O-])=O)C1C=CC(=CC=1)C(N)=O,"0,98"
11 404,CC1=C(C(=O)C(Cl)=C(C1=O)N1CC1)N1CC1,"1,20"
11 405,NC(CC1=CNC2C=CC=C(F)C=21)C(O)=O,"-1,07"
11 406,NC(CC1=CNC2C=CC(F)=CC=21)C(O)=O,"-0,71"
11 407,NC(CC1=CNC2C=C(F)C=CC=21)C(O)=O,"-0,78"
11 408,CCC1=CC=CC2C=CC=NC=21,"2,93"
11 409,CC(=O)C1=CN(C)C2=CC=CC=C21,"1,95"
11 410,CC1=CC2=CC(=CC=C2N1)/N=C(/C)\\O,"1,21"
11 411,CC1(CCC(O)=NC1=O)C1C=CN=CC=1,"0,07"
11 412,CC(C)C(C#N)C1C=CC=CC=1,"2,33"
11 413,CN(C)N=NC1C=CC(C=CC(O)=O)=CC=1,"2,66"
11 414,CN(C)CCOC(=O)C1C=CC(Cl)=CC=1,"2,63"
11 415,CN(C)CCOC(=O)C1=CC=C(C=C1)[N+]([O-])=O,"1,70"
11 416,CN(C)CC=CC1C=CC=CC=1,"2,61"
11 417,CN(C)CCOC(=O)C1C=CC=CC=1,"2,06"
11 418,C/C(/O)=N/C1N=CN=C2C=1N=CN2CCCC,"0,55"
11 419,C1C2CC3CC1(CC(C2)C3)N1C=NN=N1,"2,95"
11 420,CCN(CC)N=NC1C=CC(=CC=1)C(N)=O,"2,26"
11 421,NC(=N)NCCCCC1C=CC=CC=1,"1,59"
11 422,CS(=O)(=O)C1C=CC(=CC=1)N=NN(CC)CC,"2,60"
11 423,CC1=CN(CCCCCC)C(=O)NC1=O,"1,93"
11 424,COC1=CC=C(C=C1N)S(=O)(=O)N(CC)CC,"1,70"
11 425,CC1NN=C(C=1[N+]([O-])=O)C(=O)NCCCCCC,"2,46"
11 426,CC/N=C1\\N/C(/NC(=N\\1)SC(F)F)=N/CCCCC,"4,71"
11 427,CC(=O)NC(CCCCCC)C(=O)OC,"1,70"
11 428,O=C1C=C(C(=O)C2=CC=CC=C12)N1CC1,"1,71"
11 429,OC(=O)C(C1C=CC(Cl)=CC=1)N1C=CC=C1,"2,30"
11 430,OC(=O)C(C1C=CC=CC=1)N1C=CC=C1,"1,57"
11 431,CN(C)C1=CC(=O)C2C=CC=CC=2C1=O,"1,90"
11 432,OCCN=C1CC(=O)C2C=CC=CC=2C1=O,"1,23"
11 433,COC(=O)C1C=CC(=CC=1)C1=NC=C(N1C)[N+]([O-])=O,"1,63"
11 434,O=C1C(=C(F)C(=O)C(=C1N1CC1)N1CC1)N1CC1,"0,14"
11 435,CC1CN1C1=C(F)C(=O)C(=C(F)C1=O)N1CC1C,"1,61"
11 436,CC1CN1C1=CC(=O)C(=CC1=O)N1CC1C,"1,07"
11 437,CN(C)CCOC(=O)C1C=CC(=CC=1)C#N,"1,43"
11 438,COC1=C(C(=O)C(OC)=C(C1=O)N1CC1)N1CC1,"0,17"
11 439,CC(=O)OCC1CCC(O1)N1C=NC2C(O)=NC=NC1=2,"-0,90"
11 440,CC(C)C(C#N)C1C=CC(=CC=1)OC,"2,68"
11 441,CNC1=C(C(=O)C(NC)=C(C1=O)N1CC1)N1CC1,"0,13"
11 442,CCCOC(=O)C(=C1SC=CS1)C(=O)OCCC,"3,93"
11 443,COC1=CC=C(C=C1)C(=O)OCCN(C)C,"2,21"
11 444,CN(C)N=NC1=CC=C(CCCC(O)=O)C=C1,"2,62"
11 445,CCOC(=O)C1C=CC(=CC=1)N=NN(C)CCO,"2,66"
11 446,C/C(/O)=N/C1N=CN=C2C=1N=CN2CCCCC,"0,98"
11 447,C/N=C(/NC#N)\\NCCSCC1N=CC=CC=1OC,"0,97"
11 448,CC1NN=C(C=1[N+]([O-])=O)C(=O)N(C)C1CCCCC1,"1,68"
11 449,NC1=CC2C(=O)C3=CC=CC=C3C=2C=C1,"2,95"
11 450,C1=C(NC2=CC=CC=C21)C1=CC=CC=N1,"3,33"
11 451,CC1CN1C1=CC(=O)C2=CC=CC=C2C1=O,"2,17"
11 452,CC1C=CC(=CC=1)NC(=O)C1=CN=CC=C1,"2,08"
11 453,N=C(O)C(C1=CC=CC=N1)C1C=CC=CC=1,"0,83"
11 454,CC1C=CC=C(N=1)OCC1C=CC=CC=1,"3,43"
11 455,OC(=O)C(CC1C=CC=CC=1)N1C=CC=C1,"2,34"
11 456,CC(N)(C(O)=O)C1=CC=CC2=CC=CC=C21,"-0,22"
11 457,NC(CC1=CC=CC2=CC=CC=C21)C(O)=O,"-0,15"
11 458,NC(=O)OCCC1=C(C(=O)C(Br)=C(C1=O)N1CC1)N1CC1,"0,68"
11 459,O=C1SC2C=CC(Cl)=CC=2N1CC(=O)N1CCNCC1,"1,35"
11 460,O=C(OCCCC1=CN=CN1)C1C=CC=CC=1,"2,64"
11 461,CN1C=CC=C1CN=NC(O)=NC1C=CC=CC=1,"2,71"
11 462,COC1C=CC(=CC=1)NC(O)=NN=CC1=CC=CN1,"2,67"
11 463,CC1NN=C(C=1[N+]([O-])=O)C(=O)N(C)CC1C=CC=CC=1,"1,65"
11 464,CC1NN=C(C=1[N+]([O-])=O)C(=O)NCCC1C=CC=CC=1,"1,82"
11 465,CN1C=CC=C1CN=NC(S)=NC1C=CC=CC=1,"3,64"
11 466,CCCC1(CCC(O)=NC1=O)C1C=CN=CC=1,"1,13"
11 467,CC1C(=O)C(=C(CC)C(=O)C=1N1CC1)N1CC1,"1,35"
11 468,CC1=C(C(=O)C(CCO)=C(C1=O)N1CC1)N1CC1,"0,49"
11 469,C1CC2(CCN1CC2)C1C=CC=CC=1,"2,54"
11 470,CC(=O)C1=CC=C(C=C1)C(=O)OCCN(C)C,"1,57"
11 471,C1C2CC3CC1(CC(C2)C3)N1C=CC=N1,"3,05"
11 472,CC(C)C1CCCC2=NC=C(C(=O)OC)C(=O)N21,"0,99"
11 473,CCCC1CCCC2=NC=C(C(=O)OC)C(=O)N21,"1,14"
11 474,CCC1=CC=C(C=C1)C(=O)OCCN(C)C,"3,15"
11 475,CC1N=C(O)N=C(O)C=1C=CC(O)=NC(C)CS(=O)CSC,"-0,70"
11 476,CC(C)N(N=NC1C=CC(=CC=1)C(N)=O)C(C)C,"3,00"
11 477,CN(C)C(=O)C12CC3CC(C1)CC(C2)C3,"2,55"
11 478,CCON=C(CCC)C1C(=O)OC(C)(C)CC1=O,"2,56"
11 479,CC1=CN(CCCCCCCC)C(=O)NC1=O,"3,08"
11 480,CC1NN=C(C=1[N+]([O-])=O)C(=O)NCCCCCCCC,"3,48"
11 481,N#CCC1=CC(=CC=C1)OC1C=CC=CC=1,"3,03"
11 482,O=C1C=C(C(=O)C2=CC=CC=C12)N1CC=CC1,"2,85"
11 483,O=C1C=C(C(=O)C2=CC=CC=C12)N1CCCC1,"2,89"
11 484,CC(=S)N(C1C=CC=CC=1)C1C=CC=CC=1,"2,83"
11 485,CN(C)N=NC1C=CC=C2OC3=CC=CC=C3C=12,"4,55"
11 486,C=C(C1=CC=CC=C1OCC=C)N1C=CN=C1,"2,79"
11 487,COCC1COC(CN2C=NC=N2)(O1)C1C=CC(Cl)=CC=1Cl,"2,21"
11 488,CN1N=NN=C1SCC1CSC2C(/N=C(\\O)/CSCC#N)C(=O)N2C=1C(O)=O,"-0,62"
11 489,C=CCOC1=CC=CC=C1CC1C=NC(=N)NC1=N,"2,31"
11 490,CC1=NC=C(N1CC/N=C(\\O)/OCC1C=CC=CC=1)[N+]([O-])=O,"1,69"
11 491,CC1=C(C(=O)C(CCOC(N)=O)=C(C1=O)N1CC1)N1CC1,"0,16"
11 492,CCCCC1(CCC(O)=NC1=O)C1C=CN=CC=1,"1,68"
11 493,O=C1C=C(C(=O)C=C1N1CCCC1)N1CCCC1,"1,97"
11 494,CCCC(=O)OCC1CCC(O1)N1C=NC2C(O)=NC=NC1=2,"0,11"
11 495,CC(C)C(=O)OCC1CCC(O1)N1C=NC2=C1N=CN=C2O,"0,02"
11 496,CCCCC1CCCC2=NC=C(C(=O)OC)C(=O)N21,"1,77"
11 497,CCCC1=CC=C(C=C1)C(=O)OCCN(C)C,"3,63"
11 498,CC(CC)C1=CC(=CC(C(C)CC)=C1O)[N+]([O-])=O,"4,80"
11 499,CC1=CC=CC2=NC=C(C(=O)N21)C1C=CC=CC=1,"2,59"
11 500,OC(=O)CN1CCN(CC1)C(=O)CN1C2C=C(Cl)C=CC=2SC1=O,"-0,71"
11 501,COC1=CC=CC=C1NC(=O)NC1=CC=CC=C1OC,"2,98"
11 502,O/C(/COC(=O)C1C=CC=CC=1)=N\\C1CCCCC1,"2,81"
11 503,CC(C#C)O/C(/O)=N/C1=CC(OCC)=C(C=C1)OCC,"2,68"
11 504,CCCCCC1(CCC(O)=NC1=O)C1C=CN=CC=1,"2,26"
11 505,OCCCOC1C=C(CN2CCCCC2)C=CC=1,"2,78"
11 506,CCCCOC1C=CC(=CC=1)C(=O)OCCN(C)C,"3,91"
11 507,CC1=C(CSCCN/C(/NC#N)=N\\C)N=CN1C(=O)OCCCC,"2,15"
11 508,CC1=C(CSCCN/C(/NC#N)=N\\C)N=CN1COC(=O)CCC,"1,60"
11 509,CC1N=CNC=1CSCCNC(=N)NCCSCC1NC=NC=1C,"1,34"
11 510,CC1NN=C(C=1[N+]([O-])=O)C(=O)NCCCCCCCCCC,"4,48"
11 511,C1CC=C2C=CC3=CC=CC4C=CC1=C2C3=4,"4,92"
11 512,C(OC1=CC=CC2C=CC=NC=21)C1C=CC=CC=1,"3,51"
11 513,COCCOCC1COC(O1)(C1C=CC(Cl)=CC=1Cl)N1C=NC=N1,"2,03"
11 514,C(CN1CCOCC1)NC1C=CC(=NN=1)C1C=CC=CC=1,"1,85"
11 515,COC1C=C(C=NOCC(=O)OCC)C=CC=1OCC(=O)OCC,"1,87"
11 516,CCCCCCC1(CCC(O)=NC1=O)C1C=CN=CC=1,"2,94"
11 517,COCC1=CC=CC=C1/N=C(\\O)/OCCN1CCCCC1,"2,20"
11 518,CC(CO)NC1=C(C(=O)C(NC(C)CO)=C(C1=O)N1CC1)N1CC1,"-0,37"
11 519,CC1CCC2(C1)CC(=O)C(C(CCC)=NOCC)C(=O)O2,"3,66"
11 520,CCON=C(CCC)C1C(=O)OC2(CC1=O)CCCCC2,"3,62"
11 521,NC(CC1=CC(O)=C(O)C=C1)C(=O)OCC1=CC(=CC=C1)C(F)(F)F,"2,29"
11 522,CC(C(O)=O)C1C=CC(=CC=1)N1CC2CCCCC=2C1=O,"3,07"
11 523,C1C2CC3CC1(CC(C2)C3)N1N=CC2=CC=CC=C12,"4,33"
11 524,C/C(/O)=N/C1=CC(=CC=C1)OCC1=CC(=CC=C1)NC(=N)NC(N)=N,"1,82"
11 525,CC(C)=C1C2C(O)C3(C)C(C=CC3=O)C(C)CC2OC1=O,"1,47"
11 526,COC1C=C(C=NOCC(=O)OCC)C=CC=1OCCOC(=O)CC,"2,39"
11 527,CCCCCCCC1(CCC(O)=NC1=O)C1C=CN=CC=1,"3,44"
11 528,CC(=O)NCCCOC1C=C(CN2CCCCC2)C=CC=1,"2,15"
11 529,CCCCCCC1=CC=C(C=C1)C(=O)OCCN(C)C,"5,20"
11 530,CC1CCCCC21CC(=O)C(C(CCC)=NOCC)C(=O)O2,"3,90"
11 531,CC1CCC2(CC(=O)C(C(CCC)=NOCC)C(=O)O2)CC1,"4,07"
11 532,CC1N=CN(C=1CSCCN/C(/NC#N)=N\\C)C(=O)OCCCCCC,"3,10"
11 533,NC1N=CN=C2N=CN(C(C3C=CC=CC=3)C3C=CC=CC=3)C2=1,"3,19"
11 534,CN1C(=CN=C1C1=NC2C=CC=CC=2N1CCCN1CCOCC1)[N+]([O-])=O,"1,80"
11 535,OC(CNC(=O)C1C(I)=C(C(I)=C(C=1I)N(CCO)C(=O)CO)N(CCO)C(=O)CO)CO,"-2,55"
11 536,CCC1=CC(N=NC1=NCCN1CCOCC1)C1C=CC=CC=1,"2,53"
11 537,CCCCCCCCC1(CCC(O)=NC1=O)C1C=CN=CC=1,"4,04"
11 538,CCCOCC1=CC=CC=C1/N=C(\\O)/OCCN1CCCCC1,"3,34"
11 539,CCON=C(CCC)C1C(=O)OC2(CC1=O)CC(C)CC(C)C2,"4,47"
11 540,CCCC(=NOCC)C1C(=O)OC2(CC1=O)CCC(CC2)CC,"4,47"
11 541,FN(F)C(C1C=CC=CC=1)(C1C=CC=CC=1)C1C=CC=CC=1,"3,73"
11 542,CN(CC(O)COC1C=CC=CC=1)CC(O)COC1C=CC=CC=1,"2,92"
11 543,CCCCCCCCCC1(CCC(O)=NC1=O)C1C=CN=CC=1,"4,64"
11 544,CC12CCC3C(CCC4CC(=O)CCC43C)C1CCC2=O,"3,60"
11 545,CC(O)C(/N=C(\\O)/C1CC(CN1C)CCCC)C1OC(SC)C(O)C(O)C1O,"0,56"
11 546,COC1C=C(C=NO)C=CC=1OCCOC(=O)C=CC1=CC=CC=C1OC,"3,56"
11 547,CCC1COC(CN2C=NC=N2)(O1)C1C=CC(=CC=1)C1C=CC=CC=1,"3,71"
11 548,OC1(CCN(CCNC(=O)C2C=CC(F)=CC=2)CC1)C1C=CC(Cl)=CC=1,"2,85"
11 549,CC(Cl)C(/N=C(\\O)/C1CC(CN1CC)CCCC)C1OC(SC)C(O)C(O)C1O,"3,21"
11 550,CCCCCCOCC1C=CC=C(C=1)/N=C(\\O)/OCCN1CCCCC1,"4,97"
11 551,C(CN1CCOCC1)NC1=NN=C(C=C1C1C=CC=CC=1)C1C=CC=CC=1,"3,38"
11 552,CC1CC2C3CCC4=CC(=O)C=CC4(C)C3(F)C(O)CC2(C)C1/C(/O)=N/C,"1,54"
11 553,CC(C)N(CCC(C(=N)O)C1C=CC(=CC=1)C1C=CC=CC=1)C(C)C,"3,66"
11 554,CC(CC)N(CC(O)COC1C=CC=CC=1)CC(O)COC1C=CC=CC=1,"3,46"
11 555,CC(C)(C)N(CC(O)COC1C=CC=CC=1)CC(O)COC1C=CC=CC=1,"3,99"
11 556,C(C1=CC(N=NC1=NCCN1CCOCC1)C1C=CC=CC=1)C1C=CC=CC=1,"3,65"
11 557,OC1(CCN(CCCC2(OCCO2)C2C=CC(F)=CC=2)CC1)C1C=CC(Cl)=CC=1,"3,84"
11 558,CC1(O)C2C(C=CC2=O)C(C)CC2OC(=O)C3(CC4CC(=O)C3CC3C(CC4C)OC(=O)C3=C)C12,"1,66"
11 559,CC12C(OC(=O)CC(=O)OC3C4C(CC(C)C5C=CC(=O)C53C)OC(=O)C4=C)C3C(CC(C)C1C=CC2=O)OC(=O)C3=C,"1,33"
11 560,CC12C(OC(=O)CC(=O)OC3C4C(CC(C)C5CCC(=O)C53C)OC(=O)C4C)C3C(CC(C)C1CCC2=O)OC(=O)C3C,"0,76"
11 561,CC(O)C(=O)OC1CC2(C)C(C(OC(C)=O)C(=O)C3(C)C(C(OC(=O)C4C=CC=CC=4)C2(C)O)C2(COC2CC3O)OC(C)=O)=C1C,"1,52"
11 562,CC1NC(=O)C(CC(=O)NC(CC2=CNC3=CC=CC=C23)C(=O)NC(CC2C=CC=CC=2)C(=O)N(C)CC2C=CC=CC=2)NC1=O,"3,18"
11 563,CC(C)C(CC(O)C(CC1CCCCC1)NC(=O)C(CCCC)NC(CC1=CC=CC=C1)C(=O)N1CCC(CC1)OCOC)C(=O)NCCNC1=NOC(N)=N1,"4,11"
11 564,CCCC1=NC=C(N1CC/N=C(\\S)/OC)[N+]([O-])=O,"1,94"
11 565,CC1=NC=C(N1CC/N=C(\\O)/OC(C)C)[N+]([O-])=O,"0,88"
11 566,CC1NN=C(C=1[N+]([O-])=O)C(=O)NC1C=CC=CC=1,"1,81"
11 567,OC(=O)CCC(NC1C=CC(Br)=CC=1)C(O)=O,"1,12"
11 568,CN(C)C1=CC2=C(C=C1)C(=O)N(C2=O)S(C)(=O)=O,"1,65"
11 569,O/C(=N\\P(=O)(N1CC1)N1CC1)/C1C=CC=C(Br)C=1,"1,43"
11 570,O=C(NP(=O)(N1CC1)N1CC1)C1=CC=CC=C1Br,"1,08"
11 571,O=C(NP(=O)(N1CC1)N1CC1)C1=CC=C(Br)C=C1,"1,63"
11 572,O=C(NP(=O)(N1CC1)N1CC1)C1=CC=C(Cl)C=C1,"0,97"
11 573,O=C(NP(=O)(N1CC1)N1CC1)C1=CC(I)=CC=C1,"1,91"
11 574,O=C(NP(=O)(N1CC1)N1CC1)C1=CC=CC=C1I,"1,05"
11 575,O=C(NP(=O)(N1CC1)N1CC1)C1=CC=C(I)C=C1,"2,25"
11 576,COC1C=CC(=CC=1)C(=O)NP(=O)(N=CC)N=CC,"1,08"
11 577,COC1=CC(=CC=C1)C(O)=NP(=O)(N=CC)N=CC,"0,86"
11 578,CNC1N=CN=C2C=1N=CN2C1CC(O)C(CO)O1,"-0,19"
11 579,CC1NN=C(C=1[N+]([O-])=O)C(=O)N1CCCCCC1,"1,15"
11 580,CCCCO/C(/O)=N/CC(C)C1NC(=CN=1)[N+]([O-])=O,"1,22"
11 581,O=C(NC1C=CC(Cl)=CC=1)C1=CN=CC=C1,"2,52"
11 582,[O-][N+](=O)C1C=CC(=CC=1)NC(=O)C1C=NC=CC=1,"1,82"
11 583,SC(=NC1C=CC=CC=1)N=NCC1=CC=CO1,"3,13"
11 584,OC(=NC1C=CC=CC=1)N=NCC1=COC=C1,"2,52"
11 585,OC(=NC1C=CC=CC=1)N=NCC1=CNC=C1,"2,96"
11 586,SC(=NC1C=CC=CC=1)N=NCC1=CNC=C1,"3,73"
11 587,N=C(O)CCN1CCC2C(Cl)=CC=CC=2CC1,"1,64"
11 588,CCOC1C=C(C=CC=1)C(=O)NP(=O)(N1CC1)N1CC1,"1,24"
11 589,CCC(C)N=C(O)C(=CC1C=CC=CC=1)SC,"3,03"
11 590,COC1C=C(C=CC=1C1=NC2C=NC=CC=2N1C)OC,"2,66"
11 591,COC1C=C(C=CC=1C1=NC2C=CN=CC=2N1C)OC,"2,68"
11 592,CCCCC(=O)OCC1CCC(O1)N1C=NC2C(O)=NC=NC1=2,"0,65"
11 593,CC(C)(C)C(=O)OCC1CCC(O1)N1C=NC2C(O)=NC=NC1=2,"0,60"
11 594,CC(CC(=O)OCC1CCC(O1)N1C=NC2C(O)=NC=NC1=2)CC,"1,00"
11 595,CC1N=C(O)N=C(O)C=1C=CC(O)=NC(CS(=O)CSCCCC)CO,"0,14"
11 596,OC1=NC=NC2=C1N=CN2C1CCC(COC(=O)C2C=CC=CC=2)O1,"0,66"
11 597,COC1C=C2C=CC(=CC2=CC=1)C(C)C(=O)OCC(=O)N(C)CC(=N)O,"1,37"
11 598,COC1C=C2C=CC(=CC2=CC=1)C(C)C(=O)OCC(=O)N(C)CCO,"2,01"
11 599,COC1C=C2C=CC(=CC2=CC=1)C(C)C(=O)OCC(=O)N(CCO)CCO,"1,70"
11 600,CC(C)(C)CC(=O)OC1C=C(C=CC=1)C1(CCN(C)CC1)C(=O)CC,"3,17"
11 601,N#CCC(=O)C1C=CC=CC=1,"0,97"
11 602,CN(C)C1=CC2=C(C=C1)C(=O)N(O)C2=O,"1,27"
11 603,CS(=O)(=O)ON1C(=O)C2C=C(C=CC=2C1=O)[N+]([O-])=O,"1,71"
11 604,OC1=NC(=O)N(C=C1F)C(=O)OC1CCCCC1,"1,42"
11 605,OC1=NC=C(F)C(=O)N1C(=O)OCC1C=CC=CC=1,"1,42"
11 606,CC1N=C(O)N=C(O)C=1C=CC(O)=NC(C)CS(=O)CSCCCC,"0,82"
11 607,COCC/N=C(\\S)/C(F)(F)CN1C=NC(=N1)[N+]([O-])=O,"0,66"
11 608,COP(=S)(OC1=CC=C(Cl)C=C1C#N)OC,"3,41"
11 609,[O-][N+](=O)C1=CC(=C(O)C(=C1)[N+]([O-])=O)[N+]([O-])=O,"0,70"
11 610,[O-][N+](=O)C1=CC(=C(O)C(=C1)[N+]([O-])=O)[N+]([O-])=O,"1,29"
11 611,CC(C)CNOC1C(=CC(=CC=1[N+]([O-])=O)[N+]([O-])=O)[N+]([O-])=O,"1,89"
11 612,CCC(C)NOC1C(=CC(=CC=1[N+]([O-])=O)[N+]([O-])=O)[N+]([O-])=O,"1,80"
11 613,CC(C)(C)NOC1C(=CC(=CC=1[N+]([O-])=O)[N+]([O-])=O)[N+]([O-])=O,"1,68"
11 614,CC1=COC2C=C(C)C3C=CC(=O)OC=3C1=2,"3,02"
11 615,CC(C)C1C=CC=C(C(C)CC)C=1O,"3,85"
11 616,CCCN(CCC)C1CCOC2C(O)=CC=CC=21,"3,30"
11 617,ClC1(Cl)C2(Cl)C=C(Cl)C1(Cl)C1C2C(Cl)C(Cl)C1Cl,"5,91"
11 618,ClC1CC2C3C1C(Cl)=C(Cl)C(Cl)(C3(Cl)Cl)C2(Cl)Cl,"6,09"
11 619,ClC1(Cl)C2(Cl)C=C(Cl)C1(Cl)C1C2CC(Cl)C1Cl,"5,56"
11 620,CC1=NC(N)=C(C(C1C(=O)OC(C)C)C1=CC(=CC=C1)[N+]([O-])=O)C(=O)OC1CN(C1)C(C1C=CC=CC=1)C1C=CC=CC=1,"5,18"
11 621,COC(=O)C1C(C(C(=O)OCCN2CCN(CC2)C(C2C=CC=CC=2)C2C=CC=CC=2)C(C)=NC=1C)C1=CC(=CC=C1)[N+]([O-])=O,"5,20"
11 622,CC(CC1C=CC(F)=CC=1)N(C)CC#C,"3,00"
11 623,CC1(C)C=C(/C(/O)=N/CCCN2C(=O)C3=CC=CC=C3C2=O)C(C)(C)N1,"1,58"
11 624,CC(NCCC(C1C=CC=CC=1)C1C=CC=CC=1)C1=CC(OC)=C(C=C1)OC,"5,80"
11 625,O/C(/NC1CC(O)C(CO)OC1O)=N\\C1C=CC=CC=1,"-0,61"
11 626,CC(C)C1=CC(=CC(C(C)CC)=C1O)[N+]([O-])=O,"4,19"
11 627,CC(C)C1=CC=CC(C(C)C)=C1NC(=N)O,"2,26"
11 628,CCOCCOC(=O)C(C#N)C(CC)=NC1C=CC(N)=CC=1,"2,27"
11 629,CN(C)C(=O)N1N=C(N=C1SCC(O)=O)C(C)(C)C,"1,62"
11 630,CC(=O)OC1C=CC2C3CC4C=CC(O)=C5OC1C2(CCN3C)C=45,"1,55"
11 631,CC(=O)OCCOCN1C=NC2=C1NC(N)=NC2=O,"-1,07"
11 632,C/C(/O)=N/C1N=C2C(=CN=1)N=CN2COCCO,"-1,33"
11 633,CC(=O)OCCOCN1C=NC2C=NC(=N)N=C12,"-0,61"
11 634,CC1=CC(=O)OC2C=C(C=CC=21)C1OC(C(O)C(O)C1O)C(O)=O,"-0,39"
11 635,CC1C=CC(CNCCCCCCCCC)=CC=1,"5,70"
11 636,CC(C)(C)S(=O)(=O)CC(CC1C=CC=CC=1)C(=O)NC(CC1=CN=CN1)C(=O)NC(CC1CCCCC1)C(O)C(O)C1CC1,"2,75"
11 637,CC(C)(C)S(=O)(=O)CC(CC1C=CC=C2C=CC=CC=12)C(=O)NC(CC1=CN=CN1)C(=O)NC(CC1CCCCC1)C(O)C(O)C1CC1,"3,15"
11 638,COS(=O)C1C=CC(O)=CC=1,"0,58"
11 639,CCC1=CC(CC(C#N)C#N)=CC(CC)=C1O,"4,12"
11 640,N#CC(CC1C=CC(O)=CC=1)C#N,"3,08"
11 641,CCN(CC)C(=O)C1C2CC3C(OC(=O)C13)C2O,"0,15"
11 642,CC1CC2C3CCC4=CC(=O)C=CC4(C)C3(F)C(O)CC2(C)C1(O)C(=O)NCC1C=C(C=CC=1)OC,"3,27"
11 643,CC(=O)N(C)N=NC1C=CC(=CC=1)C(N)=O,"1,37"
11 644,CCC(=O)C(CS(=O)(=O)C1C=CC=CC=1)C1C=CC(=CC=1)OC,"2,18"
11 645,CC1CSC2C(/N=C(\\O)/C(OC(=O)CCCC)C3C=CC=CC=3)C(=O)N2C=1C(O)=O,"2,23"
11 646,CC(C)OC1C=CC(CC#N)=CC=1,"2,53"
11 647,[O-][N+](=O)CC1=NCCN1CC1C=CC=CN=1,"-0,87"
11 648,[O-][N+](=O)CC1=NCCN1CC1=CN=C(Cl)S1,"-0,04"
11 649,CC1CC2C3CCC4=CC(=O)C=CC4(C)C3(F)C(O)CC2(C)C1(O)C(=O)NCCC1C=CC=CC=1,"3,66"
11 650,CC1OC(CC(OC)C1O)OC1CC2CCC3C(CCC4(C)C(C(CC43OC(C)=O)OC(C)=O)C3COC(=O)C=3)C2(C)CC1,"2,95"
11 651,N=C(O)C1=CC2=CC=CC=C2C=C1,"1,88"
11 652,CC1=NON=C1CC1=CC=C(C=C1)[N+]([O-])=O,"2,21"
11 653,CC(C)C(NC(=O)C(CC1C=CC=CC=1)NC(=O)OC(C)(C)C)C(O)=O,"2,88"
11 654,C/C(/O)=N/C(CCC(O)=O)/C(/O)=N/C(C(C)CC)/C(/O)=N/C(CC1C=CC=CC=1)C(=N)O,"0,43"
11 655,CC(=O)C12OC(C)(OC1CC1C3CCC4=CC(=O)CCC4(C)C3CCC21C)C1C=CC(F)=CC=1,"5,70"
11 656,CC1C=CC=C(C)C=1NC(=O)C1=CC=C(CN2CCOCC2)C=C1,"2,00"
11 657,CC1=CC=CC=C1/C(/O)=N/N(C(=O)C1=CC=CC=C1Cl)C(C)(C)C,"2,91"
11 658,COC1C=CC(=CC=1)OCCO,"1,13"
11 659,CC1=NC=C(N1CC#N)[N+]([O-])=O,"-0,07"
11 660,CN(C)C(=O)C(=NOC(=O)N(C)COC1OC(C(O)C(O)C1O)C(O)=O)SC,"-2,52"
11 661,C/C(/O)=N/C(CCCCN)/C(/O)=N/C(C(C)CC)/C(/O)=N/C(CC1C=CC=CC=1)C(=N)O,"0,65"
11 662,CC1C=CC(Cl)=CC=1O,"2,63"
11 663,C/N=C(\\NC#N)/NCCSCC1=NC=CS1,"0,89"
11 664,N=C1NC(=NC(=N1)C(Cl)(Cl)Cl)SC1=CC=C(Cl)C=C1,"4,51"
11 665,CCC(=O)C(CS(=O)(=O)C1C=CC=CC=1)C1C=CC(Cl)=CC=1,"2,69"
11 666,C/N=C1/N/C(/NC(=N/1)SC(F)F)=N/CC,"2,68"
11 667,O=S(=O)(NCC1C=CC=CC=1)C(F)(F)F,"2,91"
11 668,COCCOCC1COC(CN2C=NC=N2)(O1)C1C=CC(Cl)=CC=1Cl,"2,03"
11 669,C/C(/O)=N/C(CC(C)C)/C(/O)=N/C(C(C)CC)/C(/O)=N/C(CCC(O)=O)C(=N)O,"0,07"
11 670,C/C(/O)=N\\C(CCC)(CCC)C(=N)O,"0,75"
11 671,[O-][N+](=O)NC1=NCCN1CC1C=NC=CC=1,"-0,19"
11 672,CC1=CC=CC=C1NC(=O)C1C=CC(CN(CC)CC)=CC=1,"3,31"
11 673,CC1(C)C2C(OC(C)=O)C(=O)C3(C)C(C(OC(=O)C4C=CC=CC=4)C1(O)CC(OC(=O)C(O)CC1C=CC=CC=1)C=2C)C1(COC1CC3O)OC(C)=O,"2,90"
11 674,CC(=O)NC(CC1C=CC=CC=1)C(=O)NC(CCC(O)=O)C(=O)NC(CC1C=CC=CC=1)C(N)=O,"0,65"
11 675,CN(C)N=NC1=NC=CS1,"1,27"
11 676,CCOC1C=C(C=CC=1OCC)C(O)=O,"2,37"
11 677,CCOC(=O)CN1C=CN=C1[N+]([O-])=O,"0,33"
11 678,OC(CN(C(=O)C(O)CO)C1=C(I)C(=C(I)C(=C1I)/C(/O)=N/CO)/C(/O)=N/CCO)CO,"-2,65"
11 679,OC(=O)C1CCCCC1/N=C(/O)\\N(CCCl)N=O,"2,01"
11 680,CC/N=C(\\O)/C1C=CC=C2C=1C(=O)C(=O)N(CC)C2=O,"0,30"
11 681,CC1C=CC2N=C(C=NC=2C=1)OC1C=CC(=CC=1)OC(C)C(=O)OCC,"4,11"
11 682,C/C(/O)=N/C(CCC(O)=O)/C(/O)=N/C(CC1C=CC=CC=1)/C(/O)=N/C(CC(C)C)C(=N)O,"0,32"
11 683,OC(=NC1C=CC=CC=1)N=NCC1=CC=CO1,"2,52"
11 684,CC1=NC=C(N1CC/N=C(\\S)/OCC)[N+]([O-])=O,"1,50"
11 685,CC(=O)OC(COC)CN1C=CN=C1[N+]([O-])=O,"-0,04"
11 686,CC1C=CC=C(C)C=1NC(=O)C1=CC=C(CN2CCCC2)C=C1,"3,14"
11 687,COC(=O)CC1C=CC(O)=C2N=CC=CC2=1,"1,59"
11 688,[O-][N+](=O)CC1=NCCN1CC1C=NC=CC=1,"-1,02"
11 689,CC1CSC2C(NC(=O)C(OC(=O)CCCCCCC)C3C=CC=CC=3)C(=O)N2C=1C(O)=O,"3,54"
11 690,CN(C)C(=S)SCCN1C(=CN=C1C)[N+]([O-])=O,"1,28"
11 691,CC12CCC3C4CCC(=O)C=C4CCC3C1CC1OC(C)(OC21C(=O)CO)C1C=CC(F)=CC=1,"4,92"
11 692,S=C=NCCCC1C=CC=CC=1,"3,80"
11 693,CS(=O)(=O)ON1C(=O)C2C=C(N)C=CC=2C1=O,"0,80"
11 694,[O-][N+](=O)C1=NC=CN1CCC(O)CO,"-0,90"
11 695,[O-][N+](=O)CC1=NCCN1CC1C=CN=CC=1,"-1,05"
11 696,COC1C=C2C=CC(=CC2=CC=1)C(C)C(=O)OCC(=N)O,"2,06"
11 697,CC(O)C(/N=C(\\O)/C1CC(CN1C)CC)C1OC(SC)C(O)C(O)C1O,"-0,40"
11 698,CN1C(=NC=C1[N+]([O-])=O)C1C=CC(N)=CC=1,"1,06"
11 699,CC1C=CC(=CC=1)S(=O)(=O)CC(C(=O)CC)C1C=CC=CC=1,"2,45"
11 700,CC12CCC3C(CCC4=CC(=O)CCC43C)C1CCC2(O)C(O)CO,"2,00"
11 701,CC1CC2C3CCC4=CC(=O)C=CC4(C)C3(F)C(O)CC2(C)C1(O)/C(/O)=N/C1CCCCC1,"3,54"
11 702,CC(C)(C)C(COC1=CC=C(C=C1)C(F)(F)F)OC(=O)N1C=CN=C1,"4,15"
11 703,COC1NC(=N)N=C(N=1)C(Cl)(Cl)Cl,"2,39"
11 704,CCOC(=O)C(C)OC1C=CC(=CC=1)OC1C=NC2=CC=CC=C2N=1,"3,47"
11 705,C/N=C(\\NC#N)/NCCCCC1N=CC=CC=1OC,"1,50"
11 706,CCC1COC(CN2C=NC=N2)(O1)C1C=CC(=CC=1)C(N)=N,"0,85"
11 707,CCOC(=O)C(C)OC1C=CC(=CC=1)OC1C=NC2C=C(F)C=CC=2N=1,"3,65"
11 708,N#CCC1=CC=C(C=C1)C(O)=O,"1,18"
11 709,[O-][N+](=O)C1=NC=CN1C/C(/O)=N/CCCCO,"-0,74"
11 710,CC1C=CC(=CC=1)S(=O)(=O)CC(C(=O)CC)C1C=CC(=CC=1)OC,"2,47"
11 711,CC1=CC=C(CN2CCN=C2C[N+]([O-])=O)C=N1,"-0,59"
11 712,CCC(=O)C(CS(=O)(=O)C1C=CC=CC=1)C1C=CC=CC=1,"1,82"
11 713,[O-][N+](=O)C1=NC=CN1CC(=O)NCCCO,"-1,27"
11 714,CCOC(=O)C(C)OC1C=CC(=CC=1)OC1C=NC2C=C(C=CC=2N=1)C(F)(F)F,"4,37"
11 715,CC1C=CC=C(C)C=1/N=C(\\O)/C1C=C(CN2CCCCC2)C=CC=1,"3,47"
11 716,CC1CN(C)CCC=1C1C=CC=CC=1,"3,18"
11 717,CC1=NON=C1C(=NO)SCCN(CC)CC,"1,40"
11 718,CN/C(/C[N+]([O-])=O)=N/CCSCC1=NC=CS1,"-0,15"
11 719,[O-][N+](=O)C1=CNC(=N1)C1C=CC(F)=CC=1,"1,52"
11 720,CC1C=CC=C(C)C=1NC(=O)C1C=C(CN(CC)CC)C=CC=1,"3,09"
11 721,CC1N=CNN=1,"-0,55"
11 722,NC1=NC(=NC(N)=N1)C(Cl)(Cl)Cl,"1,24"
11 723,CC(O)C(/N=C(\\O)/C1CC(CN1C)CCCCC)C1OC(SC)C(O)C(O)C1O,"0,93"
11 724,[O-][N+](=O)CC1=NCCN1CC1C=CC(Cl)=CC=1,"0,99"
11 725,CC12CCC3C(CC=C4CC(O)CCC43C)C1CCC2O,"3,55"
11 726,[O-][N+](=O)CC1=NCCN1CC1C=CC=CC=1,"0,33"
11 727,CC1NN=C(C=1[N+]([O-])=O)C(=O)N1CCCCC1,"0,79"
11 728,COC1=CC2=C(C=C1)NC1C3C=CC(Cl)=CC=3NCCC=12,"4,24"
11 729,CCC1=CC(=CC=C1)NC(=O)CC1C=CC=CC=1,"3,47"
11 730,COC1N=C(N=C(N=1)C(Cl)(Cl)Cl)N(C)C,"3,33"
11 731,NC(CCC1C=CC=CC=1)C(O)=O,"-1,20"
11 732,C(C1C=CC=CC=1)N1C=CC=C1,"2,71"
11 733,CC(CC)N=C(O)C(Br)=CC1C=CC=CC=1,"2,66"
11 734,CC1NN=C(C=1[N+]([O-])=O)C(=O)N1CCCC1,"0,25"
11 735,OC(=O)CCCCC(S)CCS,"2,41"
11 736,CC1=CC=C(C=C1)C1(CN2C=NC=N2)OCCO1,"1,55"
11 737,CN(C)C1=CC2=C(C=C1)C(=O)N(OS(C)(=O)=O)C2=O,"1,65"
11 738,CC(C)(C)O/C(/O)=N/C(CC1C=CC=CC=1)/C(/O)=N/C(CC1C=CC(O)=CC=1)C(O)=O,"2,79"
11 739,C/C(/O)=N/C(CCCCC)C(=O)OC,"1,28"
11 740,CC(C)(C)N(/N=C(\\O)/C1=CC(F)=CC=C1)C(=O)C1=CC=CC=C1Cl,"2,88"
11 741,CN(C)N=NC1C=CC(CC(O)=O)=CC=1,"1,38"
11 742,CC(C)(C)N(NC(=O)C1C=CC(F)=CC=1)C(=O)C1=CC=CC=C1Cl,"2,87"
11 743,OC(=O)CCC(S)CCS,"1,40"
11 744,CCCNC(=O)C1C=CC=CC=1,"1,72"
11 745,C/N=N/NC1=CC=C(C=C1)C(N)=O,"0,47"
11 746,[O-][N+](=O)C1=NC=CN1COC(CO)C(O)CO,"-1,47"
11 747,N=C(O)CC(CC(O)=O)C1C=CC(Br)=CC=1,"1,12"
11 748,NC1NC2=C(N=CN2C2CCC(CO)O2)C(=S)N=1,"-0,59"
11 749,CC1NN=C(C=1[N+]([O-])=O)C(=O)NCCCC,"1,27"
11 750,CC(C)C(CC(O)C(CC1CCCCC1)NC(=O)C(CCCC)NC(CC1=CC=CC=C1)C(=O)N1CCC(CC1)OCOC)C(=O)NCCN,"3,50"
11 751,S=C1N=C(NS1)C1C=CC=CC=1,"2,13"
11 752,CC1NN=C(C=1[N+]([O-])=O)C(=O)NCC1C=CC=CC=1,"1,49"
11 753,OC1C(I)=CC(I)=CC=1I,"4,50"
11 754,COC1=CC(O)=CC(OC)=C1O,"0,17"
11 755,[O-][N+](=O)CC1=NCCN1CCC1C=CC(Cl)=NC=1,"-0,23"
11 756,CN1CCN(CC2C=CC(Cl)=NC=2)C1=N[N+]([O-])=O,"0,26"
11 757,CC(=O)NC1N=CN=C2C=1N=CN2CCC,"0,09"
11 758,CN(C)C(=O)OCCN1C(=CN=C1C)[N+]([O-])=O,"0,47"
11 759,CC1(CO)COC(CN2C=NC=N2)(OC1)C1C=CC(Cl)=CC=1Cl,"2,10"
11 760,CC12CCC3C4CCC(=O)C=C4CCC3C1CCC2(C#C)OC(=O)C1CC=CN(C)C=1,"4,44"
11 761,CC1NC(C)=NC=1[N+]([O-])=O,"0,43"
11 762,CC1N=C(ON=1)C(=NO)SCCN(CC)CC,"0,71"
11 763,S=C=NCCCCCC1C=CC=CC=1,"4,40"
11 764,CC1=NC=C(N1CCNC(=O)OC)[N+]([O-])=O,"0,02"
11 765,O=C(NCCCOC1C=C(CN2CCCCC2)C=CC=1)C1C=CC=CC=1,"3,97"
11 766,CC1C=CC=C(C=1)/C(/O)=N/N(C(=O)C1=CC=CC=C1Cl)C(C)(C)C,"3,11"
11 767,CC12CCC3C(CCC4=CC(=O)CCC43C)C1CCC12CCC(=O)O1,"2,98"
11 768,S=C=NCCCCC1=CN=CC=C1,"2,70"
11 769,COC1C=C2C=CC(=CC2=CC=1)C(C)C(=O)OCC(=O)N(CC)CC,"3,32"
11 770,CN1C(=NC=C1[N+]([O-])=O)C1C=CC=CC=1,"1,58"
11 771,CS(=O)(=O)CCOCN1C=CN=C1C=NO,"-0,84"
11 772,OCC1CCC(O1)N1C=NC2C(=S)N=CNC1=2,"-0,66"
11 773,CC1C=CC(=CC=1)SCCNC1=CC=CC=C1C(N)=O,"3,15"
11 774,CCC1COC(CN2C=NC=N2)(O1)C1C=CC(=CC=1)[N+]([O-])=O,"1,52"
11 775,ClC1C=CC(=CC=1)OC1N=C(N=C(N=1)C(Cl)(Cl)Cl)C(Cl)(Cl)Cl,"5,67"
11 776,OC(=O)CCCCCCCC1C=CC=CC=1,"4,09"
11 777,[O-][N+](=O)C1=NC=CN1CC(F)(F)/C(/O)=N/CCCO,"-0,64"
11 778,OC(=O)C(OCC1C=CC=CC=1)C1C=CC=CC=1,"2,00"
11 779,CCCCCC1=CC=C(C=C1)OCC(OC(=O)N1C=CN=C1)C(C)(C)C,"5,26"
11 780,CCCCOC1C=CC(=CC=1)OCC(OC(=O)N1C=NC=C1)C(C)(C)C,"4,29"
11 781,CC(=O)C1=CC2OCCOCCOCCOCCOCCOC=2C=C1,"-0,05"
11 782,C1C2=CC=CC=C2SC2=CC=CC=C21,"3,86"
11 783,CC1N=C(CC)NC=1[N+]([O-])=O,"0,76"
11 784,CCC1COC(CN2C=NC=N2)(O1)C1C=CC(=CC=1)/N=C(\\O)/C1C=CC(=CC=1)[N+]([O-])=O,"2,17"
11 785,CN1C(=CN=C1C=C)[N+]([O-])=O,"0,62"
11 786,CNC(CC1C=CC=CC=1)C(O)=O,"-1,53"
11 787,OC(=O)C(OCC1C=CC(Cl)=CC=1)C1C=CC=CC=1,"2,60"
11 788,CCC1COC(CN2C=NC=N2)(O1)C1C=CC(=CC=1Cl)N1C=NC=N1,"1,28"
11 789,CCOC(=O)C(/N=C(\\O)/CCCCSC1=NC=NC2NC=NC=21)C1C=CC=CC=1,"1,13"
11 790,CCC(=O)OC1(CCN(C)C(C)C1C)C1C=CC=CC=1,"3,13"
11 791,C=CCN1C=NC=C1[N+]([O-])=O,"0,52"
11 792,CC1=C(CSCCN/C(/NC#N)=N\\C)N=CN1COC(=O)C(C)(C)C,"1,81"
11 793,CCCN1CC(C=C2C1CCC1C=CC(O)=CC=12)NS(=O)(=O)N(CC)CC,"2,63"
11 794,CC1CC2C(CC=1)C(C)(C)OC1C=C(CCCCC)C=C(CCCCN3CC(=O)C4C=CC=CC=4C3=O)C=12,"9,07"
11 795,OC1C=CC(CC(C(O)=O)N2C=CC=C2)=CC=1,"1,56"
11 796,OCC1COC(CN2C=NC=N2)(O1)C1=CC=C(Cl)C=C1Cl,"1,76"
11 797,CCC1=NC=C(N1C)[N+]([O-])=O,"0,68"
11 798,O=CN1C2=CC=CC=C2C2CCNCC1=2,"0,26"
11 799,OC1C=CC=C(Cl)N=1,"0,93"
11 800,CC1N=CC(CO)=C(COCCC(C)C)C=1O,"0,83"
11 801,CC1=C(C2=CC=CC=C2N1C)C(C)=O,"2,03"
11 802,[O-][N+](=O)CC1=NCCN1C1=CN=C(Cl)C=C1,"-0,23"
11 803,[O-][N+](=O)C1=NC=CN1CC(F)(F)/C(/O)=N/CCCCO,"-0,29"
11 804,CC1NN=C(C=1[N+]([O-])=O)C(=O)NC1CC1,"0,25"
11 805,CC1NN=C(C=1[N+]([O-])=O)C(=O)NC1CCCC1,"1,24"
11 806,[O-][N+](=O)C1=NC=CN1COC(CO)CO,"-1,17"
11 807,CC1=NC=C(N1CCNC(=O)OCCCC)[N+]([O-])=O,"1,22"
11 808,CC1NN=C(C=1[N+]([O-])=O)C(=O)NC1CCCCC1,"1,71"
11 809,CC1=NC=C(N1CC/N=C(\\O)/OC1CCCCC1)[N+]([O-])=O,"2,01"
11 810,CC(=O)OC1(CCN(C)C(C)C1C)C1C=CC=CC=1,"2,52"
11 811,COC(=O)CCCCC(S)CCS,"2,27"
11 812,CC(C)(C)C1=CC2OCCOCCOCCOCCOC=2C=C1,"2,26"
11 813,CN1C(CC2C=CC(=CC=2)C(N)=O)=NC=C1[N+]([O-])=O,"0,55"
11 814,CN1C=CCC(=C1)C(=O)OC1CCC(CC1)/N=C(\\O)/N(CCCl)N=O,"2,53"
11 815,CC(C)C(CC(O)C(CC1CCCCC1)NC(=O)C(CCCC)NC(CC1=CC=CC=C1)C(=O)N1CCC(CC1)OCOC)C(=O)NCCCNCCO,"3,50"
11 816,COC1C=C2C=CC(=CC2=CC=1)C(C)C(=O)OCC(=O)N(C)C,"2,05"
11 817,[O-][N+](=O)CC1=NCCCN1CC1C=NC(Cl)=CC=1,"-0,62"
11 818,C/N=C(\\O)/NC1C=CC(=CC=1)C1(CN2C=NC=N2)OC(CO1)CC,"0,62"
11 819,CCC(=O)C1(CCN(C)CC1)C1C=CC=C(O)C=1,"1,02"
11 820,CC12CCC3C(CCC4=CC(=O)CCC43C)C1CCC2(C#C)OC(=O)C1CC=CN(C)C=1,"4,49"
11 821,COC1C=CC(COC(C2=CC=CC=C2)C(O)=O)=CC=1Cl,"2,45"
11 822,COC1N=C(N=C(N=1)C(Cl)(Cl)Cl)C(Cl)(Cl)Cl,"3,64"
11 823,OC(=O)C1=CC=CC2C=CC=C(C=21)C(O)=O,"1,98"
11 824,CC(OCC1=CN(C)C(C=NO)=N1)C(C)(C)C,"2,53"
11 825,CCC(C)N=C(O)C(CC1C=CC=CC=1)=CC1C=CC=CC=1,"3,99"
11 826,CCC(=O)C1(CCN(C)CC1)C1=CC(=CC=C1)OC(=O)OCCCCCC,"3,38"
11 827,C/N=C(\\NC#N)/NC1=CC=CC(=C1)C1=CSC(NC(N)=N)=N1,"1,60"
11 828,OC(=O)C(CC1C=CC(F)=CC=1)N1C=CC=C1,"2,04"
11 829,CCC/N=C1\\NC(=NC(=N\\1)C(Cl)(Cl)Cl)C(Cl)(Cl)Cl,"4,09"
11 830,COC1C=C(CCC)C=C2OC(C)(C)C3CCC(=C)CC3C2=1,"6,26"
11 831,CC1(C)COC(CN2C=NC=N2)(OC1)C1C=CC(=CC=1Cl)N1C=NC=C1,"2,26"
11 832,CN1C(COC2C=CC(Cl)=CC=2)=NC=C1[N+]([O-])=O,"1,80"
11 833,OC(C1CCN(CCCC(=O)C2C=CC=CC=2)CC1)(C1C=CC=CC=1)C1C=CC=CC=1,"4,42"
11 834,CC(C)C(CC(O)C(CC1CCCCC1)NC(=O)C(CCCC)NC(CC1=CC=CC=C1)C(=O)N1CCC(CC1)OCOC)C(=O)NCC(C)(C)N,"3,80"
11 835,N=C1NC(=NC(=N1)C(Cl)(Cl)Cl)C(Cl)(Cl)Cl,"2,47"
11 836,CC1=CC(O)=CC(Br)=C1O,"1,38"
11 837,CCOC(=O)CN1C=CN=C1C=CC1=CC=C(O1)[N+]([O-])=O,"1,27"
11 838,C=CCN1C=CC=N1,"0,35"
11 839,OC(=O)CCCCCNCCC1C=CC=CC=1,"-1,30"
11 840,[O-][N+](=O)C1=NC=CN1CCN1CCCCC1,"0,36"
11 841,CCC(OCC)(OCC)OCC,"1,97"
11 842,CC(C)(C)C1=CC2OCCOCCOCCOCCOCCOC=2C=C1,"1,71"
11 843,CC12C(OC(=O)CCCC(=O)OC3C4C(CC(C)C5C=CC(=O)C53C)OC(=O)C4=C)C3C(CC(C)C1C=CC2=O)OC(=O)C3=C,"1,37"
11 844,CC1CCCC(C)C1/N=C(\\O)/N(CCCl)N=O,"2,57"
11 845,C#CCCOCN1C=CN=C1C=NO,"0,67"
11 846,CN(CCCN1C=CN=C1C=NO)S(=O)(=O)C(F)(F)F,"1,77"
11 847,CC1CC(C)CC(=C1C(O)=O)C(O)=O,"1,53"
11 848,CC1CCCN=1,"1,87"
11 849,CCC1COC(CN2C=NC=N2)(O1)C1C=CC(=CC=1)NC(=O)C(F)(F)F,"1,08"
11 850,O=N1=NC2=CC=CC=C2C2=CC=CC=C12,"2,24"
11 851,CC1C=C(C=CC=1C1COC(CC)(CC)OC1)NC(=O)N(C)C,"2,76"
11 852,ClC(Cl)(Cl)C1N=C(N=C(N=1)C(Cl)(Cl)Cl)C(Cl)(Cl)Cl,"3,75"
11 853,N=C1NN(=O)=C2C=C(C=CC2=N1=O)OCC(O)CO,"-1,10"
11 854,CC(C)(C)N1C=CN=C1C=NO,"0,85"
11 855,CC(C)C(CC(O)C(CC1CCCCC1)NC(=O)C(CCCC)NC(CC1=CC=CC=C1)C(=O)N1CCC(CC1)OCOC)C(=O)NCCC[N+]1([O-])CCOCC1,"3,60"
11 856,CC1(C)C2CC(=O)C1(CC2)S(=O)(=O)OC1=CC(C(C)C)=C(C=C1C)OCCN(C)C,"4,37"
11 857,CSCCC/N=C(\\O)/C(F)(F)CN1C=NC(=N1)[N+]([O-])=O,"0,76"
11 858,CC1CSC2C(/N=C(\\O)/C(OC(=O)CCCCCC)C3C=CC=CC=3)C(=O)N2C=1C(O)=O,"3,23"
11 859,C/C(/O)=N/C(CC(C)C)/C(/O)=N/C(CCC(O)=O)/C(/O)=N/C(CC1C=CC=CC=1)C(=N)O,"0,47"
11 860,CCOC(=O)CC1C=CC(O)=C2N=CC=CC2=1,"2,26"
11 861,[O-][N+](=O)CC1=NCCN1CC1C=CC(Cl)=NC=1,"-0,19"
11 862,CC1C=CC(=CC=1)/N=C(\\O)/C1=NNC(C)=C1[N+]([O-])=O,"2,34"
11 863,CC(C)(C)N(/N=C(\\O)/C1=CC=CC=C1F)C(=O)C1=CC=CC=C1Cl,"2,63"
11 864,CC1C=CC(=CC=1)C(CS(=O)(=O)C1C=CC=CC=1)C(=O)CC,"2,70"
11 865,CC(C)/N=C(/O)\\C1(O)C(C)CC2C3CCC4=CC(=O)C=CC4(C)C3(F)C(O)CC12C,"2,43"
11 866,COC(=O)C1=CN=C(Cl)C=N1,"0,47"
11 867,CC/N=C1\\NC(=NC(=N\\1)C(Cl)(Cl)Cl)SC,"3,87"
11 868,CCN1C(=O)C2C=CC=C(Cl)C=2C(=O)C1=O,"1,43"
11 869,[O-][N+](=O)C=C1SCCN1CC1C=NC(Cl)=CC=1,"0,65"
11 870,CC1CC2C3CCC4=CC(=O)C=CC4(C)C3(F)C(O)CC2(C)C1(O)/C(/O)=N\\C,"1,54"
11 871,OCCOC1C=CC=CC=1Cl,"1,81"
11 872,CC1N=CN=C2C=1N=CN2C1CCC(CO)O1,"-0,12"
11 873,CSC1=NC(=NC(NC2=CC=C(Cl)C=C2)=N1)C(Cl)(Cl)Cl,"5,71"
11 874,CC(C)CCCNC(=O)C1(O)C(C)CC2C3CCC4=CC(=O)C=CC4(C)C3(F)C(O)CC12C,"3,93"
11 875,CCN1C(=O)C2C=CC=C(OC)C=2C(=O)C1=O,"0,90"
11 876,CC1(C)C2C(OC(C)=O)C(=O)C3(C)C(C(OC(=O)C4C=CC=CC=4)C1(O)CC(OC(=O)C(O)CNC(=O)C1C=CC=CC=1)C=2C)C1(COC1CC3O)OC(C)=O,"1,75"
11 877,CC(O)COC1C=CC=CC=1,"1,61"
11 878,CCC(=O)C(CS(=O)(=O)C1C=CC(C)=CC=1)C1C=CC(C)=CC=1,"3,30"
11 879,CC1=CC(C)=C(Cl)C=C1,"3,83"
11 880,CC1CC2C3CCC4=CC(=O)C=CC4(C)C3(F)C(O)CC2(C)C1(O)/C(/O)=N\\CC,"2,07"
11 881,CC1CC2C3CCC4=CC(=O)C=CC4(C)C3(F)C(O)CC2(C)C1(O)C(=O)NCC1C=CC=CC=1,"3,28"
11 882,CC1=CC(=CC=C1)OCCO,"1,76"
11 883,CCN1C(=O)C(=O)C2C=CC=C(OC)C=2C1=O,"0,94"
11 884,COCCC/N=C(\\O)/C(F)(F)CN1C=NC(=N1)[N+]([O-])=O,"0,01"
11 885,C/C(/O)=N/C(CCSC)/C(/O)=N/C(CC1C=CC=CC=1)C(=N)O,"0,42"
11 886,ClC1C=CC(=CC=1)SC1N=C(N=C(N=1)C(Cl)(Cl)Cl)C(Cl)(Cl)Cl,"6,67"
11 887,CCN1C(=O)C2=CC=CC(C#N)=C2C(=O)C1=O,"0,41"
11 888,CC1C=CC(=CC=1)S(=O)(=O)CC(C(=O)CC)C1C=CC(Cl)=CC=1,"3,43"
11 889,CC1CC2C3CCC4=CC(=O)C=CC4(C)C3(F)C(O)CC2(C)C1(O)/C(/O)=N\\CCC,"2,59"
11 890,CC(C)C/N=C(/O)\\C1(O)C(C)CC2C3CCC4=CC(=O)C=CC4(C)C3(F)C(O)CC12C,"3,01"
11 891,CC1CSC2C(/N=C(\\O)/C(OC(=O)CCC)C3C=CC=CC=3)C(=O)N2C=1C(O)=O,"1,89"
11 892,CC1=CC(Cl)=CC(C)=C1,"3,88"
11 893,CN(C)N=NC1C=C(C=CC=1)C(=N)O,"1,30"
11 894,CSCC/N=C(\\O)/C(F)(F)CN1C=NC(=N1)[N+]([O-])=O,"0,41"
11 895,C/C(/O)=N/C(CCCN)/C(/O)=N/C(C(C)CC)/C(/O)=N/C(C(C)C)C(=N)O,"-0,43"
11 896,C/C(/O)=N/C(C)/C(/O)=N/C(CCC(O)=O)/C(/O)=N/C(C)/C(/O)=N/C(C)(C)C,"-0,67"
11 897,CC1CC2C3CCC4=CC(=O)C=CC4(C)C3(F)C(O)CC2(C)C1(O)/C(/O)=N\\CCCC,"3,10"
11 898,CC1CC2C3CCC4=CC(=O)C=CC4(C)C3(F)C(O)CC2(C)C1(O)/C(/O)=N\\CC(=O)OC,"1,69"
11 899,CC1NC2C=CC=C3C=2C=1CC1NCC(C=C31)C(=O)NC1(OC2(O)C3CCCN3C(=O)C(C(C)C)N2C1=O)C(C)C,"3,15"
11 900,[O-][N+](=O)C1N=CN(CC(F)(F)/C(/O)=N/CCCO)N=1,"-0,63"
11 901,CC(=O)NC(CC(C)C)C(=O)NC(CC1C=CC=CC=1)C(=O)NC(CCCNC(N)=N)C(N)=O,"-0,12"
11 902,[O-][N+](=O)C1N=CN(CC(F)(F)CO)N=1,"-0,21"
11 903,CN1C2C=CC(=CC=2C(=NCC1=O)C1=CC=CC=C1Cl)[N+]([O-])=O,"2,56"
11 904,CC1CC2C3CCC4=CC(=O)C=CC4(C)C3(F)C(O)CC2(C)C1(O)/C(/O)=N\\CCCCC,"3,64"
11 905,CC1CSC2C(/N=C(\\O)/C(OC(=O)CC)C3C=CC=CC=3)C(=O)N2C=1C(O)=O,"1,47"
11 906,CC(=O)OCC(O)CN1C=CN=C1[N+]([O-])=O,"-0,37"
11 907,C/C(/O)=N/C(CCSC)/C(/O)=N/C(C(C)C)C(=N)O,"-0,28"
11 908,CC1(C)C2C(OC(C)=O)C(=O)C3(C)C(C(OC(=O)C4C=CC=CC=4)C1(O)CC(OC(=O)C(C)O)C=2C)C1(COC1CC3O)OC(C)=O,"1,52"
11 909,OC1C=CC(O)=C2N=CC=CC=12,"1,42"
11 910,OCCOC1C=CC(Cl)=CC=1,"1,99"
11 911,CC(O)COC1C=CC(Cl)=CC=1,"2,41"
11 912,OC1C=CC(C=O)=C2C=CC=NC2=1,"1,63"
11 913,CCN1C(=O)C2C=CC=C(C=2C(=O)C1=O)C(=O)OCC,"1,31"
11 914,CC(=O)OC(C1C=CC=CC=1)/C(/O)=N/C1C2SCC(C)=C(C(O)=O)N2C1=O,"1,02"
11 915,OC1C=CC(CO)=C2C=CC=NC=12,"1,00"
11 916,COCC(CN1C=CN=C1[N+]([O-])=O)OC,"0,06"
11 917,COCCC/N=C(\\S)/C(F)(F)CN1C=NC(=N1)[N+]([O-])=O,"1,10"
11 918,COCC(F)CN1C=NC(=N1)[N+]([O-])=O,"-0,04"
11 919,OCC1CCC(O1)N1C=NC2=CN=CN=C12,"-0,47"
11 920,[O-][N+](=O)C1=CN=C(C=CC2C=CC=CC=2)N1CCO,"2,25"
11 921,CCN1C(=O)C2=CC=CC(=C2C(=O)C1=O)[N+]([O-])=O,"0,82"
11 922,C/C(/O)=N/C(CCCCN)/C(/O)=N/C(CC1C=CC=CC=1)/C(/O)=N/C(CC(C)C)C(=N)O,"0,98"
11 923,CC1(C)SC2C(/N=C(\\O)/C3=C(CO)ON=C3C3C(F)=CC=CC=3Cl)C(=O)N2C1C(O)=O,"2,23"
11 924,COC(=O)C1(CC1(Cl)Cl)C1C=CC(=CC=1)OCC,"4,10"
11 925,C/C(/O)=N/C(CCCCN)/C(/O)=N/C(CC1C=CC=CC=1)/C(/O)=N/C(C(C)C)C(=N)O,"0,51"
11 926,CN1CC(C=C2C1CC1=CNC3=CC=CC2=C31)N(CC)S(=O)(=O)N(CC)CC,"3,09"
11 927,NC1N=CN=C2C=1N=CN2C1OC(CC1O)CO,"-0,61"
11 928,N=C1NC(=N)N=CC1CC1C=CC=C(Cl)C=1Cl,"2,81"
11 929,C/C(/O)=N/C(C(C)CC)/C(/O)=N/C(CC(C)C)/C(/O)=N/C(CC(O)=O)C(=N)O,"-0,04"
11 930,C/C(/O)=N/C(CC(C)C)/C(/O)=N/C(CCCN)/C(/O)=N/C(CC1C=CC=CC=1)C(=N)O,"0,53"
11 931,CC1CC2C3CCC4=CC(=O)C=CC4(C)C3(F)C(O)CC2(C)C1(O)/C(/O)=N\\CC#C,"2,00"
11 932,COC1=CC=C(C=C1CC1C=NC(=N)NC1=N)OC,"1,70"
11 933,C/C(/O)=N/C(CCCCN)/C(/O)=N/C(CC(C)C)C(=N)O,"-0,26"
11 934,C/C(/O)=N/C(CCCN)/C(/O)=N/C(CC1C=CC=CC=1)/C(/O)=N/C(CC(C)C)C(=N)O,"0,54"
11 935,OCC1CC(F)C(O1)N1C=NC2=C(I)N=CN=C12,"0,63"
11 936,CCN1C(=O)C2C=C(C=C(OC)C=2C(=O)C1=O)OC,"1,23"
11 937,CCN1C(=O)C2=CC=CC(=C2C(=O)C1=O)C(=O)N(CC)CC,"0,78"
11 938,COCC1C=CC(O)=C2N=CC=CC2=1,"1,78"
11 939,CC1=C(C(=O)C(Br)=C(C1=O)N1CC1)N1CC1,"1,36"
11 940,COC(=O)C1C=CC(=CC=1)OCC(OC(=O)N1C=NC=C1)C(C)(C)C,"3,59"
11 941,C(C1C=CC=CC=1)N1N=NC=N1,"1,03"
11 942,CN1C(=O)C(=O)C2=CC=CC=C2C1=O,"0,60"
11 943,C/C(/O)=N/C(CCCN)/C(/O)=N/C(CC(C)C)C(=N)O,"-0,71"
11 944,NC1N=C(Cl)N=C2C=1N=CN2C1OC(CO)C(O)C1O,"-0,37"
11 945,CC(C)(C)/N=C(\\O)/C1(O)C(C)CC2C3CCC4=CC(=O)C=CC4(C)C3(F)C(O)CC12C,"3,20"
11 946,CCCN1C(=O)C2=CC=CC=C2C(=O)C1=O,"1,60"
11 947,CS(=O)(=O)N(C1C=CC=CC=1[N+]([O-])=O)S(C)(=O)=O,"0,81"
11 948,CC(C)CC/N=C(/O)\\C1(O)C(C)CC2C3CCC4=CC(=O)C=CC4(C)C3(F)C(O)CC12C,"3,74"
11 949,CC1=CN=C(N1CC(O)COC)[N+]([O-])=O,"0,03"
11 950,CC1CSC2C(/N=C(\\O)/C(OC(=O)C(C)C)C3C=CC=CC=3)C(=O)N2C=1C(O)=O,"2,05"
11 951,CCN1C(=O)C(=O)C2=CC=CC=C2C1=O,"1,13"
11 952,C/C(/O)=N/C(CCCCN)/C(/O)=N/C(CC1C=CC=CC=1)C(=N)O,"0,12"
11 953,COCCN1CCC2C(Cl)=CC=CC=2CC1,"3,00"
11 954,O=C1C2=CC=CC=C2C(=O)N(C2C=CC=CC=2)C1=O,"1,14"
11 955,COC1C=C(C=CC=1)C(=O)NP(=O)(N1CC1)N1CC1,"0,86"
11 956,CC1CC2C3CCC4=CC(=O)C=CC4(C)C3(F)C(O)CC2(C)C1(O)C(N)=O,"1,41"
11 957,CCN1C(=O)C2C=C(Cl)C=CC=2C(=O)C1=O,"1,79"
11 958,CC(O)C/N=C(\\O)/C(F)(F)CN1C=NC(=N1)[N+]([O-])=O,"-0,47"
11 959,C/C(/O)=N/C(CC1C=CC=CC=1)/C(/O)=N/C(CCCCN)C(=N)O,"0,14"
11 960,NC1N=CN=C2C=1N=C(F)N2C1CCC(CO)O1,"-0,03"
11 961,OCC1CC(F)C(O1)N1C=NC2=C(Br)N=CN=C12,"0,44"
11 962,C/C(/O)=N/C(CC1C=CC=CC=1)/C(/O)=N/C(CC(O)=O)/C(/O)=N/C(CC(C)C)C(=N)O,"0,39"
11 963,C/C(/O)=N/C(CC(C)C)/C(/O)=N/C(CCCCN)/C(/O)=N/C(CC1C=CC=CC=1)C(=N)O,"1,14"
11 964,C/C(/O)=N/C(CC(O)=O)/C(/O)=N/C(CC1C=CC=CC=1)/C(/O)=N/C(CC(C)C)C(=N)O,"0,40"
11 965,OC1C=CC(I)=C2C=CC=NC2=1,"3,27"
11 966,OC1C=CC(F)=C2C=CC=NC2=1,"2,30"
11 967,CC(C)CN1C(=O)C(=O)C2=CC=CC=C2C1=O,"2,08"
11 968,CC1CC2C3CCC4=CC(=O)C=CC4(C)C3(F)C(O)CC2(C)C1(O)C(=O)NCC1C=CC(=CC=1)[N+]([O-])=O,"3,44"
11 969,CC1(OC(=O)N=C1O)C1C=CC=CC=1,"1,85"
11 970,CN(C)N=NC1C=CC(=CC=1)[N+]([O-])=O,"3,25"
11 971,CC(C)N1C(=O)C(=O)C2=CC=CC=C2C1=O,"1,60"
11 972,COCC/N=C(\\O)/C(F)(F)CN1C=NC(=N1)[N+]([O-])=O,"-0,15"
11 973,CC(=O)C1C=CC(O)=C2N=CC=CC=12,"1,80"
11 974,CC1C=CC(=CC=1)C(=O)OCCN(C)C,"2,53"
11 975,CCCCN1C(=O)C(=O)C2=CC=CC=C2C1=O,"2,18"
11 976,N#CNC1=NCCN1CC1C=CC=NC=1,"0,77"
11 977,COC(C)(C(O)=O)C1C=CC=CC=1,"1,64"
11 978,CN1C(=CN=C1C(N)=O)[N+]([O-])=O,"0,29"
11 979,COC1C(Br)=CC(CC2=CN=C(N)N=C2N)=CC=1OC,"2,23"
11 980,N=C1NC(=N)N=CC1CC1C=CC=C(C=1)OCC(=N)O,"0,28"
11 981,CC1CSC2C(/N=C(\\O)/C(O)C3C=CC=CC=3)C(=O)N2C1C(O)=O,"0,47"
11 982,C/C(/O)=N\\C(CC(C)C)/C(/O)=N/C(CC(O)=O)/C(/O)=N/C(CC(C)C)C(=N)O,"0,16"
11 983,[O-][N+](=O)C1=NC=CN1CC/C(/O)=N/CCO,"-1,08"
11 984,CCCCC1=CC=C(C=C1)C(=O)OCCN(C)C,"4,06"
11 985,CCC(C)N1C(=O)C(=O)C2=CC=CC=C2C1=O,"2,15"
11 986,CC1CC2C3CCC4=CC(=O)C=CC4(C)C3(F)C(O)CC2(C)C1(O)/C(/O)=N\\CCCl,"2,73"
11 987,[O-][N+](=O)C1N=CN(CC(F)(F)/C(/O)=N/CCO)N=1,"-0,77"
11 988,CCOC(=O)C1=CC=C(C=C1)OCC(OC(=S)N1C=NC=C1)C(C)(C)C,"4,77"
11 989,CCN1C(=O)C(=O)C2=CC3=CC=CC=C3C=C2C1=O,"2,47"
11 990,N=C1N=C(Cl)C2N=CN(C3OC(CO)CC3F)C2=N1,"0,28"
11 991,O/C(/CC1C=CC=CC=1)=N\\CCNCC(O)COCC1C=CC=CC=1,"1,45"
11 992,CC1CC2C3CCC4=CC(=O)C=CC4(C)C3(F)C(O)CC2(C)C1(O)/C(/O)=N\\CC#N,"1,57"
11 993,N#CCC1C=CC(O)=C2N=CC=CC2=1,"1,81"
11 994,COC1=NC=NC2=C1N=CN2C1OC(CC1F)CO,"0,25"
11 995,SC(=NC1C=CC=CC=1)N=NCC1=CC=CN1,"3,73"
11 996,CCC1CC2C3CCC4=CC(=O)CCC4C3CCC2(C)C1C(=O)CF,"4,66"
11 997,[O-][N+](=O)C1NN=CN=1,"-0,33"
11 998,CC(CCC(N)=O)N1N=NC2=CC=CC=C12,"1,15"
11 999,COC(=O)C1(CC(F)(F)C1(F)F)C1C=CC(=CC=1)OCC,"4,06"
12 000,CC(C)(C)C(COC1=CC=C(C=C1)S(C)(=O)=O)OC(=O)N1C=NC=C1,"2,59"
12 001,CC1CC2C3CCC4=CC(=O)C=CC4(C)C3(F)C(O)CC2(C)C1(O)C(=O)NCCCCCC,"4,54"
12 002,CN(C)N=NC1C=CC(=CC=1)S(C)(=O)=O,"1,59"
12 003,COC1C=CC(=CC=1)C(=O)NP(=O)(N1CC1)N1CC1,"1,08"
12 004,CN(C)N=NC1C=CC(=CC=1)C(F)(F)F,"4,00"
12 005,COC(O)CN1C(=NC(Br)=C1Br)[N+]([O-])=O,"1,02"
12 006,CS(=O)C1=CC(OC)=C(C=C1)C1NC2=CC=CC=C2N=1,"2,15"
12 007,CCOC1=NC=NC2=C1N=CN2C1OC(CO)CC1F,"0,80"
12 008,C/C(/O)=N/C(CC(O)=O)/C(/O)=N/C(C(C)CC)/C(/O)=N/C(CC1C=CC=CC=1)C(=N)O,"0,61"
12 009,CC12C=CC(=O)C=C1CCC1C3CC(C(C(=O)CO)C3(C)CC(O)C21F)C(=O)OC,"1,78"
12 010,COC(O)CN1C(Br)=CN=C1[N+]([O-])=O,"0,16"
12 011,CCN1C(=O)C2C=C(C=CC=2C(=O)C1=O)OC,"1,49"
12 012,CN1C=CCC1C1=CN=CC=C1,"1,47"
12 013,C(C1C=CC=CC=1)N1C=NN=N1,"1,36"
12 014,COC(=O)C1=CC2C=CNC=2C=C1,"2,58"
12 015,C#CCOC1C(Cl)=CC(=CC=1Cl)/N=C/NOCC1C=CC=CC=1,"4,20"
12 016,C/C(/O)=N/C1N=CN=C2C=1N=CN2C1CC(O)C(CO)O1,"-0,19"
12 017,OCC1CC(F)C(O1)N1C=NC2=C(F)N=CN=C12,"0,06"
12 018,CCN1C(=O)C2=CC=CC(C(=N)O)=C2C(=O)C1=O,"-0,50"
12 019,CC1CC2C3CCC4=CC(=O)C=CC4(C)C3(F)C(O)CC2(C)C1(O)C(=O)NC(CO)C1C=CC=CC=1,"2,89"
12 020,N=C1C=CN2C3OC(CCl)C(O)C3OC2=N1,"-3,10"
12 021,NC1=CC=CC=C1S(N)(=O)=O,"0,22"
12 022,OC(=NC1C=CC=CC=1)N=NCC1=CC=CN1,"2,96"
12 023,OC1CC(N=1)SC1=NC2=CC=CC=C2S1,"2,30"
12 024,NC(COCC1C=CC=NC=1)C(O)=O,"-2,44"
12 025,CC1CC2C3CCC4=CC(=O)C=CC4(C)C3(F)C(O)CC2(C)C1(O)C(=O)NCC(OCC)OCC,"2,65"
12 026,CC(C)(C)NC(=O)C1CN(CCN1CC(O)CC(CC1C=CC=CC=1)C(=O)NC1C(O)CC2C=CC=CC=21)S(=O)(=O)C1C=CC=C2C=CC=NC2=1,"3,70"
12 027,CCN(CC)N=NC1=CC=CC=C1C(=N)O,"2,96"
12 028,CC(C)(C)NC(=O)C1CN(CCN1CC(O)CC(CC1C=CC=CC=1)C(=O)NC1C(O)CC2C=CC=CC=21)C(=O)OCC1C=CC=CC=1,"4,67"
12 029,COCC(O)CN1N=CC(=N1)[N+]([O-])=O,"-0,07"
12 030,CCCCN(C)N=NC1=CC=CC=C1C(N)=O,"3,52"
12 031,C#CCOC1=C(Cl)C=C(C=C1Cl)N=CNOCC=CCl,"3,90"
12 032,OC1CC(N=1)SC1C=CN=CC=1,"0,61"
12 033,CN(CC=C)N=NC1=CC=CC=C1C(N)=O,"2,91"
12 034,C1C2CC3CC1(CC(C2)C3)N1N=CN=N1,"2,95"
12 035,CCOC(=O)C1C=CC(=CC=1)N=NN(C)C,"3,66"
12 036,CCN1C(=O)C(=O)C2=CC(OC)=C(C=C2C1=O)OC,"1,31"
12 037,NC1=CC2=C(C=C1)C(=O)N(O)C2=O,"0,16"
12 038,CCN(C)N=NC1=CC=CC=C1C(N)=O,"2,59"
12 039,CC1C=CC(=CC=1)ON/C=N/C1=CC(Cl)=C(OCC#C)C(Cl)=C1,"4,80"
12 040,COC(=O)C(=C1SC=CS1)C(=O)OCCC,"2,72"
12 041,N=C(O)C1=CC(N=NC1=NCCN1CCOCC1)C1C=CC=CC=1,"1,86"
12 042,CCC(C)ON/C=N/C1=CC(Cl)=C(OCC#C)C(Cl)=C1,"4,20"
12 043,CC1CC2C3CCC4=CC(=O)C=CC4(C)C3(F)C(O)CC2(C)C1(O)/C(/O)=N\\CCO,"1,51"
12 044,C=CCON/C=N/C1=CC(Cl)=C(OCC#C)C(Cl)=C1,"3,70"
12 045,CC(=O)OC1CC(OC2CCC3(C)C4CC(O)C5(C)C(CCC5(O)C4CCC3C2)C2COC(=O)C=2)OC(C)C1OC1CC(O)C(OC2CC(O)C(O)C(C)O2)C(C)O1,"1,71"
12 046,[O-][N+](=O)C1N=CN(CC/C(/O)=N/CCO)N=1,"-1,32"
12 047,C#CCOC1C(Cl)=CC(=CC=1Cl)/N=C/NOC1C=CC=CC=1,"4,40"
12 048,C#CCOC1C(Cl)=CC(=CC=1Cl)/N=C/NO,"2,80"
12 049,CCCCON/C=N/C1=CC(Cl)=C(OCC#C)C(Cl)=C1,"4,40"
12 050,CC12CCC3C(CCC4(O)CC(CCC43C=O)OC3CC(OC)C(O)CO3)C1(O)CCC2C1COC(=O)C=1,"0,64"
12 051,CC(C)(C)C(=O)OCOC(=O)C1=C(CSC2=NN=NN2C)CSC2N1C(=O)C2(NC(=O)CSC(F)F)OC,"2,31"
12 052,CN(C)N=NC1C=CC(=CC=1)S(=O)(=O)CCO,"1,15"
12 053,CN1CC(O)N(C1=O)C1=NN=C(S1)C(C)(C)C,"1,49"
12 054,C#CCOC1=C(Cl)C=C(C=C1Cl)/N=C/NOCCCl,"3,70"
12 055,CN(CC1C=CC=CC=1)C(=O)C(CC1C=CC=CC=1)NC(=O)C(CC1=CN(C2C=CC=CC1=2)C(=O)OCC1C=CC=CC=1)NC(=O)CC1NC(=O)C(C)NC1=O,"5,66"
12 056,NC(=O)CC1=CC=CC2C=CC=NC=21,"1,87"
12 057,O=C1C(=C(Br)C(=O)C(=C1Br)N1CC1)N1CC1,"2,03"
12 058,CN(C)CC1=CC=C(O1)C1=CC(=CC=C1)NC1NC=CC=1[N+]([O-])=O,"3,10"
12 059,COCC(O)CN1C=C(N=N1)[N+]([O-])=O,"-0,36"
12 060,C/C(/O)=N/C(CCCN)/C(/O)=N/C(CC1C=CC=CC=1)C(=N)O,"0,41"
12 061,CC(C)ON/C=N/C1=CC(Cl)=C(OCC#C)C(Cl)=C1,"3,90"
12 062,CCCO/N=C/NC1=CC(Cl)=C(OCC#C)C(Cl)=C1,"4,00"
12 063,O=C(C1=CNC2=CC=CC=C12)C(F)(F)F,"3,44"
12 064,C#CCOC1C(Cl)=CC(=CC=1Cl)N/C=N/OCC#C,"3,30"
12 065,CCON/C=N/C1C=C(Cl)C(OCC#C)=C(Cl)C=1,"3,60"
12 066,CC(CC)OC(=O)C(=C1SC=CS1)C(=O)OC(C)CC,"4,89"
12 067,CC(=O)OC1CC(OC(C)C1OC1CC(O)C(O)C(C)O1)OC1C(O)CC(OC2CCC3(C)C4CC(O)C5(C)C(CCC5(O)C4CCC3C2)C2COC(=O)C=2)OC1C,"2,00"
12 068,N=C(O)C1=CC=CC=C1N=NN1CCC1,"2,91"
12 069,CCOCCN(CC(O)C1=CC(=NC2=CC=CC=C21)C1=CC(Cl)=C(Cl)C=C1)CCOCC,"5,76"
12 070,C1=CC=CC=C1C1NN=NN=1,"1,65"
12 071,CON/C=N/C1=CC(Cl)=C(OCC#C)C(Cl)=C1,"3,30"
12 072,CCOC(=O)CNC(=O)CNC(=O)CNC(=O)CNC(=O)CCCCSC1NC=NC2=NC=NC=12,"-0,23"
12 073,CN1CCN(CC1)C1N=C(NC)N=C(Cl)C=1SC,"2,99"
12 074,CC(C)NCC(COC1=CC=CC2=CC=CC=C12)OS(O)(=O)=O,"1,16"
12 075,CCOCCON/C=N/C1=CC(Cl)=C(OCC#C)C(Cl)=C1,"3,70"
12 076,CSCON/C=N/C1=CC(Cl)=C(OCC#C)C(Cl)=C1,"3,60"
12 077,CCOC(=O)CON/C=N/C1=CC(Cl)=C(OCC#C)C(Cl)=C1,"3,60"
12 078,CCOCON/C=N/C1=CC(Cl)=C(OCC#C)C(Cl)=C1,"3,50"
12 079,COCCC/N=C(\\S)/CN1C=NC(=N1)[N+]([O-])=O,"0,63"
12 080,CN1C(=O)NC(=O)C(=O)C1=O,"-1,01"
12 081,COCC/N=C(\\S)/CN1C=NC(=N1)[N+]([O-])=O,"0,25"
12 082,COCON/C=N/C1=CC(Cl)=C(OCC#C)C(Cl)=C1,"3,20"
12 083,OC(=O)C1=CC=CC=C1N1C(=O)CCC1=O,"1,55"
12 084,C#CCOC1=C(Cl)C=C(C=C1Cl)/N=C/NOCC#N,"3,00"
12 085,CCN1C(=O)N=C(O)C(=O)C1=O,"-0,32"
12 086,CN1C(=O)N(C)C(=O)C(=O)C1=O,"-0,60"
12 087,CCCN1C(=O)N=C(O)C(=O)C1=O,"0,28"
12 088,OC1=NC(=O)N(CC2C=CC=CC=2)C(=O)C1=O,"1,02"
12 089,CCCCN1C(=O)N=C(O)C(=O)C1=O,"0,81"
12 090,CC(C)CN1C(=O)N=C(O)C(=O)C1=O,"0,76"
12 091,CC12CCC3C(CCC4CC(CCC43C)OC3CC(OC=O)C(OC4CC(OC=O)C(OC5CC(O)C(OC=O)C(C)O5)C(C)O4)C(C)O3)C1(CC(OC=O)C2C1COC(=O)C=1)OC=O,"3,16"
12 092,FC(F)(F)C1(F)C(F)(F)C(F)(F)C(F)(N2C(F)(F)C(F)(F)C(F)(F)C(F)(F)C2(F)F)C(F)(F)C1(F)F,"7,10"
12 093,C/C(/O)=N/C1CCC2C=C(OC)C(=O)C(OC)C2C2=CC=C(OC)C(=O)C=C21,"0,47"
12 094,CCCCCC(=O)OCCOCN1C=NC2C(O)=NC(=N)NC1=2,"0,93"
12 095,OC1C=CN(C2C=C(CO)C(O)C2O)C(=O)N=1,"-2,19"
12 096,CCCN(CCC)C=NC1C=CN(C2CC(O)C(CO)O2)C(=O)N=1,"0,40"
12 097,CC(CCC)C(=O)OCC1CCC(O1)N1C=NC2C(O)=NC=NC1=2,"1,00"
12 098,OC1=N/C(/NC2=C1N=CN2CC(O)CSCCO)=N/C1C=CC=CC=1,"0,83"
12 099,CC(C)(C)C(=O)OCCOCN1C=NC2C(O)=NC(=N)NC1=2,"0,30"
12 100,CCCN(CCC)C=NC1C=CN(C2OC(CO)C(O)C2O)C(=O)N=1,"0,24"
12 101,OCCN1C=NC2C(=O)N=C(NC3C=CC=CC=3)NC1=2,"0,83"
12 102,OC1C=C2OC(=O)C=CC2=CC=1,"1,58"
12 103,OC1=N/C(/NC2=C1N=CN2C1CC(O)C(CO)O1)=N/C1C=CC=CC=1,"0,40"
12 104,COC1C=CC2=C3C=1C=C(C)N3C(=O)C=C2C,"2,84"
12 105,CCCOC1C=CC2C=CC(=O)OC=2C=1,"2,86"
12 106,COC1=CC=C2C=CC(=O)OC2=C1,"1,74"
12 107,CCCCCOC1=CC2OC(=O)C=CC=2C=C1,"3,92"
12 108,N=C1N=C(O)N(C=C1I)C1CCC(CO)O1,"-0,31"
12 109,CC1=CC(=O)OC2C=C(C=CC=21)OC1OC(CO)C(O)C(O)C1O,"-0,66"
12 110,COC1=C(C=C2CCC(NC(=O)C(F)(F)F)C3=CC(=O)C(=CC=C3C2=C1OC)OC)OC,"1,72"
12 111,CC(=O)NC1CCC2=CC(O)=C(OC)C(OC)=C2C2=CC=C(SC)C(=O)C=C21,"1,43"
12 112,CC1=CC(OC)=C(OC)C2=C1CCC(NC(=O)C1C=CC(=CC=1)[N+]([O-])=O)C1=CC(=O)C(=CC=C12)OC,"2,96"
12 113,CCN(CC)C=NC1C=CN(C2OC(CO)C(O)C2O)C(=O)N=1,"-0,76"
12 114,CC(C)N(C=NC1C=CN(C2OC(CO)C(O)C2O)C(=O)N=1)C(C)C,"0,01"
12 115,CN(C)C=NC1C=CN(C2OC(CO)C(O)C2O)C(=O)N=1,"-1,68"
12 116,CCCC1C=CC(OCC(C)O)=C2C=1OC(=CC2=O)C(O)=O,"3,00"
12 117,OC(=O)CCC1=CC(=O)C2C=C3CCCCC3=CC=2O1,"2,85"
12 118,N=C1NC2=C(N=CN2C2OC(CC2F)CO)C(O)=N1,"-1,18"
12 119,CC1=CN(C2CC(N=[N+]=[N-])C(COC(=O)CNC(=O)C34CC5CC(C3)CC(C4)C5)O2)C(=O)NC1=O,"2,10"
12 120,CC1=CN(C2CC(N=[N+]=[N-])C(COC(=O)CCCNC(=O)C34CC5CC(C3)CC(C4)C5)O2)C(=O)NC1=O,"2,47"
12 121,CC1=CN(C2CC(N=[N+]=[N-])C(COC(=O)CCNC(=O)C34CC5CC(C3)CC(C4)C5)O2)C(=O)NC1=O,"2,14"
12 122,OC1=N/C(/NC2=C1N=CN2CC(O)CO)=N/C1C=CC=CC=1,"0,40"
12 123,COCCN1C=NC2C(O)=N/C(/NC1=2)=N/C1C=CC=CC=1,"1,20"
12 124,C=CCN1C=NC2C(O)=N/C(/NC1=2)=N/C1C=CC=CC=1,"1,75"
12 125,CC1C(=O)C(=O)C=CN1C1C=CC=CC=1,"1,12"
12 126,CC1C=CC(=CC=1)N1C=CC(=O)C(=O)C1C,"1,72"
12 127,COC1C=CC(=CC=1)N1C=CC(=O)C(=O)C1C,"1,27"
12 128,CC1C(=O)C(=O)C=CN1C1C=CC(=CC=1)[N+]([O-])=O,"0,76"
12 129,CC1=CC=CC=C1C(=O)OCC1CCC(O1)N1C=NC2C(O)=NC=NC1=2,"1,02"
12 130,OCCN1(=O)CCN(CC1)C(=O)CN1C2C=C(Cl)C=CC=2SC1=O,"0,05"
12 131,OC(=O)CN1(=O)CCN(CC1)C(=O)CN1C2C=C(Cl)C=CC=2SC1=O,"0,21"
12 132,OS(=O)(=O)OCCN1CCN(CC1)C(=O)CN1C2C=C(Cl)C=CC=2SC1=O,"-1,47"
12 133,OC(=O)CC1=NN(CC2=NC3C=C(Br)C=CC=3S2)C(=O)C2=CC=CC=C12,"3,35"
12 134,OC1NN=C(N=1)SCC1C=CC=CC=1,"1,47"
12 135,O=C1N=C(NC2C=CC=CC=2)NC2N=CNC=21,"1,35"
12 136,O=N1C=CN(CC2C=CC=CC=2)C(=O)N=1,"0,19"
12 137,O=C1C=CC=CC=C1,"0,26"
12 138,OC1C=CN=CC=1,"-1,30"
12 139,CCCNC(=O)CCN1C=CC(=O)C(=O)C1C,"-0,40"
12 140,CC(C)NC(=O)CCN1C=CC(=O)C(=O)C1C,"-0,47"
12 141,CN(CC)C(=O)CCN1C=CC(=O)C(=O)C1C,"-0,69"
12 142,CC1=NC=CC(=O)C1O,"-0,49"
12 143,CCCCN1C=CC(=O)C(=O)C1CC,"1,22"
12 144,CCCCCCN1C=CC(=O)C(=O)C1CC,"2,28"
12 145,CC1C(=O)C(=O)C=CN1C(C)COC,"-0,26"
12 146,CC1C(=O)C(=O)C=CN1CCN,"-1,55"
12 147,CCC1C(=O)C(=O)C=CN1CCCOCC,"0,72"
12 148,CNC(=O)CCN1C=CC(=O)C(=O)C1C,"-1,10"
12 149,CN(C)C(=O)CCN1C=CC(=O)C(=O)C1C,"-1,16"
12 150,CC1C(=O)C(=O)C=CN1CCC(=O)N(CC)CC,"-0,36"
12 151,CC/N=C(\\O)/CCN1C=CC(=O)C(=O)C1C,"-0,82"
12 152,CCCC/N=C(\\O)/CCN1C=CC(=O)C(=O)C1C,"-0,10"
12 153,CCC1=NC=CC(=O)C1O,"0,05"
12 154,CCCS(=O)C1C=C2N=C(NC(=O)OC)NC2=CC=1,"1,27"
12 155,C(CSC1NC(=CN=1)C1C=CC=CC=1)C1=CN=CN1,"2,62"
12 156,ClC1=CC=C(C=C1)C1=CN=C(N1)SCCC1=CN=CN1,"3,66"
12 157,[O-][N+](=O)C1C=CC(=CC=1)C1=CN=C(N1)SCCC1=CN=CN1,"2,75"
12 158,CCCCOC1=CC=C(C=C1)C1=CN=C(N1)SCCC1=CN=CN1,"4,11"
12 159,CCCC1=CC=C(C=C1)C1=CN=C(N1)SCCC1=CN=CN1,"4,09"
12 160,O=S(=O)(OC1C=CC(=CC=1)C1=CN=C(N1)SCCC1=CN=CN1)C1C=CC=CC=1,"3,72"
12 161,NC(=O)C1=CC=C(C=C1)C1=CN=C(N1)SCCC1=CN=CN1,"1,40"
12 162,BrC1C=C(C=CC=1)C1=CN=C(N1)SCCC1=CN=CN1,"3,76"
12 163,[O-][N+](=O)C1C=CC=C(C=1)C1=CN=C(N1)SCCC1=CN=CN1,"2,43"
12 164,CCCC1=CC(=CC=C1)C1=CN=C(N1)SCCC1=CN=CN1,"3,70"
12 165,N=C(O)C1C=C(C=CC=1)C1=CN=C(N1)SCCC1=CN=CN1,"1,61"
12 166,CC1N=CC(CO)=C(C=NN=C(O)C2C=CC=CC=2)C=1O,"2,23"
12 167,CC1=NC=C(CO)C(CN=NC(=O)C2C=CC(O)=CC=2)=C1O,"1,89"
12 168,CC1C=CC(=CC=1)C(=O)N=NCC1C(CO)=CN=C(C)C=1O,"2,54"
12 169,CC1N=CC(CO)=C(CN=NC(=O)C2=CC=C(C=C2)[N+]([O-])=O)C=1O,"1,55"
12 170,CC1=NC=C(CO)C(CN=NC(=O)C2C=CC(N)=CC=2)=C1O,"1,19"
12 171,CC1=NC=C(CO)C(CN=NC(=O)C2=CC=C(C=C2)C(C)(C)C)=C1O,"3,73"
12 172,CC1=NC=C(CO)C(CN=NC(=O)C2C=CC(=CC=2)OC)=C1O,"2,47"
12 173,CC1N=CC(CO)=C(C=NN=C(O)C2=CC(Cl)=CC=C2)C=1O,"2,96"
12 174,CC1N=CC(CO)=C(C=NN=C(O)C2=CC(F)=CC=C2)C=1O,"2,42"
12 175,CC1N=CC(CO)=C(C=NN=C(O)C2=CC(Br)=CC=C2)C=1O,"3,07"
12 176,CC1=NC=C(CO)C(CN=NC(=O)C2C=CN=CC=2)=C1O,"1,14"
12 177,CC(O)=NN=CC1=C(CO)C=NC(C)=C1O,"0,65"
12 178,CC1=NC=C(CO)C(CN=NC(=O)C2=CC=CO2)=C1O,"1,39"
12 179,CC1=NC=C(CO)C(CN=NC(=O)C2=CC=CS2)=C1O,"2,11"
12 180,OC1=CC=CC=C1C=NN=C(O)C1C=CC=CC=1,"3,01"
12 181,OC1C=CC=CC=1CN=NC(=O)C1C=CC(O)=CC=1,"2,56"
12 182,CC1=CC=C(C=C1)C(=O)N=NCC1C=CC=CC=1O,"3,39"
12 183,[O-][N+](=O)C1C=CC(=CC=1)C(=O)N=NCC1=CC=CC=C1O,"3,03"
12 184,NC1=CC=C(C=C1)C(=O)N=NCC1C=CC=CC=1O,"2,16"
12 185,CC(C)(C)C1C=CC(=CC=1)C(=O)N=NCC1C=CC=CC=1O,"4,73"
12 186,COC1=CC=C(C=C1)C(=O)N=NCC1C=CC=CC=1O,"3,34"
12 187,OC1=CC=CC=C1C=NN=C(O)C1=CC(Cl)=CC=C1,"3,83"
12 188,OC1=CC=CC=C1C=NN=C(O)C1=CC(F)=CC=C1,"3,41"
12 189,OC1=CC=CC=C1C=NN=C(O)C1=CC(Br)=CC=C1,"3,91"
12 190,OC1C=CC=CC=1CN=NC(=O)C1C=CN=CC=1,"2,16"
12 191,CC(O)=NN=CC1=CC=CC=C1O,"1,71"
12 192,OC1C=CC=CC=1CN=NC(=O)C1=CC=CO1,"2,67"
12 193,OC1C=CC=CC=1CN=NC(=O)C1=CC=CS1,"3,03"
12 194,OC1C=CC(=CC=1)C(=O)N=NCC1C2C=CC=CC=2C=CC=1O,"3,95"
12 195,[O-][N+](=O)C1=CC=C(C=C1)C(=O)N=NCC1C(O)=CC=C2C=CC=CC2=1,"3,58"
12 196,NC1C=CC(=CC=1)C(=O)N=NCC1=C(O)C=CC2C=CC=CC=21,"3,04"
12 197,COC1C=CC(=CC=1)C(=O)N=NCC1=C(O)C=CC2C=CC=CC=21,"4,06"
12 198,OC(=NN=CC1C2=CC=CC=C2C=CC=1O)C1=CC(F)=CC=C1,"4,06"
12 199,CC(O)=NN=CC1C2=CC=CC=C2C=CC=1O,"2,91"
12 200,OC1C=CC2C=CC=CC=2C=1CN=NC(=O)C1=CC=CO1,"3,41"
12 201,OC1C=CC=CC=1CN=NC1C=CC=CN=1,"3,24"
12 202,CC1=NC=C(CO)C(CN=NC2C=CC=CN=2)=C1O,"2,46"
12 203,OC1C=C(C=O)C=C(Br)C=1,"2,50"
12 204,CC(C)OC(=O)COC1=CC=C(C=C1)C=O,"1,88"
12 205,CC(=O)OCN1C(=O)NC(C2C=CC=CC=2)(C2C=CC=CC=2)C1=O,"2,23"
12 206,CCC(=O)OCN1C(=O)NC(C1=O)(C1C=CC=CC=1)C1C=CC=CC=1,"2,80"
12 207,CCCC(=O)OCN1C(O)=NC(C2C=CC=CC=2)(C2C=CC=CC=2)C1=O,"3,34"
12 208,CCCCC(=O)OCN1C(=O)NC(C2C=CC=CC=2)(C2C=CC=CC=2)C1=O,"3,90"
12 209,NS(=O)(=O)C1=NN2C(=NC3C=CC=CC=3)SN=C2S1,"2,57"
12 210,NS(=O)(=O)C1=NN2C(=NC3C=C(Cl)C=CC=3)SN=C2S1,"3,50"
12 211,NS(=O)(=O)C1=NN2C(=NC3C=CC(Cl)=CC=3)SN=C2S1,"3,63"
12 212,COC1C=C(C=CC=1)N=C1SN=C2SC(=NN21)S(N)(=O)=O,"2,66"
12 213,COC1C=CC(=CC=1)N=C1SN=C2SC(=NN21)S(N)(=O)=O,"2,93"
12 214,NS(=O)(=O)C1=NN2C(=NC3C=CC(O)=CC=3)SN=C2S1,"1,89"
12 215,NS(=O)(=O)C1=NN2C(=NC3C=C(F)C=CC=3)SN=C2S1,"3,06"
12 216,NS(=O)(=O)C1=NN2C(=NC3C=CC(F)=CC=3)SN=C2S1,"2,81"
12 217,CN(C)C1C=CC(=CC=1)N=C1SN=C2SC(=NN21)S(N)(=O)=O,"2,32"
12 218,C1CCC2=NOS3ON=C1C=32,"1,10"
12 219,ClC1=CC=CC(OC2C=CC=CC=2)=C1Cl,"5,00"
12 220,ClC1C(Cl)=C(C=CC=1Cl)OC1C=CC=CC=1,"5,55"
12 221,ClC1C=C(Cl)C=C(Cl)C=1OC1C=CC=CC=1,"5,32"
12 222,ClC1C=C(C=C(Cl)C=1Cl)OC1C=CC=CC=1,"5,70"
12 223,ClC1C=CC(OC2=CC=CC=C2Cl)=C(Cl)C=1Cl,"5,72"
12 224,ClC1C(Cl)=C(C=CC=1Cl)OC1C=C(Cl)C=CC=1,"6,07"
12 225,ClC1C=C(Cl)C=C(OC2C=CC(Cl)=CC=2)C=1Cl,"6,11"
12 226,ClC1C=CC(=CC=1)OC1C(Cl)=C(Cl)C=CC=1Cl,"5,64"
12 227,ClC1C=C(Cl)C(Cl)=C(OC2C=CC=CC=2)C=1Cl,"5,82"
12 228,ClC1=CC(Cl)=C(C=C1)OC1=CC(Cl)=C(Cl)C=C1,"6,13"
12 229,ClC1C=C(Cl)C(Cl)=CC=1OC1C=C(Cl)C=CC=1,"6,14"
12 230,ClC1=CC(OC2=CC(Cl)=C(Cl)C=C2)=C(Cl)C=C1,"6,11"
12 231,ClC1C=CC(=CC=1Cl)OC1C=C(Cl)C=C(Cl)C=1,"6,22"
12 232,ClC1C=C(C=C(Cl)C=1Cl)OC1C=CC(Cl)=CC=1,"6,30"
12 233,ClC1=CC(Cl)=C(C=C1)OC1=CC(Cl)=C(Cl)C(Cl)=C1,"6,63"
12 234,ClC1C=CC(OC2C=C(Cl)C=C(Cl)C=2Cl)=C(Cl)C=1Cl,"7,01"
12 235,ClC1C=CC(=CC=1)OC1C(Cl)=C(Cl)C(Cl)=C(Cl)C=1Cl,"6,95"
12 236,ClC1=CC(Cl)=C(C=C1)OC1C(Cl)=C(Cl)C(Cl)=C(Cl)C=1Cl,"7,31"
12 237,ClC1C=C(OC2=CC(Cl)=C(Cl)C(Cl)=C2Cl)C(Cl)=C(Cl)C=1Cl,"7,78"
12 238,ClC1C=C(OC2C(Cl)=C(Cl)C=C(Cl)C=2Cl)C(Cl)=C(Cl)C=1Cl,"7,63"
12 239,CCCC/N=C(\\O)/CNC(=O)C=[N+]=[N-],"0,37"
12 240,CC(C)OC(=O)C1=CN=C2CCCC(C)N2C1=O,"0,99"
12 241,CC(CO)OC(C)CO,"-0,67"
12 242,CC(C)CC(C)CC(C)OC(=O)C1C=CC(=CC=1Cl)/N=C(\\O)/N(C)C,"5,15"
12 243,CCN(CC)C(=O)OCCCC1C=CC=NC=1,"2,36"
12 244,OCC1OC(C(O)C1O)N1C=CC(N=CN2CCCC2)=NC1=O,"-1,15"
12 245,CCCCOC(=O)C1=CN=C2CCCC(C)N2C1=O,"1,77"
12 246,COC1C=CC(CC2=CC(=CC=C2)C2=C(O)C3C=CC(Cl)=CC=3N=C2O)=CC=1,"4,80"
12 247,OCC1OC(C(O)C1O)N1C=CC(N=CN2CCCCC2)=NC1=O,"-0,66"
12 248,C/C(/O)=N/C1C=CN=NC=1,"-0,41"
12 249,COC(=O)NC(=S)NC1=CC=CC=C1N,"0,70"
12 250,[O-][N+](=O)C=C1CCCN1CC1=CN=C(Cl)C=C1,"0,68"
12 251,COC1=CC2C=CC(CC(O)=O)=CC=2C=C1,"2,82"
12 252,COC1N(C2CC(N=[N+]=[N-])C(CO)O2)C(=O)N=C(O)C1(C)I,"1,03"
12 253,CC(C)(C)C(CSC)=NOC(=O)NC,"2,75"
12 254,CC(=O)C1C=C[N+]([O-])=CC=1,"-0,93"
12 255,CCOC1C=C[N+]([O-])=CC=1,"-0,53"
12 256,C/C(/O)=N/C(CCCN/C(/O)=N/CC#C)/C(/O)=N/CC1C=CC=CC=1,"-0,31"
12 257,C/C(/O)=N/C(CCCN(CCC)/C(/O)=N/C)/C(/O)=N/CC1C=CC=CC=1,"1,47"
12 258,C/C(/O)=N/C(CCCN(CC1C=CC=CC=1)/C(/O)=N/C)/C(/O)=N/CC1C=CC=CC=1,"1,86"
12 259,CN(N=O)C(=O)N(CCCC(/N=C(/C)\\O)/C(/O)=N/CC1C=CC=CC=1)CCC,"1,61"
12 260,C/C(/O)=N/C(CCCCN/C(/O)=N/CC#C)/C(/O)=N/CC1C=CC=CC=1,"0,23"
12 261,C/C(/O)=N/C(CCC/N=C(\\O)/N(C)N=O)/C(/O)=N/CC1C=CC=CC=1,"0,98"
12 262,C/C(/O)=N/C1CCC2C=CC(OC)=C(OC)C=2C2=CC=C(OC)C(=O)C=C21,"1,02"
12 263,COC1C=C2C=CC(CC(=O)OC/C(/O)=N/C(C)(C)C)=CC2=CC=1,"3,60"
12 264,C/C(/O)=N/C(CCCN/C(/O)=N/CC=C)/C(/O)=N/CC1C=CC=CC=1,"0,68"
12 265,CN(C)C(=O)OC1C=C(C=CC=1)[N+]([O-])=O,"1,56"
12 266,CN(C)C(=O)OC1=CC(=CC=C1)C#N,"1,23"
12 267,COCON/C=N/C1C=C(OCC#C)C(OCC#C)=C(Cl)C=1,"2,20"
12 268,CN(C)C(=O)OC1C=C(Cl)C=CC=1,"2,33"
12 269,CCCCCCCCCCN1C(=N)C(N)C(O)=NC1=O,"3,04"
12 270,CCCC(=O)OC1=CC=CC=C1C(O)=O,"2,20"
12 271,CN(N=O)C(=O)N(CCCCC(/N=C(/C)\\O)/C(/O)=N/CC1C=CC=CC=1)CC1C=CC=CC=1,"2,12"
12 272,C/C(/O)=N/C(CCCN(CCC)/C(/O)=N/CC=C)/C(/O)=N/CC1C=CC=CC=1,"1,21"
12 273,CC(C)(C)C1=CC=C(CC2CCCC2(O)CN2C=NC=N2)C=C1,"3,97"
12 274,C=CCN1CCN(CC=C)C1=S,"1,63"
12 275,CCCC1=CC=C(CO)C=C1,"2,67"
12 276,CC1C=C[N+]([O-])=CC=1,"-0,88"
12 277,CN(C)C(=O)OC1C=CC(=CC=1)C#N,"1,21"
12 278,CN(C)C(=O)OC1C=CC(Br)=CC=1,"2,46"
12 279,CN(C)C(=O)OC1C=CC(F)=CC=1,"1,58"
12 280,CN(C)C(=O)OC1C=C(F)C=CC=1,"1,75"
12 281,CC(C)C1C=CC(=CC=1)OC(=O)N(C)C,"3,04"
12 282,CCC1=CC(=CC=C1)OC(=O)N(C)C,"2,47"
12 283,CCC(C)C1C=CC(=CC=1)OC(=O)N(C)C,"3,62"
12 284,CC(=O)C1=CC=C(C=C1)OC(=O)N(C)C,"1,27"
12 285,CCOC1C=CC(=CC=1OCC)/N=C(\\O)/OC(CC)C#C,"3,07"
12 286,CCOC1C=C(C=CC=1OCC)/N=C(\\O)/OCCC#C,"2,54"
12 287,CCOC1C=CC(=CC=1OCC)/N=C(\\O)/OC(CC)C=C,"3,42"
12 288,CC(CC#C)O/C(/O)=N/C1=CC(OCC)=C(C=C1)OCC,"2,86"
12 289,CC(CC=C)O/C(/O)=N/C1=CC(OCC)=C(C=C1)OCC,"3,37"
12 290,CC(CF)O/C(/O)=N/C1=CC(OCC)=C(C=C1)OCC,"2,59"
12 291,CCOC1C=C(C=CC=1OCC)/N=C(\\O)/OCCCl,"2,62"
12 292,CCOC1C=C(C=CC=1OCC)/N=C(\\O)/OCCF,"2,27"
12 293,CC(CCl)O/C(/O)=N/C1=CC(OCC)=C(C=C1)OCC,"2,97"
12 294,CCOC1C=C(C=CC=1OCC)/N=C(\\O)/OCCBr,"2,78"
12 295,CCCCOC1=CC=CC=C1/N=C(\\O)/OC1CCCCC1CN(C)C,"5,01"
12 296,CCCOC1=CC=CC=C1/N=C(\\O)/OC1CCCCC1CN(C)C,"4,44"
12 297,CCOC1=CC=CC=C1/N=C(\\O)/OC1CCCCC1CN(C)C,"4,14"
12 298,COC1=CC=CC=C1/N=C(\\O)/OC1CCCCC1CN(C)C,"3,55"
12 299,CC=CCOCN(C(=O)CCl)C1C(CC)=CC=CC=1CC,"3,51"
12 300,CN(C)C(=O)OC1C=C(C=CC=1)N(C)C,"1,93"
12 301,CN(C)N=NC1=CC2C3=CC=CC=C3OC=2C=C1,"4,55"
12 302,N=C1NC(=N)N=CC1CC1=CC=CC=C1Cl,"2,24"
12 303,CC(/N=C(\\O)/N(CCCl)N=O)C(O)=O,"0,78"
12 304,CS(=O)(=O)C1=CC2=CC=CC=C2C=C1,"1,74"
12 305,COC1C=C2C=CC(CC(=O)OCC(=O)N(CC=C)CC=C)=CC2=CC=1,"3,67"
12 306,COC1C=C2C=CC(CC(=O)OCC(=N)O)=CC2=CC=1,"1,88"
12 307,COC1C=C2C=CC(CC(=O)OCC(=O)N3CCOCC3)=CC2=CC=1,"2,13"
12 308,COC1C=C2C=CC(CC(=O)OCC(=O)N3CCCC3)=CC2=CC=1,"2,71"
12 309,COC1=CC=C2C=C(CC(=O)OC/C(/O)=N/C3CCCCC3)C=CC2=C1,"3,99"
12 310,COC1C=C2C=CC(CC(=O)OC/C(/O)=N/CCCC)=CC2=CC=1,"3,57"
12 311,COC1C=C2C=CC(CC(=O)OC/C(/O)=N/C(C)CC)=CC2=CC=1,"3,31"
12 312,COC1C=C2C=CC(CC(=O)OCC(=O)N(CCC)CCC)=CC2=CC=1,"4,04"
12 313,COC1C=C2C=CC(CC(=O)OC/C(/O)=N/CCC)=CC2=CC=1,"3,10"
12 314,CC12CCC3C(CCC4(O)CC(CCC43C=O)OC3CC(OC)C(CO3)OC3CC(O)C(O)C(C)O3)C1(O)CCC2C1COC(=O)C=1,"-0,96"
12 315,OCC1OC(C(O)C1O)N1C=CC(N=CN2CCOCC2)=NC1=O,"-1,66"
12 316,NS(=O)(=O)C1=CC2=CC=CC=C2C=C1,"1,55"
12 317,CN1C=NC=C1CC(CO)C(CC)C(=O)OCC,"0,73"
12 318,CCOC(=O)CCC(C)N1N=C2C=CC=CC2=N1,"3,05"
12 319,NC1=C2N=CN(C3OC(CO)CC3F)C2=NC=N1=O,"-1,38"
12 320,NC(CC1=CC=CC2=CC=CC=C21)C(O)=O,"-0,22"
12 321,[O-][N+](=O)C1C=CC(=CC=1C(O)=O)OC1=CC(=CC=C1Cl)C(F)(F)F,"3,70"
12 322,CCC(=O)OC1=CC=CC=C1C(O)=O,"1,67"
12 323,CC1C=CC(=CC=1)S(=O)(=O)C1(CCCC1)C(=O)OC(C)C,"2,88"
12 324,CC1C=CC(=CC=1)S(=O)(=O)C1(CCCCC1)C(=O)OC,"2,54"
12 325,COC1=CC=CC(OC)=C1/C(/O)=N/C1=NN=C(S1)C1C=CC=CC=1,"3,50"
12 326,COC1C=CC=C(OC)C=1/C(/O)=N/C1=NN=C(S1)C1C=CC(=CC=1)OC,"3,56"
12 327,CC1C=CC(=CC=1)C1=NN=C(/N=C(\\O)/C2C(=CC=CC=2OC)OC)S1,"3,85"
12 328,CCOC1C=CC(=CC=1)C1=NN=C(/N=C(\\O)/C2C(=CC=CC=2OC)OC)S1,"3,75"
12 329,COC1=CC=CC(OC)=C1/C(/O)=N/C1=NN=C(S1)C1C=CC(Br)=CC=1,"3,92"
12 330,C/C(/O)=N/C(CCCN/C(/O)=N/C)/C(/O)=N/CC1C=CC=CC=1,"-0,33"
12 331,CC(=O)NC(CCCCN(CC1C=CC=CC=1)C(=O)NC)C(=O)NCC1C=CC=CC=1,"1,99"
12 332,CC(=O)NC(CCCCNC(=O)NC)C(=O)NCC1C=CC=CC=1,"0,06"
12 333,CC(=O)NC(CCCCN(CCC)C(=O)NCC=C)C(=O)NCC1C=CC=CC=1,"1,75"
12 334,CC(=O)NC(CCCCNC(=O)NCCCl)C(=O)NCC1C=CC=CC=1,"0,61"
12 335,CN(N=O)C(=O)N(CCC)CCCCC(NC(C)=O)C(=O)NCC1C=CC=CC=1,"1,73"
12 336,CC(=O)NC(CCCCN(CC1C=CC=CC=1)C(=O)N(CC=C)N=O)C(=O)NC1C=CC=CC=1,"2,70"
12 337,CC(=O)NC(CCCN(CCC)C(=O)N(CC=C)N=O)C(=O)NCC1C=CC=CC=1,"2,16"
12 338,CC(=O)NC(CCCNC(=O)N(CC=C)N=O)C(=O)NCC1C=CC=CC=1,"1,30"
12 339,ClC1(Cl)C2(Cl)C3C(C(Cl)=C(Cl)C3Cl)C1(Cl)C(Cl)C2Cl,"6,08"
12 340,CCCN1CCN(CCC)C1=S,"1,86"
12 341,CC(=O)OC1C=C(C=CC=1)C(O)=O,"1,49"
12 342,C1SCC2=NOS3ON=C1C=32,"1,35"
12 343,CCCCCCCOC1=CC=CC=C1/N=C(\\O)/OC1CCCCC1CN(C)C,"6,30"
12 344,CCCCCCOC1=CC=CC=C1/N=C(\\O)/OC1CCCCC1CN(C)C,"5,90"
12 345,CC(=O)NC(CCCCNC(=O)N(CC=C)N=O)C(=O)NCC1C=CC=CC=1,"1,62"
12 346,C/C(/O)=N/C(CCCCN/C(/O)=N/CC=C)/C(/O)=N/CC1C=CC=CC=1,"0,76"
12 347,N#CNC1=NCCN1CC1C=CC(Cl)=NC=1,"0,77"
12 348,CC12CCC3C(C)CCC4C(C)COC(O1)C43OO2,"3,16"
12 349,C=CCN1CCCN(CC=C)C1=S,"2,08"
12 350,COC1=CC=CC(OC)=C1/C(/O)=N/C1=NN=C(S1)C1C=CC(Cl)=CC=1,"3,96"
12 351,CCCN(CCCl)C1C(=CC(=CC=1[N+]([O-])=O)C(F)(F)F)[N+]([O-])=O,"4,63"
12 352,COC1N(C2CC(N=[N+]=[N-])C(CO)O2)C(=O)N=C(O)C1(C)Cl,"0,84"
12 353,C/C(/O)=N/C(CCC/N=C(\\O)/NCCCl)/C(/O)=N/CC1C=CC=CC=1,"0,34"
12 354,CCCCCOC1=CC=CC=C1/N=C(\\O)/OC1CCCCC1CN(C)C,"5,46"
12 355,CC(=O)NC(CCCCNC(=O)N(C)N=O)C(=O)NCC1C=CC=CC=1,"1,18"
12 356,CCC(C(=N)O)C1C=CC(=CC=1)N1SC2=CC=CC=C2C1=O,"2,58"
12 357,COC(=O)C(C)C1C=CC(=CC=1)N1SC2=CC=CC=C2C1=O,"3,46"
12 358,CCOC(=O)C(C)OC1=CC=C(C=C1)N1SC2=CC=CC=C2C1=O,"3,89"
12 359,C(C1CC2=NOS3ON=C(C1)C=32)C1C=CC=CC=1,"2,80"
12 360,CCOC(=O)C(C)C1C=CC(=CC=1)N1SC2=CC=CC=C2C1=O,"3,91"
12 361,CCC1=CC=C(C=C1)OC(=O)N(C)C,"2,55"
12 362,C/C(/O)=N/C(CCCCN(CCC)/C(/O)=N/C)/C(/O)=N/CC1C=CC=CC=1,"1,60"
12 363,OC1(CN2C=NC=N2)CCCC1CC1C=CC(=CC=1)C1C=CC=CC=1,"3,92"
12 364,CCCC1=CC=C(C=C1)OC(=O)N(C)C,"3,15"
12 365,CC1(C)CC2=NOS3ON=C(C1)C=32,"1,90"
12 366,COC1N(C2CC(N=[N+]=[N-])C(CO)O2)C(=O)N=C(O)C1(C)Br,"1,12"
12 367,C#CCO/N=C/NC1C=C(OCC#C)C(OCC#C)=C(F)C=1,"1,80"
12 368,CCO/N=C/NC1C=C(F)C(OCC#C)=C(C=1)OCC#C,"2,10"
12 369,O=S1CC2=NOS3ON=C(C1)C=32,"-0,30"
12 370,COC1=CC=CC(OC)=C1/C(/O)=N/C1=NN=C(S1)C1C=CC(F)=CC=1,"3,50"
12 371,CCO/N=C/NC1=CC(OCC#C)=C(C=C1)OCC#C,"1,90"
12 372,COC1C=C2C=CC(CC(=O)OCC(=O)N(C)C)=CC2=CC=1,"2,23"
12 373,COCC(C)O/C(/O)=N/C1=CC(OCC)=C(C=C1)OCC,"2,56"
12 374,CC1=CC2=CC3=C(OC(=O)C=C3C)C(C)=C2O1,"3,14"
12 375,NC1=NC(=O)N(C=N1)C1CC(O)C(CO)O1,"-1,89"
12 376,CN1C(=N)C(N)C(=O)NC1=O,"-1,40"
12 377,CCCCCCN1C(=N)C(N)C(O)=NC1=O,"1,01"
12 378,CCCCCCCCN1C(=N)C(N)C(O)=NC1=O,"2,05"
12 379,OC1(CN2C=NC=N2)CCCC1CC1C=CC(Cl)=CC=1,"3,11"
12 380,CCC1CCC(CC2C=CC(Cl)=CC=2)C1(O)CN1C=NC=N1,"3,71"
12 381,OC1(CN2C=NC=N2)CCCC1CC1C=CC=CC=1,"2,26"
12 382,CC1=CC=C(CC2CCCC2(O)CN2C=NC=N2)C=C1,"2,71"
12 383,O=C1NC2C=CC=CC=2N1C1CCNCC1,"1,14"
12 384,CCON/C=N/C1C=C(OCC#C)C(OCC#C)=C(Cl)C=1,"2,53"
12 385,CON/C=N/C1C=C(Cl)C(OCC#C)=C(C=1)OCC#C,"2,30"
12 386,CON/C=N/C1=CC(OCC#C)=C(C=C1)OCC#C,"1,60"
12 387,CON/C=N/C1C=C(OCC#C)C(OCC#C)=C(F)C=1,"1,80"
12 388,COCON/C=N/C1C=C(OCC#C)C(OCC#C)=C(F)C=1,"1,70"
12 389,CC(C)(C)C(=O)OCN1C=C(F)C(O)=NC1=O,"0,66"
12 390,CC(=O)NC1C(O)CC2=CC(OC)=C(OC)C(OC)=C2C2=CC=C(OC)C(=O)C=C21,"1,31"
12 391,COCC/N=C(\\O)/CN1C=CN=C1[N+]([O-])=O,"-0,77"
12 392,COC1C=C2C=CC(CC(=O)OCC(=O)N(CC)CC)=CC2=CC=1,"3,05"
12 393,COC1C=C2C=CC(CC(=O)OCC(=O)N(C(C)C)C(C)C)=CC2=CC=1,"3,89"
12 394,COC1C=C2C=CC(CC(=O)OCC(=O)N(CCO)CC)=CC2=CC=1,"1,98"
12 395,COC1C=C2C=CC(CC(=O)OCC(=O)N(CCO)CCO)=CC2=CC=1,"1,41"
12 396,COC1C=C2C=CC(CC(=O)OCC(=O)N(C)CCO)=CC2=CC=1,"1,58"
12 397,COC1C=C2C=CC(CC(=O)OC/C(/O)=N/CC)=CC2=CC=1,"2,65"
12 398,COC1C=C2C=CC(CC(=O)OC/C(/O)=N/C(C)C)=CC2=CC=1,"2,89"
12 399,COC1C=C2C=CC(CC(=O)OC/C(/O)=N/C)=CC2=CC=1,"2,19"
12 400,COC(=O)CC1C=CC(=CC=1)N1SC2=CC=CC=C2C1=O,"2,83"
12 401,CCC(C1C=CC(=CC=1)N1SC2=CC=CC=C2C1=O)C(=O)OC,"3,91"
12 402,CCOC(=O)CC1C=CC(=CC=1)N1SC2=CC=CC=C2C1=O,"3,33"
12 403,CCC(C1C=CC(=CC=1)N1SC2=CC=CC=C2C1=O)C(=O)OCC,"4,11"
12 404,CCOC(=O)CCOC1C=CC(=CC=1)N1SC2=CC=CC=C2C1=O,"3,59"
12 405,N=C(O)CC1C=CC(=CC=1)N1SC2=CC=CC=C2C1=O,"1,72"
12 406,CC(C(=N)O)C1C=CC(=CC=1)N1SC2=CC=CC=C2C1=O,"2,07"
12 407,CCOC(=O)COC1C=CC(=CC=1)N1SC2=CC=CC=C2C1=O,"2,96"
12 408,CCOC(=O)CCCOC1C=CC(=CC=1)N1SC2=CC=CC=C2C1=O,"3,96"
12 409,COC(=O)C1C=CC(=CC=1)N1SC2=CC=CC=C2C1=O,"3,49"
12 410,CCSC1=NN=C(C(=O)N1N)C(C)(C)C,"2,08"
12 411,C=CCOC1=CC2C(C=C1)=N(=O)C(=N)NN=2=O,"0,76"
12 412,CC(=O)C/C(/O)=N/C1N=N(=O)C2=CC=CC=C2N=1=O,"-1,40"
12 413,COC1=NN([O-])C2=CC=CC=C2[N+]1=O,"-0,30"
12 414,N=C1NN(=O)=C2C=CC(Cl)=CC2=N1=O,"0,41"
12 415,CC(=O)NC1=N[N+]([O-])=C2C=CC=CC2=[N+]1[O-],"-0,60"
12 416,CC1=CC2C(C=C1)=N(=O)C(=N)NN=2=O,"0,20"
12 417,COC1=CC2C(C=C1)=N(=O)C(=N)NN=2=O,"0,00"
12 418,CC1=CC2C(C=C1C)=N(=O)C(=N)NN=2=O,"0,56"
12 419,CC1C=CC2C(C=1)=N(=O)N=C(/N=C(/C)\\O)N=2=O,"-0,40"
12 420,NC1=C2C(C(=O)C3C=CC=CC=3C2=O)=C(N)C(OC2C=CC=CC=2)=C1OC1C=CC=CC=1,"5,19"
12 421,NC1C2=C(C(=O)C3C=CC=CC=3C2=O)C(N)=C(Cl)C=1Cl,"4,56"
12 422,COC1=CC(=C(NC(C)=O)C(=C1)N=NC1=C(Br)C=C(C=C1[N+]([O-])=O)[N+]([O-])=O)N(CCOC(C)=O)CCOC(C)=O,"4,44"
12 423,NC1C2=C(C(O)=CC=1OC1CC=C(C=C1)N1CCCCCC1=O)C(=O)C1=CC=CC=C1C2=O,"5,30"
12 424,C1=NC=CN=C1C1C=CC=CC=1,"2,07"
12 425,COC1C=CC(=CC=1)C1C=NC=CN=1,"2,24"
12 426,C1=CN=C(C(=N1)C1C=CC=CC=1)C1C=CC=CC=1,"3,19"
12 427,CC1=CN=C(C(=N1)C1C=CC=CC=1)C1C=CC=CC=1,"3,52"
12 428,COC1=CN=C(C(=N1)C1C=CC=CC=1)C1C=CC=CC=1,"4,21"
12 429,CCOC1C=NC(=C(N=1)C1C=CC=CC=1)C1C=CC=CC=1,"4,73"
12 430,ClC1=CN=C(C(=N1)C1C=CC=CC=1)C1C=CC=CC=1,"4,05"
12 431,CC(C)C1C=NC(=C(N=1)C1C=CC=CC=1)C1C=CC=CC=1,"4,71"
12 432,CC1C=CC(=CC=1)C1N=CC=NC=1C1C=CC(C)=CC=1,"4,10"
12 433,CC1C=NC(=C(N=1)C1C=CC(F)=CC=1)C1C=CC(F)=CC=1,"3,75"
12 434,CC1C=NC(=C(N=1)C1C=CC(=CC=1)C#N)C1C=CC(=CC=1)C#N,"2,52"
12 435,COC1=CC=CC=C1CC1C=NC(=C(N=1)C1C=CC=CC=1)C1C=CC=CC=1,"5,18"
12 436,COC1C=C(CC2C=NC(=C(N=2)C2C=CC=CC=2)C2C=CC=CC=2)C=CC=1,"5,20"
12 437,COC1C=CC(=CC=1)C1=NC=CN=C1C1C=CC(=CC=1)OC,"3,42"
12 438,CC1C=NC(C2=CC=C(C=C2)OC)=C(N=1)C1C=CC(=CC=1)OC,"3,66"
12 439,CCC1C=NC(=C(N=1)C1C=CC(=CC=1)OC)C1C=CC(=CC=1)OC,"4,22"
12 440,COC1C=CC(=CC=1)C1N=C(Cl)C=NC=1C1C=CC(=CC=1)OC,"4,30"
12 441,COC1C=CC(=CC=1)C1N=C(C=NC=1C1C=CC(=CC=1)OC)OC,"4,47"
12 442,CCOC1C=NC(=C(N=1)C1C=CC(=CC=1)OC)C1C=CC(=CC=1)OC,"5,00"
12 443,COC1C=CC(=CC=1)C1N=C(C=NC=1C1C=CC(=CC=1)OC)C#N,"3,70"
12 444,COC1C=CC(=CC=1)C1=NC(=CN=C1C1C=CC(=CC=1)OC)C(=O)OC,"3,41"
12 445,CC1=NC(=C(N=C1C)C1C=CC(=CC=1)OC)C1C=CC(=CC=1)OC,"4,10"
12 446,CC1N=C(C=NC=1C1C=CC=CC=1)C1C=CC=CC=1,"4,28"
12 447,CC1=NC=C(N=C1C1C=CC=CC=1)C1C=CC=CC=1,"4,29"
12 448,CCC1N=CC(=NC=1C1C=CC=CC=1)C1C=CC=CC=1,"4,66"
12 449,CCC1=NC(CC)=C(N=C1C1C=CC=CC=1)C1C=CC=CC=1,"4,83"
12 450,CC1N=C(Cl)C(C)=NC=1Cl,"2,40"
12 451,CC1C(Cl)=NC(C)=C(Cl)N=1=O,"1,08"
12 452,CC1C(Cl)=NC(C)=C[N+]=1[O-],"0,44"
12 453,CC1N=CC(C)=N(=O)C=1Cl,"0,19"
12 454,O=N1C=C(Cl)N=C(C=1C1C=CC(Cl)=CC=1)C1C=CC(Cl)=CC=1,"3,66"
12 455,O=N1C=CN=C(C=1C1C=CC(Br)=CC=1)C1C=CC(Br)=CC=1,"3,41"
12 456,ClC1(Cl)C2CC(C1Cl)C(CCl)(CCl)C2=CCl,"5,20"
12 457,ClC(Cl)C1(CCl)C2CC(C(Cl)C2Cl)C1=CCl,"5,45"
12 458,ClC=C1C2C(Cl)C(Cl)C(C2Cl)C1(CCl)CCl,"5,35"
12 459,CC1(CCl)C2CC(Cl)(Cl)C1(CC2(Cl)Cl)C(Cl)Cl,"5,49"
12 460,ClC1(Cl)C2CC(C1Cl)C(C(Cl)Cl)(C(Cl)Cl)C2=CCl,"5,49"
12 461,ClC(Cl)C12CC(Cl)(Cl)C(CC1(Cl)Cl)C2(CCl)CCl,"5,79"
12 462,ClC(Cl)C12CC(Cl)(Cl)C(C(Cl)C1(Cl)Cl)C2(CCl)CCl,"6,26"
12 463,CC1=CCC2C(C1=O)C2(C)C,"2,42"
12 464,CC(=C)C1CC2OC2(C)CC1,"3,20"
12 465,BrC1C=C(Br)C=C(Br)C=1C1C=CC=CC=1,"6,03"
12 466,BrC1C=C(Br)C2C=CC3C=CC=C4C=CC=1C=2C=34,"6,85"
12 467,BrC1C=C2C=CC3C=CC=C4C=CC(C=1)=C2C=34,"5,80"
12 468,BrC1=CC2=CC=CC3C=CC4C=CC=C1C=4C=32,"5,84"
12 469,[O-][N+](=O)C1=CN=C(NC(=O)C2C=CC(Br)=CC=2)S1,"3,58"
12 470,BrC1C=CC2C=CC3C4C=2C=1C=CC=4C=CC=3Br,"6,69"
12 471,BrC1C=CC2C=CC3C=CC(Br)=C4C=CC=1C=2C=34,"6,73"
12 472,BrC1C=CC2C=CC3C=CC=C4C=CC=1C=2C=34,"5,81"
12 473,BrC1C2=CC=CC=C2C(Br)=C2C=CC=CC=12,"6,29"
12 474,BrC1C2=CC=CC=C2C=C2C=CC=CC2=1,"5,37"
12 475,O/C(/CC1CCC2=CC(Br)=CC3NC(=O)C(=O)N1C2=3)=N\\C1C=CC=CC=1,"2,78"
12 476,BrC1=CC(NC2NCCN=2)=C(Br)C=C1,"2,71"
12 477,O=C1N=C(CN1CC1C=CC(Br)=CC=1)N1CCOCC1,"1,40"
12 478,C#CCOC1=NOC2CCNCC=21,"0,40"
12 479,C(CCCNC1N=CNC2=NC=NC=12)C1C=CC=CC=1,"3,29"
12 480,C(CCNC1N=CNC2=NC=NC=12)C1C=CC=CC=1,"2,85"
12 481,C(C1C=CC=CC=1)N1CCN(CCCON2N=NC3=CC=CC=C23)CC1,"4,00"
12 482,C(CCON1N=NC2=CC=CC=C12)N1CCN(CC1)C1C=CC=CC=1,"3,49"
12 483,C(CNC1=NC=NC2N=CNC=21)C1C=CC=CC=1,"2,42"
12 484,C1OC2=CC=CC=C2OC1CCC1NC=CN=1,"1,99"
12 485,C(SSC1NC=CN=1)C1C=CC=CC=1,"3,05"
12 486,C(C1C=CC=CC=1)N1C=NC2=CC=CC=C12,"2,91"
12 487,C(C1N=NC(=NC2C=CC=CC=2)S1)N1C=CC2C=CC=CC1=2,"3,47"
12 488,C1CCCCCN1C1=NC=NC2NC=NC=21,"2,53"
12 489,C1CCCN1C1=NC=NC2N=CNC=21,"1,68"
12 490,C1CCCCN1C1=NC=NC2N=CNC=21,"2,11"
12 491,C1CCCS1,"1,61"
12 492,C1CCN1C1=NC=NC2NC=NC=21,"0,87"
12 493,C(CN1CCN(CCN2N=C3C=CC=CC3=N2)CC1)C1C=CC=CC=1,"3,72"
12 494,C(CN1N=NC2=CC=CC=C12)N1CCN(CC1)C1C=CC=CC=1,"2,74"
12 495,C(C1C=CC=CC=1)N1CCN(CCN2N=C3C=CC=CC3=N2)CC1,"3,30"
12 496,C(CN1N=C2C=CC=CC2=N1)N1CCN(CC1)C1C=CC=CC=1,"3,34"
12 497,C1CCCC2OC21,"1,26"
12 498,C(C1COC2=CC=CC=C2O1)C1NC=CN=1,"1,92"
12 499,C(C1COC2=CC=CC=C2O1)C1NC2=CC=CC=C2N=1,"3,29"
12 500,C1OC2=CC=CC=C2OC1C1NC=CN=1,"1,76"
12 501,C1C2N=CC=CC=2C2=CC=CC=C21,"2,59"
12 502,C1OC2C=C3C=CN=CC3=CC=2O1,"1,75"
12 503,C1OCNC2C=CC3C=C4C=CC5NCOCC=5C4=NC=3C=21,"2,17"
12 504,C=CC(=O)OC1CCCCC1,"2,80"
12 505,C=CCN=C(S)N=NC(C1C=CC=CN=1)C1C=CC=CN=1,"1,68"
12 506,C=CCNC1=NC=NC2N=CNC1=2,"1,09"
12 507,CN(C)C(=O)C1=CN2C(C(=O)C#CC)=C(C)N=C2C2OC(CCC=21)C1C=CC=CC=1,"3,40"
12 508,CN(C)C(=O)C1=CN2C(=NC(C)=C2C(O)C#CC)C2OC(CCC1=2)C1C=CC=CC=1,"2,70"
12 509,CC(=C)C(=O)OCC(COC(=O)C(C)=C)COC(=O)C(C)=C,"3,53"
12 510,CC(N=NC(=O)C1C=CC(Br)=CC=1)C1C=NC=CN=1,"2,90"
12 511,CC(N=NC(=O)C1C=CC(N)=CC=1)C1C=NC=CN=1,"1,30"
12 512,CC(N=NC(=O)C1C=CC(O)=CC=1)C1C=NC=CN=1,"1,90"
12 513,CC(N=NC(=O)C1C=CC(=CC=1)[N+]([O-])=O)C1C=NC=CN=1,"2,10"
12 514,CC(=NN=C(O)C1=CC(Br)=CC=C1)C1=CN=CC=N1,"2,90"
12 515,CC(=NN=C(O)C1C=CC=CC=1)C1=CN=CC=N1,"1,90"
12 516,CC(N=NC(=O)C1C=CN=CC=1)C1C=NC=CN=1,"1,20"
12 517,CC(=O)N(O)CCCCCNC(=O)CCC(=O)N(O)CCCCCNC(=O)CCC(=O)N(O)CCCCCNC(=O)CCC(O)=O,"-0,51"
12 518,CC(=O)N(O)CCCCCNC(=O)CCC(=O)N(O)CCCCCNC(=O)CCC(=O)N(O)CCCCCNC=O,"-0,33"
12 519,CC(=O)N(O)CCCCCNC(=O)CCC(=O)N(O)CCCCCNC(=O)CCC(=O)N(O)CCCCCNS(C)(=O)=O,"-0,36"
12 520,CC(=O)NC(CCCCN(CC1C=CC=CC=1)C(=O)N(CC=C)N=O)C(=O)NCC1C=CC=CC=1,"2,70"
12 521,CC(=O)NC(CCCCN(CC1C=CC=CC=1)C(=O)N(CCCl)N=O)C(=O)NCC1C=CC=CC=1,"2,46"
12 522,CC(=O)NC(CCCCN(CC1C=CC=CC=1)C(=O)NCC=C)C(=O)NCC1C=CC=CC=1,"1,98"
12 523,C/C(/O)=N/C(CCCC/N=C(\\O)/N(CC#C)N=O)/C(/O)=N/CC1C=CC=CC=1,"1,64"
12 524,C/C(/O)=N/C(CCCC/N=C(\\O)/N(CCCl)N=O)/C(/O)=N/CC1C=CC=CC=1,"1,54"
12 525,CC(=O)NC(CCCN(CC1C=CC=CC=1)C(=O)N(CC=C)N=O)C(=O)NCC1C=CC=CC=1,"2,16"
12 526,CC(=O)NC(CCCN(CC1C=CC=CC=1)C(=O)N(CCCl)N=O)C(=O)NCC1C=CC=CC=1,"1,92"
12 527,C/C(/O)=N/C(CCCN(CC1C=CC=CC=1)/C(/O)=N/CC=C)/C(/O)=N/CC1C=CC=CC=1,"1,44"
12 528,C/C(/O)=N/C(CCC/N=C(\\O)/N(CC#C)N=O)/C(/O)=N/CC1C=CC=CC=1,"1,12"
12 529,C/C(/O)=N/C(CCC/N=C(\\O)/N(CCCl)N=O)/C(/O)=N/CC1C=CC=CC=1,"1,33"
12 530,CC(=O)N=C1C(Cl)C(=O)C2C=CC=CC=2C1=O,"1,42"
12 531,C/C(/O)=N/CC/C(/O)=N/CC1C(=O)C(=O)C=C(C)N1C,"-1,70"
12 532,CC(=O)NCCCCCN(O)C(=O)CCC(=O)NCCCCCN(O)C(=O)CCC(=O)NCCCCCN(O)C(C)=O,"-0,03"
12 533,CC(O)=NN=CC1=C(CO)C=CC(C)=C1O,"1,71"
12 534,CC(=O)NC1C=CC(F)=CC=1F,"1,50"
12 535,CC(=O)NC1=CC=C(C=C1)S(=O)(=O)NC1C=C(C)N=C(C)N=1,"-0,14"
12 536,CC(=O)NC1C=CC(=CC=1)S(=O)(=O)NC1=NC(C)=C(C)O1,"0,46"
12 537,CC(C)(OC(C)=O)C1CC2C(=O)CCCC2(C)CC1,"3,20"
12 538,CC(C)(OC(C)=O)C1CC2C(C)(O)CCCC2(C)CC1,"3,80"
12 539,CC(C)(OC(C)=O)C1CC2C(CO)CCCC2(C)CC1,"3,49"
12 540,CC(C)(OC(C)=O)C1CC2C(O)CCCC2(C)CC1,"3,62"
12 541,CC(C)(OC(C)=O)C1CC2C3(CO3)CCCC2(C)CC1,"4,08"
12 542,CC(=O)OC1C(OC(C)=O)C(CCl)OC1N1C=C(F)C(O)=NC1=O,"0,38"
12 543,CC(C)(O)C1CC2C(CCCC2(C)CC1)OC(C)=O,"3,42"
12 544,CC(C)(OC(C)=O)C1CC2C(CCCC2(C)CC1)OC(C)=O,"5,06"
12 545,CC(=O)OC1C(OC(C)=O)C(COC(C)=O)OC1N1C=C(F)C(O)=NC1=O,"-0,25"
12 546,CC(=O)OCC1=CC=CC=N1,"0,39"
12 547,CC(=O)OC1=CC=CC=C1C(=O)OC1CC2C(=CC(O)=CC=2O)OC1C1C=CC(O)=C(O)C=1,"2,87"
12 548,CC(=O)OC1=COC(CBr)=CC1=O,"0,51"
12 549,CC(=O)C1=CC(F)=C(Cl)C=C1Cl,"3,40"
12 550,CC(=O)C1=CC2C=CC3=CC=CC4C=CC(=C1)C=2C=43,"4,29"
12 551,CC(=O)C1=CC2=CC=CC3C=CC4C=CC=C1C=4C=32,"4,16"
12 552,CC(=O)C1C=CC(Br)=CC=1O,"3,15"
12 553,CC(=O)C1C=CC(Cl)=CC=1O,"2,97"
12 554,CC(=O)C1C=CC(=CC=1O)[N+]([O-])=O,"2,05"
12 555,CC(=O)C1C=CC2C=CC3C=CC=C4C=CC=1C=2C=34,"4,18"
12 556,CC(=O)C1C2=CC=CC=C2C=C2C=CC=CC2=1,"3,60"
12 557,CC(=O)C1C=C(CNC2N=CNC3=NC=NC=23)C=CC=1,"1,73"
12 558,CC(=O)C1C=C(CC2=CC(=CC=C2)C2C(O)=NC3C=C(Cl)C=CC=3C=2O)C=CC=1O,"5,21"
12 559,CC(C(=O)OC1CCCCC1)S(=O)(=O)C1=CC=C(C=C1)[N+]([O-])=O,"2,82"
12 560,CC(=O)OCCCOC(=O)C(C)C1=CC(=CC=C1)C(=O)C1C=CC=CC=1,"3,60"
12 561,CC(=O)OCCOC(=O)C(C)C1=CC(=CC=C1)C(=O)C1C=CC=CC=1,"3,10"
12 562,CC(=O)OCOC(=O)C(C)C1=CC(=CC=C1)C(=O)C1C=CC=CC=1,"3,40"
12 563,CC(C(O)=O)C1=CC=C(C=C1)N1CC2CCCCC2C1=O,"3,15"
12 564,CC(C)(C)N(=O)=CC1C=CC(Br)=CC=1,"2,00"
12 565,CC(C)(C)N(=O)=CC1C=CC(Cl)=CC=1,"2,40"
12 566,CC(C)(C)N(=O)=CC1C=CC(O)=CC=1,"0,60"
12 567,CC(C)(C)N(=O)=CC1C=CC(=CC=1)C(O)=O,"1,10"
12 568,CC(C)(C)N(=O)=CC1C=CC(=CC=1)[N+]([O-])=O,"1,40"
12 569,CC(C)(C)N(=O)=CC1C=CC=C(O)C=1,"1,00"
12 570,CC(C)(C)N(=O)=CC1=CC(=CC=C1)[N+]([O-])=O,"1,30"
12 571,CC(C)(C)N(=O)=CC1C=CC=CC=1[N+]([O-])=O,"0,80"
12 572,CC(C)(C)N(=O)=CC1=CC=CC=C1O,"1,30"
12 573,CC(C)(C)[N+](=O)C=C1C=CN([O-])C=C1,"-1,05"
12 574,CC(C)(C)N(=O)=CC1C=CN=CC=1,"0,40"
12 575,CC(C)(C)N=O,"0,91"
12 576,CC(C)(C)NCC(COC1=NSN=C1N1CCOCC1)OC(=O)C1CC1,"3,54"
12 577,CC(C)(C)NCC(O)CON=C(C1CC1)C1CC1,"1,84"
12 578,CC(C)(C)NCC1=CC=C(C=C1)S(=O)(=O)C1C=C(SC=1)S(N)(=O)=O,"1,76"
12 579,CC(C)(C)NC1N=C(N)N=C(Cl)N=1,"1,94"
12 580,CC(C)(C)NC1N=C(O)N=C(N)N=1,"2,07"
12 581,CC(C)(C)OC(=O)NC(CC1=CNC2=CC=CC=C12)C(O)=O,"2,65"
12 582,CC(C)(C)SSC1NC=CN=1,"2,56"
12 583,CC(C)(C)C1C=CC(=CC=1)C(CCN1CCCC1)C1C=CC=CC=1,"6,72"
12 584,CC(C)(C)C1C=CC(=CC=1)C(CCN1CCCCC1)C1C=CC=CC=1,"6,83"
12 585,CC(C)(C)C1C=CC(=CC=1)C(O)CCCN1CCC(CC1)C(O)C1C=CC=CC=1,"4,06"
12 586,CC(C)(C)C1C=CC(=CC=1)OCC1CNC(=N)O1,"2,84"
12 587,CC(C)(CO)N=O,"-0,52"
12 588,CC(C)(CC1=CNC2=CC=CC=C12)NCC(O)CON=C(C1CC1)C1CC1,"3,29"
12 589,CC(C)(C#C)NCC(O)CON=C(C1CC1)C1CC1,"1,60"
12 590,CC(C)(O)C1CC2C(=C)CCCC2(C)CC1,"4,64"
12 591,CC(C)(O)C1CC2C(=O)CCCC2(C)CC1,"1,92"
12 592,CC(C)(O)C1CC2C(C)(O)CCCC2(C)CC1,"3,04"
12 593,CC(C)(O)C1CC2C(O)(CO)CCCC2(C)CC1,"1,54"
12 594,CC(C)(O)C1CC2C(O)CCCC2(C)CC1,"2,68"
12 595,CC(C)(O)C1CC2C3(CCC2(C)CC1)CO3,"2,90"
12 596,CC(C)=CC1C(C(=O)OCC2C=CC=C(I)C=2)C1(C)C,"6,61"
12 597,CC(C)=CC1C(C(=O)OCC2C=CC=C(C=2)S(C)(=O)=O)C1(C)C,"3,83"
12 598,CC(C)=CC1C(C(=O)OCC2=CC(=CC=C2)C(=O)C2C=CC=CC=2)C1(C)C,"6,54"
12 599,CC(C)=CCCC(C)=CCCC(C)(C)O,"4,54"
12 600,CC(C)=CCNC1=NC=NC2N=CNC1=2,"2,20"
12 601,CC1=CC(=O)C(=O)C(C/N=C(\\O)/C(C)C)N1C,"-0,35"
12 602,CC(C)C(=O)OCC(=O)C1(O)C(C)CC2C3CCC4=CC(=O)C=CC4(C)C3(F)C(O)CC12C,"3,40"
12 603,CC(C)C(=O)OCC1OC(CC1O)N1C=C(I)C(O)=NC1=O,"0,84"
12 604,CC(C)C(C)NC(CO)C(O)C1C=CC=CC=1,"1,61"
12 605,CC(C)C(/N=C(\\O)/C/N=C(\\O)/C1CCCN1C(=O)C(N)C(C)C)C(O)=O,"-2,83"
12 606,CC(C)C(N)/C(/O)=N/C(C)/C(/O)=N/C(C)/C(/O)=N/C(CC1=CC=CC=C1)C(O)=O,"-1,91"
12 607,CC(C)C(N)/C(/O)=N/C(CC1=CC=C(O)C=C1)C(O)=O,"-2,52"
12 608,CC(C)C(N)/C(/O)=N/C(CC1=CC=CC=C1)/C(/O)=N/C(CC1=CC=C(O)C=C1)C(O)=O,"-1,50"
12 609,CC(C)C(NC(=O)C(CC1C=CC=CC=1)NC(=O)CNC(=O)C(N)C(C)C)C(=O)NC(CC1C=CC=CC=1)C(O)=O,"-0,50"
12 610,CC(C)C(N)C(=O)NCC(=O)NC(CC1=CC=CC=C1)C(=O)NC(CC1=CC=CC=C1)C(O)=O,"-0,51"
12 611,CC(C)C(/N=C(\\O)/C(C)/N=C(\\O)/C(N)CC1=CNC2=CC=CC=C21)C(=N)O,"0,40"
12 612,CC(C)C(NC(=O)C(CC1C=CC=CC=1)NC(=O)CNC(=O)C(C)N)C(=O)NC(CC1C=CC=CC=1)C(O)=O,"-1,10"
12 613,CC(C)C(NC(=O)C(CC1=CC=CC=C1)NC(=O)CNC(=O)CN)C(=O)NC(CC1=CC=CC=C1)C(O)=O,"-1,40"
12 614,CC(C)C(NC(=O)C(CC1=CC=CC=C1)NC(=O)CNC(=O)CNC(=O)C(N)CC1=CNC2C=CC=CC1=2)C(O)=O,"-0,44"
12 615,CC(C)C(/N=C(\\O)/C(N)CC1=CC=C(O)C=C1)/C(/O)=N/C(CC1=CC=CC=C1)C(O)=O,"-1,37"
12 616,CC(C)C(/N=C(\\O)/C(N)CC1C=CC=CC=1)/C(/O)=N/C(C)C(O)=O,"-2,19"
12 617,CC(C)C(NC(=O)C(N)CC1=CC=CC=C1)C(=O)NC(CC1=CC=C(O)C=C1)C(=O)NC(CC1=CC=CC=C1)C(O)=O,"-0,32"
12 618,CC(C)C(/N=C(\\O)/C(N)CC1=CC=CC=C1)/C(/O)=N/C(CC1=CC=CC=C1)C(O)=O,"-0,76"
12 619,CC(C)C(NC(=O)C(N)CC1C=CC=CC=1)C(=O)NCC(O)=O,"-2,33"
12 620,CC(C)C(/N=C(\\O)/C(N)CC1C=CC=CC=1)C(O)=O,"-1,68"
12 621,CC(C)C(NC(=O)CNC(=O)C(CC1C=CC=CC=1)NC(=O)C(C)N)C(=O)NC(CC1C=CC=CC=1)C(O)=O,"-0,59"
12 622,CC1(NC(=NC1=O)C1N=CC(Br)=CC=1C(O)=O)C(C)C,"1,19"
12 623,CC1(NC(=NC1=O)C1N=CC(CO)=CC=1C(O)=O)C(C)C,"-0,21"
12 624,CC(C)C1(C)NC(=NC1=O)C1N=CC(=CC=1C(O)=O)C1C=CC=CC=1,"2,24"
12 625,CC(C)C1(C)NC(=NC1=O)C1N=CC2=CC=CC=C2C=1C(O)=O,"1,81"
12 626,CC(C)CC(=O)OCC(=O)C1(O)C(C)CC2C3CCC4=CC(=O)C=CC4(C)C3(F)C(O)CC12C,"3,80"
12 627,CC(C)CC(N)C(=O)N1CCCC1/C(/O)=N/C(CC(C)C)/C(/O)=N/C(CC(C)C)C(O)=O,"-0,92"
12 628,CC(C)CC(N)C(=O)N1CCCC1/C(/O)=N/C(CC(C)C)C(O)=O,"-1,56"
12 629,CC(C)CC(N)C(=O)N1CCCC1C(O)=O,"-1,76"
12 630,CC(C)C(/N=C(\\O)/C(N)CC(C)C)/C(/O)=N/C(C(C)C)C(O)=O,"-2,10"
12 631,CC(O)C(NC(=O)CNC(=O)C(NC(=O)C(N)CC(C)C)C(C)C)C(=O)NC(CC1C=CC=CC=1)C(O)=O,"-1,18"
12 632,CC(C)C(NC(=O)C(N)CC(C)C)C(O)=O,"-2,05"
12 633,CC(NC(=O)C(N)CC(C)C)C(=O)NC(CC(C)C)C(O)=O,"-2,03"
12 634,CC(C)CC(N)/C(/O)=N\\C(CC(C)C)C(=O)N1CCCC1/C(/O)=N/C(CC(C)C)C(O)=O,"-1,00"
12 635,CC(C)CC(/N=C(/O)\\C(N)CC(C)C)C(=O)N1CCCC1C(O)=O,"-1,58"
12 636,CC(C)CC(NC(=O)C(N)CC(C)C)C(=O)NC(C(C)C)C(=O)NC(CC1C=CC=CC=1)C(O)=O,"-0,25"
12 637,CC(NC(=O)C(CC(C)C)NC(=O)C(N)CC(C)C)C(=O)NC(CC1C=CC=CC=1)C(O)=O,"-1,00"
12 638,CC(C)CC(/N=C(\\O)/C(N)CC(C)C)/C(/O)=N\\C(CC(C)C)C(=O)N1CCCC1C(O)=O,"-1,18"
12 639,CC(C)CC(/N=C(\\O)/C(CC(C)C)/N=C(\\O)/C(N)CC(C)C)/C(/O)=N/C(C(C)C)C(O)=O,"-0,51"
12 640,CC(C)CC(N)C(=O)NC(CC(C)C)C(=O)NC(CC(C)C)C(=O)NC(CC1C=CC=CC=1)C(O)=O,"0,24"
12 641,CC(C)CC(N)/C(/O)=N/C(CC(C)C)/C(/O)=N/C(CC1C=CC(O)=CC=1)C(O)=O,"-1,34"
12 642,CC(C)CC(/N=C(\\O)/C(N)CC(C)C)/C(/O)=N/C/C(/O)=N/C(CC1C=CC=CC=1)C(O)=O,"-0,42"
12 643,CC(C)CC(N)/C(/O)=N/C(CO)/C(/O)=N/C(CC(C)C)C(O)=O,"-2,35"
12 644,CC(C)CC(N)/C(/O)=N/C(CC1C=CC(O)=CC=1)C(O)=O,"-1,94"
12 645,CC(C)CC(NC(=O)C(C)NC(=O)C(C)NC(=O)C(C)NC(=O)C(N)CC1C=CC=CC=1)C(O)=O,"-2,23"
12 646,CC(N)C(=O)NC(CC(C)C)C(=O)NC(CC(C)C)C(=O)NCC(=O)NC(CC1C=CC=CC=1)C(O)=O,"-0,63"
12 647,CC(C)CC(/N=C(\\O)/C(CC(C)C)/N=C(\\O)/C(C)/N=C(\\O)/C(C)/N=C(\\O)/CN)C(O)=O,"-2,55"
12 648,CC(C)CC(/N=C(\\O)/C1CCCN1)/C(/O)=N/C(CC(C)C)/C(/O)=N/C(CC(C)C)C(O)=O,"-1,06"
12 649,CC(C)CC(NC(=O)C(CC(C)C)NC(=O)C(N)CO)C(O)=O,"-2,03"
12 650,CC(N)/C(/O)=N/C(C(C)C)/C(/O)=N/C(CC(C)C)/C(/O)=N/C(CC(C)C)C(O)=O,"-1,74"
12 651,CC(C)CC(/N=C(\\O)/C(CC(C)C)/N=C(\\O)/C1CCCN1)C(O)=O,"-1,64"
12 652,CC(C)CC(NC(=O)CN)C(=O)NC(CC(C)C)C(=O)NCC(=O)NC(CC1C=CC=CC=1)C(O)=O,"-0,18"
12 653,CC(C)CC(NC(=O)CNC(=O)C(N)CC1=CNC2C=CC=CC1=2)C(=O)NC(CC(C)C)C(O)=O,"0,06"
12 654,CC(C)CC(NC(=O)C(CC1=CNC2C=CC=CC1=2)NC(=O)C(N)CC1=CNC2C=CC=CC1=2)C(O)=O,"0,36"
12 655,CC(C)CC(NC(=O)C(CC1=CC=C(O)C=C1)NC(=O)C(N)CC1=CC=C(O)C=C1)C(O)=O,"-1,38"
12 656,CC(O)C(NC(=O)C(CC(C)C)NC(=O)C(CC1C=CC=CC=1)NC(=O)C(N)C(C)C)C(O)=O,"-1,32"
12 657,CC(C)CC(NC(=O)C(CC1C=CC=CC=1)NC(=O)CNC(=O)C(NC(=O)C(N)CC1C=CC(O)=CC=1)C(C)O)C(O)=O,"-1,18"
12 658,CC(C)CC(NC(=O)C(CC1=CC=CC=C1)NC(=O)CNC(=O)CNC(=O)C(N)CC1=CC=C(O)C=C1)C(O)=O,"-0,80"
12 659,CC(C)CC(NC(=O)C(CC(C)C)NC(=O)C(N)CC1=CNC2C=CC=CC1=2)C(=O)NC(C(C)C)C(O)=O,"0,23"
12 660,CC(C)CC(NC(=O)C(N)CC1=CNC2C=CC=CC1=2)C(=O)NC(CC1=CC=CC=C1)C(=O)NC(C)C(=O)NC(C)C(O)=O,"-0,32"
12 661,CC(C)CC(/N=C(\\O)/C(N)CC1=CNC2=CC=CC=C21)C(O)=O,"-0,73"
12 662,CC(C)CC(/N=C(\\O)/C(N)CC1C=CC(O)=CC=1)/C(/O)=N/C(C(C)C)C(O)=O,"-1,45"
12 663,CC(C)CC(/N=C(\\O)/C(N)CC1C=CC(O)=CC=1)C(O)=O,"-1,75"
12 664,CC(C)C(/N=C(\\O)/C(CC(C)C)/N=C(\\O)/C(N)C(C)C)/C(/O)=N/C(CC(C)C)C(O)=O,"-1,23"
12 665,CC(C)CC(NC(=O)CN)C(=O)NC(CO)C(=O)NC(C(C)C)C(=O)NC(CC(C)C)C(O)=O,"-1,64"
12 666,CC(O)C(N)C(=O)NC(C(C)C)C(=O)NC(CC(C)C)C(O)=O,"-1,97"
12 667,CC(C)CC(/N=C(\\O)/C(/N=C(\\O)/C1CCCN1C(=O)C(N)C(C)C)C(C)C)C(O)=O,"-1,91"
12 668,CC(C)CC(NC(=O)C1CCCN1)C(O)=O,"-2,41"
12 669,CC(C)C(NC(=O)C(CC1C=CC=CC=1)NC(=O)C(N)C(C)C)C(=O)NCC(=O)NC(CC(C)C)C(O)=O,"-0,97"
12 670,CC(=C)C(=O)OCCCCCCCC(C)C,"5,28"
12 671,CC(C)CCCCCNC1N=CNC2=NC=NC2=1,"4,16"
12 672,CC(C)CCCCNC1N=CNC2=NC=NC2=1,"3,61"
12 673,CC(C)CCCNC1N=CNC2=NC=NC2=1,"3,06"
12 674,CC(C)CCCNC1N=CN=C2C=1N=CN2C1OC(CO)C(O)C1O,"2,07"
12 675,CC(C)CCNC1=NC=NC2N=CNC=21,"2,51"
12 676,CC(C)CCNC1N=CN=C2C=1N=CN2C1OC(CO)C(O)C1O,"1,60"
12 677,CN1CC(O)N(C1=O)/C(/O)=N/CC(C)C,"1,32"
12 678,CC(C)CNCC1C=CC(=CC=1)S(=O)(=O)C1C=C(SC=1)S(N)(=O)=O,"2,63"
12 679,CC(C)CNCC1C=CC=C(C=1)S(=O)(=O)C1C=C(SC=1)S(N)(=O)=O,"2,31"
12 680,CC(C)N/C(/NS(=O)(=O)C1C=NC=CC=1NCC(C)C)=N/C#N,"0,88"
12 681,CC(C)CNC1N=CNC2=NC=NC=12,"1,92"
12 682,CC(C)CNC1N=CN=C2C=1N=CN2C1OC(CO)C(O)C1O,"1,01"
12 683,CN1C(=NC(=O)N(C(C)C)C1=O)N(C(C)C)C(C)=O,"0,18"
12 684,CC(C)N(CC1CNC(=N)O1)C(C)C,"0,98"
12 685,CC(C)N(CCC(C(=N)O)C1=CC=CC=C1Cl)C(C)C,"2,83"
12 686,CN1CC(O)N(C1=O)/C(/O)=N/C(C)C,"0,96"
12 687,CC1=CC=CC=C1N=C1C=CN=CC1S(=O)(=O)NC(O)=NC(C)C,"3,91"
12 688,CC(C)N=C(S)NS(=O)(=O)C1C=NC=CC1=NC1CCCCCC1,"3,86"
12 689,CC(C)N=C(S)NS(=O)(=O)C1C=NC=CC1=NC1CCCCCCC1,"4,20"
12 690,CC(C)NC(CO)C(O)C1C=CC=CC=1,"1,19"
12 691,CC(C)N/C(/NS(=O)(=O)C1C=NC=CC=1NC1CC1)=N/C#N,"0,01"
12 692,CC(C)N/C(/NS(=O)(=O)C1C=NC=CC=1NC1CCCC1)=N/C#N,"0,98"
12 693,CC(C)N/C(/NS(=O)(=O)C1C=NC=CC=1NC1CCCCC1)=N/C#N,"1,53"
12 694,CC(C)N/C(/NS(=O)(=O)C1C=NC=CC=1NC1CCCCCC1)=N/C#N,"2,07"
12 695,CC(C)N/C(/NS(=O)(=O)C1C=NC=CC=1NC1CCCCCCC1)=N/C#N,"2,58"
12 696,CC(C)N/C(/NS(=O)(=O)C1C=NC=CC=1NC1CCCCCCCCCCC1)=N/C#N,"4,51"
12 697,CC(C)N/C(/NS(=O)(=O)C1C=NC=CC=1NCC1C=CC=CC=1)=N/C#N,"1,36"
12 698,CC1C=CC(=CC=1)NC1C=CN=CC=1S(=O)(=O)N/C(/NC(C)C)=N\\C#N,"1,91"
12 699,CC(C)N/C(/NS(=O)(=O)C1C=NC=CC=1NC1=CC(=C(Cl)C=C1)C(F)(F)F)=N/C#N,"3,27"
12 700,CC(C)N/C(/NS(=O)(=O)C1C=NC=CC=1NC1C=CC(Cl)=CC=1)=N/C#N,"2,37"
12 701,CC(C)N/C(/NS(=O)(=O)C1C=NC=CC=1NC1=CC(Br)=CC=C1)=N/C#N,"2,27"
12 702,CC1C=CC=C(C=1)N=C1C=CN=CC1S(=O)(=O)NC(NC(C)C)=NC#N,"1,86"
12 703,CC(C)N/C(/NS(=O)(=O)C1C=NC=CC=1NC1=CC(Cl)=CC=C1)=N/C#N,"2,14"
12 704,CC(C)N/C(/NS(=O)(=O)C1C=NC=CC=1NC1=CC(F)=CC=C1)=N/C#N,"1,59"
12 705,CC(C)N/C(/NS(=O)(=O)C1C=NC=CC=1NC1=CC(I)=CC=C1)=N/C#N,"2,51"
12 706,CC(C)N/C(/NS(=O)(=O)C1C=NC=CC=1NC1=CC(=CC=C1)C(F)(F)F)=N/C#N,"2,54"
12 707,CC1C=CC=CC=1NC1C=CN=CC=1S(=O)(=O)N/C(/NC(C)C)=N\\C#N,"1,67"
12 708,CC(C)NCC(O)CN1C(=O)COC2=CC=CC=C12,"1,45"
12 709,CC(C)NCC(O)COC1=CC=C(C=C1)/N=C/O,"0,54"
12 710,CC(C)C1=CNC(=N1)C1=CC=C(C=C1)OCC(O)CNC(C)C,"2,95"
12 711,CC(C)NCC(O)COC1C=CC(=CC=1)C1NC=C(N=1)C1=CC=CS1,"3,20"
12 712,CC(C)NCC(O)COC1=CC=C(C=C1)C1NC=CN=1,"1,40"
12 713,CC(C)NCC(O)COC1=CC=C(CC2NC(Br)=CN=2)C=C1,"2,20"
12 714,CC(C)NCC1=CC(=CC=C1)S(=O)(=O)C1C=C(SC=1)S(N)(=O)=O,"1,76"
12 715,CN1/C(/N=C(O)N(C(C)C)C1=O)=N/C(C)C,"0,53"
12 716,CC(C)NC1NC(N)=NC(=O)N=1,"1,27"
12 717,CC(C)NC1=NC=NC2NC=NC=21,"1,38"
12 718,CC(C)NC1N=CN=C2C=1N=CN2C1OC(CO)C(O)C1O,"0,48"
12 719,CC1C=CC(=CC=1)S(=O)(=O)C(=CC1C=CC=CC=1)C(=O)OC(C)C,"3,92"
12 720,CC(C)OC(=O)C(=CC1C=CC=CC=1)S(=O)(=O)C1C=CC(Cl)=CC=1,"4,18"
12 721,CC(C)OC(=O)C(=CC1C=CC=CC=1)S(=O)(=O)C1C=CC(=CC=1)[N+]([O-])=O,"3,62"
12 722,CC1C=CC(=CC=1)S(=O)(=O)C1(CCCCC1)C(=O)OC(C)C,"3,21"
12 723,CC(C)OC(=O)C1(CCCCC1)S(=O)(=O)C1C=CC(Cl)=CC=1,"3,49"
12 724,CC(C)OC(=O)C(CC(=O)OC(C)C)S(=O)(=O)C1=CC=C(C=C1)[N+]([O-])=O,"2,18"
12 725,CC(C)OP(=O)(OC(C)C)C(Cl)(Cl)P(=O)(OC(C)C)OC(C)C,"2,89"
12 726,CC(C)SCC1=CC(=O)C(=O)CO1,"1,17"
12 727,CC1=CC(Cl)=C(C(C)C)C(Cl)=C1Cl,"6,20"
12 728,CC(C)C1=CC(=S)SS1,"2,75"
12 729,CC(C)C1=CC=CC(C(C)C)=C1/N=C(\\O)/CC(=O)C1(CCCC1)C1C=CC=CC=1,"4,55"
12 730,CC(C)C1=CC=CC(C(C)C)=C1/N=C(\\O)/CC(=O)C1C=CC=CC=1,"2,87"
12 731,CC(C)C1CC(=O)C(=O)C=CC=1,"1,82"
12 732,CC(CC(C)O[N+]([O-])=O)O[N+]([O-])=O,"2,75"
12 733,CC(CCC(C)O[N+]([O-])=O)O[N+]([O-])=O,"3,09"
12 734,CC(CCCCO[N+]([O-])=O)O[N+]([O-])=O,"3,25"
12 735,CC(CCCO[N+]([O-])=O)O[N+]([O-])=O,"2,88"
12 736,CC(CCO[N+]([O-])=O)O[N+]([O-])=O,"2,15"
12 737,CC(CO)=CCNC1=NC=NC2NC=NC1=2,"0,60"
12 738,CC(CO)CCNC1=NC=NC2N=CNC=21,"1,16"
12 739,CC(CO)CNC1N=CNC2=NC=NC=12,"0,61"
12 740,CC(CO)N(C)C,"0,16"
12 741,CC(CO)/N=C(\\O)/CN1C=CN=C1[N+]([O-])=O,"-1,02"
12 742,CC(F)C(=O)N(C1CCN(CCC2C=CC=CC=2)CC1)C1C=CC=CC=1,"3,30"
12 743,CC(N)/C(/O)=N/C(CC1=CNC2=CC=CC=C21)C(O)=O,"-2,21"
12 744,CC(C1C=CC=CC=1)N1CC(=NC1=O)N1CCOCC1,"0,80"
12 745,CC(/N=C(\\O)/C(CC1C=CC=CC=1)/N=C(\\O)/C(N)CC1=CNC2=CC=CC=C21)C(O)=O,"-1,00"
12 746,CC(/N=C(\\O)/C(N)CC1=CNC2=CC=CC=C21)C(O)=O,"-1,98"
12 747,CC(NCC(O)CON=C(C1CC1)C1CC1)C1C=CC=CC=1,"2,32"
12 748,CC(NC1=NC=NC2NC=NC=21)C1C=CC=CC=1,"2,58"
12 749,CC(=O)NC1=CC(NCC(C)O)=C(Cl)C=C1N=NC1=CC=C(C=C1Cl)[N+]([O-])=O,"4,00"
12 750,CC(SSC1NC=CN=1)C1C=CC=CC=1,"3,39"
12 751,CC1(C)C2CC1CC1SSC(=S)C=12,"3,70"
12 752,CC1(C)C2CCC1(C)C1SSC(=S)C=12,"3,80"
12 753,CC1(C)CC(C)(C)C=[N+]1[O-],"-0,15"
12 754,CC1(C)CCC(=[N+]1[O-])C(F)(F)F,"0,20"
12 755,CC1(C)OC23CC1CCC2CCCC3(C)O,"3,57"
12 756,CC1(C)N(O)C(C2C=CC(=CC=2)[N+]([O-])=O)=[N+]([O-])C1(C)C,"1,68"
12 757,CC12CCCC(C)(CO)C1CCC1=CC(C)(CCC21)C=C,"6,85"
12 758,CC1(CSC(=N1)C1C=C(O)C=CC=1O)C(O)=O,"1,30"
12 759,CC1(CSC(=N1)C1C=CC(O)=CC=1O)C(O)=O,"1,30"
12 760,CC12CC(Cl)(Cl)C(CC1(Cl)Cl)C2(CCl)C(Cl)Cl,"5,49"
12 761,CC1=NC(C)=C(C#N)C(C)(C)C1C#N,"2,47"
12 762,CC1=CC(C=C(C)N1CCC/N=C(\\O)/N(CCCl)N=O)=C1C(=O)C2=CC=CC=C2C1=O,"2,84"
12 763,CC1CC=CC(=C)CCC=1,"4,17"
12 764,CC(=C)C1CC2(C)C(C)CC(=O)C=C2CC1,"3,84"
12 765,CC1CC(O)=NN=C1C1C=CC(=CC=1)N1C=NC2CCCCC1=2,"2,52"
12 766,CN1CC(O)N(C1=O)/C(/O)=N/C1CCC(C)CC1,"2,41"
12 767,CC(C)(O)C1CC2(CC1)C(C)CCC=C2C,"4,59"
12 768,CN1CC(O)N(C1=O)/C(/O)=N/C1CCCCC1C,"2,20"
12 769,CC1CCCCN1CC1CN=C(N)O1,"0,73"
12 770,CC1CCN(CC2CNC(=N)O2)CC1,"0,91"
12 771,CC1CN(CC(C)N1)C1C=C2C(=CC=1F)C(=O)C(=CN2C1C=CC=CC=1)C(O)=O,"0,58"
12 772,CC1CN(CC2CNC(=N)O2)CC(C)O1,"0,16"
12 773,CC1CN(CCN1)C1C=C2C(=CC=1F)C(=O)C(=CN2C1C=CC(F)=CC=1)C(O)=O,"1,26"
12 774,CC1NCCC2C3C=C(C=CC=3NC=21)[N+]([O-])=O,"2,07"
12 775,CC1NCCC2C3=CC=CC=C3NC=21,"2,06"
12 776,CC1OC(C(OC(C)=O)C1OC(C)=O)N1C=C(F)C(O)=NC1=O,"-0,02"
12 777,CC12CCC(CC1CCC1C2CC(O)C2(C)C(CCC21O)C1COC(=O)C=1)OC1CC(O)C(OC2CC(O)C(OC3CC(OC(C)=O)C(OC(C)=O)C(C)O3)C(C)O2)C(C)O1,"2,59"
12 778,CC1C(=CC2=CC=C(C=C2)S(C)(=O)=O)C2=CC=C(F)C=C2C=1CC(O)=O,"3,29"
12 779,CC1(C)CC=C(C)CCC2OC2(C)CC=C1,"4,45"
12 780,CC(C)(O)C1CC2(CC1)C(C)CCC1OC21C,"2,70"
12 781,CC12CCC3C(C)CCC4CC(=O)N(CCC5C=CC=CC=5)C(O1)C43OO2,"3,94"
12 782,CC1C(=O)C=CC2(C)C(O)C(O)C3C(OC(=O)C3C)C2=1,"-0,70"
12 783,CC1CC2C3CCC4=CC(=O)C=CC4(C)C3(F)C(O)CC2(C)C1(O)C(=O)COC(=O)C1CCCCC1,"4,46"
12 784,CC1CC2C3CCC4=CC(=O)C=CC4(C)C3(F)C(O)CC2(C)C1(O)C(=O)COC(=O)CC1CCCCC1,"4,95"
12 785,CC12C(O)C3C(CC(C)C1C=CC2=O)OC(=O)C13CC2CC(=O)C31CC1C(CC(C)C32)OC(=O)C1=C,"1,66"
12 786,CC(=CC)C(=O)OC1CC(C)CCC1C(C)C,"6,20"
12 787,CC(C)(O)C1CC2C(COC(=O)C(C)=CC)CCCC2(C)CC1,"5,27"
12 788,CCC(=O)N(C1CCN(CCCCCF)CC1)C1C=CC=CC=1,"2,74"
12 789,CCC(=O)N(C1C=CC=CC=1)C1(CCN(CCCCCF)CC1)C(=O)OC,"3,02"
12 790,CCC(=O)N(C1C=CC=CC=1)C1(CCN(CCC2C=CC=CC=2)CC1)C(=O)OCCF,"4,15"
12 791,CCC(=O)N(C1C=CC=CC=1)C1(CCN(CCC2C=CC=CC=2)CC1)C(=O)OCF,"4,02"
12 792,CC(=O)N(O)CCCCCNC(=O)CCC(=O)N(O)CCCCCNC(=O)CCC(=O)N(O)CCCCCNC(=O)CC,"0,17"
12 793,CC1=CC(=O)C(=O)C(C/N=C(\\O)/CC)N1C,"-0,72"
12 794,CC(C)NCC(O)COC1C=CC(=CC=1)NC(=O)CC,"1,02"
12 795,CC/C(/O)=N/C1=CC2=NC3C(CO)=C(N)C=CC=3C=C2C=C1,"1,55"
12 796,CCC(C)(C)C1C=CC(=CC=1)OCC1CNC(=N)O1,"3,69"
12 797,CC(CC)C(/N=C(\\O)/C/N=C(\\O)/C1CCCN1C(=O)C(N)C(C)CC)C(O)=O,"-1,69"
12 798,CC(CC)C(N)C(=O)N1CCCC1C(O)=O,"-1,79"
12 799,CC(CC)C(/N=C(\\O)/C(/N=C(\\O)/C(/N=C(\\O)/C(/N=C(\\O)/C(N)C(C)CC)C(C)C)C(C)C)C(C)C)C(O)=O,"-0,89"
12 800,CC(CC)C(/N=C(\\O)/C(N)C(C)CC)/C(/O)=N/C(C(C)C)/C(/O)=N/C(C(C)C)C(O)=O,"-1,41"
12 801,CC(CC)C(N)C(=O)NC(C(C)CC)C(=O)NC(C(C)CC)C(=O)NC(C(C)CC)C(=O)NCC(O)=O,"-0,97"
12 802,CC(O)C(/N=C(\\O)/C(/N=C(\\O)/C(N)C(C)CC)C(C)CC)C(O)=O,"-2,23"
12 803,CC(CC)C(/N=C(\\O)/C(N)C(C)CC)/C(/O)=N/C/C(/O)=N/C(CC1C=CC=CC=1)C(O)=O,"-0,99"
12 804,CC(CC)C(/N=C(\\O)/C(N)C(C)CC)C(O)=O,"-1,82"
12 805,CC(CC)C(/N=C(\\O)/C(C)/N=C(\\O)/C(C)/N=C(\\O)/C(N)C(C)CC)C(O)=O,"-2,82"
12 806,CCC(C)C(N)C(=O)NC(C)C(=O)NC(CC1C=CC(O)=CC=1)C(=O)NC(CC1=CNC2C=CC=CC1=2)C(=O)NCC(O)=O,"-1,47"
12 807,CCC(C)C(N)/C(/O)=N/C(C)/C(/O)=N/C/C(/O)=N/C(CC1C=CC=CC=1)C(O)=O,"-1,78"
12 808,CC(CC)C(N)/C(/O)=N/C(CO)/C(/O)=N/C(C(C)CC)C(O)=O,"-2,64"
12 809,CC(C)CC(/N=C(\\O)/C(CO)/N=C(\\O)/C(N)C(C)CC)C(O)=O,"-2,28"
12 810,CC(C)C(/N=C(\\O)/C(CC1=CC=C(O)C=C1)/N=C(\\O)/C(N)C(C)CC)C(O)=O,"-1,77"
12 811,CC(C)C(NC(=O)C(NC(=O)C(CC1=CC=C(O)C=C1)NC(=O)C(N)C(C)CC)C(C)CC)C(O)=O,"-1,09"
12 812,CC(CC)C(/N=C(\\O)/C(C)N)C(O)=O,"-2,60"
12 813,CCC(C)C(NC(=O)C(C)NC(=O)C(CC(C)C)NC(=O)C(N)CO)C(=O)NC(C(C)C)C(O)=O,"-1,94"
12 814,CC(C)CC(/N=C(\\O)/C(N)C(C)O)/C(/O)=N/C(C(C)CC)C(O)=O,"-1,66"
12 815,CC(C)CC(/N=C(\\O)/C(N)CO)/C(/O)=N/C(C(C)CC)C(O)=O,"-1,99"
12 816,CC(C)CC(/N=C(\\O)/C(/N=C(\\O)/C(N)CCSC)C(C)CC)/C(/O)=N/C(C(C)CC)C(O)=O,"-0,49"
12 817,CC(=O)NC(CCCNC(N)=N)C(=O)NC(C(C)CC)C(=O)NC(CC1C=CC=CC=1)C(N)=O,"-0,04"
12 818,CCC(C)C(/N=C(\\O)/C(CC1=CC=C(O)C=C1)/N=C(\\O)/C(C)N)C(O)=O,"-2,04"
12 819,CC(C)C(N)C(=O)NC(CCSC)C(=O)NC(CC1=CC=CC=C1)C(=O)NC(C(C)CC)C(O)=O,"-0,63"
12 820,CC(C)CC(N)/C(/O)=N/C(C(C)CC)/C(/O)=N/C(C(C)O)C(O)=O,"-2,14"
12 821,CC(C)CC(N)C(=O)NC(C(C)CC)C(O)=O,"-1,64"
12 822,CC(C)CC(/N=C(\\O)/C(/N=C(\\O)/C(N)CC1=CC=C(O)C=C1)C(C)CC)/C(/O)=N/CC(O)=O,"-1,49"
12 823,CCC(C)C(/N=C(\\O)/C(N)CC1C=CC=CC=1)/C(/O)=N/C(C(C)O)C(O)=O,"-1,95"
12 824,CC(C)CC(N)C(=O)NC(C(C)CC)C(=O)NC(C(C)CC)C(=O)NCC(=O)NC(C)C(O)=O,"-1,65"
12 825,CC(C)CC(N)/C(/O)=N/C(C(C)CC)/C(/O)=N/C(C(C)CC)C(O)=O,"-1,11"
12 826,CC(C)CC(N)/C(/O)=N/C(C(C)O)/C(/O)=N/C(C(C)CC)C(O)=O,"-2,30"
12 827,CC(CC)C(/N=C(\\O)/C1CCCN1)C(O)=O,"-2,56"
12 828,CCC(C)C(NC(=O)CNC(=O)C(C)NC(=O)CNC(=O)C(N)CC1C=CC=CC=1)C(O)=O,"-1,87"
12 829,CC(CC)C(/N=C(\\O)/C/N=C(\\O)/C1CCCN1C(=O)C(N)CC1C=CC(O)=CC=1)C(O)=O,"-1,65"
12 830,CC(=O)NC(C(C)CC)C(=O)NC(CC1C=CC=CC=1)C(=O)NC(CCCNC(N)=N)C(N)=O,"-0,05"
12 831,CN1CC(O)N(C1=O)/C(/O)=N/C(C)CC,"1,28"
12 832,CCC(C)/N=C(\\O)/NN,"-0,84"
12 833,CCC(C)NCC1=CC(=CC=C1)S(=O)(=O)C1C=C(SC=1)S(N)(=O)=O,"2,13"
12 834,CCCNC1N=C(Cl)N=C(N)N=1,"1,86"
12 835,CCC(C)SSC1NC=CN=1,"2,76"
12 836,COC(=O)C(CC)(CC)S(=O)(=O)C1C=CC(=CC=1)[N+]([O-])=O,"2,24"
12 837,CCC(CC)/C(/O)=N/S(=O)(=O)C1C=CC(=CC=1[N+]([O-])=O)C(F)(F)F,"3,57"
12 838,CCC(CO[N+]([O-])=O)O[N+]([O-])=O,"2,36"
12 839,CC1OC(CN2C=NC=N2)(OC1CC)C1C=CC(Cl)=CC=1Cl,"3,41"
12 840,CC(C)(C)CC1CCC2(CC1)CC(=O)C(C(CCC)=NOCC)C(=O)O2,"5,30"
12 841,CCON=C(CCC)C1C(=O)OC2(CC1=O)CCCC2,"3,22"
12 842,CCON=C(CCC)C1C(=O)OC2(CC1=O)CCCC1CCCCC21,"5,00"
12 843,CC(=O)N(O)CCCCCNC(=O)CCC(=O)N(O)CCCCCNC(=O)CCC(=O)N(O)CCCCCNC(=O)CCC,"0,42"
12 844,CCCC(=O)OC1CC2C(=CC(O)=CC=2O)OC1C1C=CC(O)=C(O)C=1,"2,47"
12 845,CCCC(=O)OCC1OC(CC1O)N1C=C(I)C(O)=NC1=O,"0,88"
12 846,CN(N=NC1C=CC(=CC=1)C(=O)OCC)C(=O)OCOC(=O)CCC,"4,51"
12 847,CCCC(=O)C1C=CN=CC=1,"1,40"
12 848,CN(C)CCN1C(=O)C(CCC)C(CC2=C(C=CC=C12)C(F)(F)F)C1=CC=C(C=C1)OC,"6,90"
12 849,CCCCC(=O)C(CCCCOC1=C(C=C(C)C=C1C)[N+]([O-])=O)N1C=NC=N1,"3,90"
12 850,CCCCC(=O)C(CCCCOC1C=C(F)C=CC=1)N1C=NC=N1,"3,42"
12 851,CC(=O)N(O)CCCCCNC(=O)CCC(=O)N(O)CCCCCNC(=O)CCC(=O)N(O)CCCCCNC(=O)CCCC,"0,88"
12 852,CC1OC(CC(N)C1O)OC1CC(O)(CC2=C1C(O)=C1C(C(=O)C3C=CC=C(OC)C=3C1=O)=C2O)C(=O)COC(=O)CCCC,"2,56"
12 853,CC1OC(CC(C1O)N(C)C)OC1CC(O)(CC2=C1C(O)=C1C(C(=O)C3C=CC=C(OC)C=3C1=O)=C2O)C(=O)COCOC(=O)CCCC,"2,82"
12 854,CCCCC(=O)C1C=CN=CC=1,"2,00"
12 855,CCCCC(C)N=C=S,"3,94"
12 856,CCCCC(CO[N+]([O-])=O)O[N+]([O-])=O,"3,51"
12 857,CCCCC(O)C(CCCCOC1=CC=C(F)C=C1)N1C=NC=N1,"3,38"
12 858,CC1C=CC=C(C=1)OCCCCC(C(O)CCCC)N1C=NC=N1,"3,60"
12 859,CCCCC(O)C(CCCCOC1=CC=CC2=CC=CC=C12)N1C=NC=N1,"4,31"
12 860,CC1CC2C3CCC4=CC(=O)C=CC4(C)C3(F)C(O)CC2(C)C1(O)C(=O)COC(=O)CCCCC,"4,30"
12 861,CCCCCC(=O)C1C=CN=CC=1,"2,90"
12 862,CCCCCC(O)C=CC1C(CC=CCCCC(=O)OC)C(O)CC1O,"3,07"
12 863,CCCCCC(O)C=CC1C(CC=CCCCC(=O)OCC2C=CC=CC=2)C(O)CC1O,"4,11"
12 864,CCCCCCC(=O)OC1C=CC2CC3C4C=CC(OS(O)(=O)=O)C5OC=1C=2C45CCN3C,"0,36"
12 865,CCCCCCC(CO[N+]([O-])=O)O[N+]([O-])=O,"4,63"
12 866,CCCCCCCCCCCCCCC1C=CC=CC=1,"9,95"
12 867,CCCCCCCCCCCCN=C=S,"7,13"
12 868,CCCCCCCCCCCCNCCO,"4,51"
12 869,CC(=C)C(=O)OCCCCCCCCCCCC,"6,57"
12 870,CCCCCCCCCCNCCO,"3,62"
12 871,CN1CC(O)N(C1=O)/C(/O)=N/CCCCCCCC,"3,46"
12 872,CCCCCCCCNCCO,"2,75"
12 873,CCCCCCCCNC1=NS(=O)N=C1NCCSCC1=CC=C(CN(C)C)O1,"4,47"
12 874,CCCCCCCCOC(=O)C1C=CC=NC=1,"4,71"
12 875,CC1C=CC(CNCCCCCCC)=CC=1,"5,12"
12 876,CCCCCCCNC1=NC=NC2N=CNC1=2,"3,71"
12 877,CCCCCCCNC1=NS(=O)N=C1NCCSCC1=CC=C(CN(C)C)O1,"3,91"
12 878,CCCCCCCOC(C)=O,"3,46"
12 879,CCCCCCN=C=S,"3,98"
12 880,CN1CC(O)N(C1=O)/C(/O)=N/CCCCCC,"2,39"
12 881,CCCCCCNCCO,"1,67"
12 882,CC1C=CC(CNCCCCCC)=CC=1,"4,96"
12 883,CCCCCCNC1N=CNC2=NC=NC=12,"3,16"
12 884,CCCCCCNC1N=CN=C2C=1N=CN2C1OC(CO)C(O)C1O,"2,24"
12 885,CCCCCCNC1=NS(=O)N=C1NCCSCC1=CC=C(CN(C)C)O1,"3,46"
12 886,CCCCCCOC(=O)C=C,"3,33"
12 887,COC1C=C(CC(O)=O)C=CC=1OCCCCCC,"3,30"
12 888,CCCCCI,"3,62"
12 889,CCCCCN(C)CC(=O)NC1C(C)=CC=CC=1C,"3,20"
12 890,CCCCCN(CC(O)C1C=CC=CC=1)CCCCC,"2,86"
12 891,CN1CC(O)N(C1=O)/C(/O)=N/CCCCC,"1,75"
12 892,CC1C=CC(CNCCCCC)=CC=1,"4,26"
12 893,CCCCCNC1=NC=NC2N=CNC1=2,"2,58"
12 894,CCCCCNC1N=CN=C2C=1N=CN2C1OC(CO)C(O)C1O,"1,67"
12 895,CCCCCOC1CCC(CC1)/N=C(\\O)/NC12CC3CC(C1)CC(C2)C3,"5,00"
12 896,CCCCCOCCCNC1N=CNC2=NC=NC2=1,"2,74"
12 897,CCCCCOCCCNC1N=CN=C2C=1N=CN2C1OC(CO)C(O)C1O,"1,82"
12 898,CCCCCC1=CC(O)=C2C3CC(=C)C(O)CC3C(C)(C)OC2=C1,"5,24"
12 899,CCCCN(C)CC(=O)NC1C(C)=CC=CC=1C,"2,74"
12 900,CC1C(CCC2=C1C=CC=C2OC)N(CCCC)CCCC,"5,61"
12 901,CCCCN(CCO)CCCC,"2,65"
12 902,CC1CC2=CC(=CC(/C(/O)=N/CC3CCCN3CCCC)=C2O1)S(N)(=O)=O,"2,80"
12 903,CCCCNC(=N)NC(=O)C1C=CC(Cl)=CC=1,"3,08"
12 904,CN1CC(O)N(C1=O)/C(/O)=N/CCCC,"1,38"
12 905,CCCCNC(C)CO,"1,19"
12 906,CC1OC(CC(NCCCC)C1O)OC1CC(O)(CC2C(O)=C3C(=O)C4C=CC=C(OC)C=4C(=O)C3=C(O)C=21)C(=O)CO,"2,12"
12 907,CC1C(CCC2=C1C=CC=C2OC)NCCCC,"3,73"
12 908,CCCCNCC(C)O,"1,22"
12 909,CC1C=CC(CNCCCC)=CC=1,"3,49"
12 910,CCCCNCC1=CC=C(C=C1)S(=O)(=O)C1C=C(SC=1)S(N)(=O)=O,"2,27"
12 911,CCCCNC1C=CN=CC=1S(=O)(=O)N/C(/NC(C)C)=N\\C#N,"1,05"
12 912,CCCCNC1=NC=NC2N=CNC1=2,"2,00"
12 913,CCCCNC1N=CN=C2C=1N=CN2C1OC(CO)C(O)C1O,"1,10"
12 914,CCCCOC1C(O)=NC(=O)NC1=[N+]=[N-],"-0,55"
12 915,CCCCOCCCCC/N=C(\\O)/NC12CC3CC(C1)CC(C2)C3,"5,00"
12 916,CCCCOCCCNC1N=CNC2=NC=NC2=1,"2,22"
12 917,CCCCOCCCNC1N=CN=C2C=1N=CN2C1OC(CO)C(O)C1O,"1,30"
12 918,CC(=NOCCCC)C1C=CC=C(OC2N=C(C=C(N=2)OC)OC)C=1C(=O)OC,"4,11"
12 919,CC1=CC(=O)C(=O)C(CCCC)N1C,"0,90"
12 920,CCCCC1=CC(C(O)=O)=C(N=C1)C1NC(C)(C(C)C)C(=O)N=1,"1,99"
12 921,CCCN(C)CC(=O)NC1C(C)=CC=CC=1C,"2,28"
12 922,CCCN(C)CCO,"0,65"
12 923,CC1C=CC=C(C)C=1NC(=O)CN(CCC)CC,"2,74"
12 924,COC1=CC=CC2CC(CCC=21)N(CCC)CCC,"4,24"
12 925,CCCN(CCC)C1CC2C=CC=C(O)C=2CC1,"3,58"
12 926,CC1C(CCC2=C1C=CC=C2O)N(CCC)CCC,"4,06"
12 927,CC(=O)NC(CCCN(CCC)C(=O)N(CCCl)N=O)C(=O)NCC1C=CC=CC=1,"1,57"
12 928,C/C(/O)=N/C(CCCCN(CCC)C(=O)N(CC=C)N=O)/C(/O)=N/CC1C=CC=CC=1,"2,11"
12 929,CC(=O)NC(CCCCN(CCC)C(=O)N(CCCl)N=O)C(=O)NCC1C=CC=CC=1,"1,99"
12 930,C/C(/O)=N/C(CCCCN(CCC)/C(/O)=N/CCCl)/C(/O)=N/CC1C=CC=CC=1,"1,13"
12 931,COC1C=C2C(NC3C=C(CC(=O)NC4C=CC=C(F)C=4F)NN=3)=NC=NC2=CC=1OCCCN(CCO)CCC,"3,90"
12 932,CC1=CC(=O)C(=O)C(C/N=C(\\O)/CC/C(/O)=N/CCC)N1C,"-0,70"
12 933,CCC/N=C(\\O)/CNC(=O)C=[N+]=[N-],"-0,24"
12 934,CN1CC(O)N(C1=O)/C(/O)=N/CCC,"0,99"
12 935,CCC/N=C(\\O)/C1NC=C(C=1N1CCOCC1)C1C=CC(Cl)=CC=1,"4,20"
12 936,CC1C(CCC2=C1C=CC=C2O)NCCC,"2,88"
12 937,CC1C=CC(CNCCC)=CC=1,"2,96"
12 938,CCCNC1C=CN=CC=1S(=O)(=O)N/C(/NC(C)C)=N\\C#N,"0,35"
12 939,CCC/N=C1\\NC(=NC(CCC)=N\\1)N1CCOCC1,"2,70"
12 940,CCCNC1N=CNC2=NC=NC=12,"1,44"
12 941,CCCNC1N=CN=C2C=1N=CN2C1OC(CO)C(O)C1O,"0,54"
12 942,CCCOC(=O)C=COC1C=CC=CC=1,"3,72"
12 943,CCCOC(=O)C1=CN=C2CCCC(C)N2C1=O,"1,14"
12 944,CCCOCCCNC1N=CNC2=NC=NC2=1,"1,74"
12 945,CCCOCCCNC1N=CN=C2C=1N=CN2C1OC(CO)C(O)C1O,"0,81"
12 946,CC(=NOCCC)C1C=CC=C(OC2=NC(=CC(=N2)OC)OC)C=1C(=O)OC,"3,59"
12 947,CCCOC1C=C(C=CC=1)C1=CN=C(N1)SCCC1=CN=CN1,"3,70"
12 948,CCCOC1=CC=CC=C1CNC1N=CNC2=NC=NC=12,"3,27"
12 949,CCCOC1C=CC(CNC2N=CNC3=NC=NC=23)=CC=1,"3,15"
12 950,CCCOC1C=C(CNC2N=CNC3=NC=NC=23)C=CC=1,"3,12"
12 951,CCCSCC1=CC(=O)C(=O)CO1,"1,32"
12 952,CC1=CC(=O)C(=O)C(CCC)N1C,"0,40"
12 953,CCCC1=CC=CC=C1CNC1N=CNC2=NC=NC=12,"3,47"
12 954,CCCC1N=C(NC(=N)N=1)N1CCCCC1,"2,55"
12 955,CCCC1N=C(NC(=N)N=1)N1CCOCC1,"0,70"
12 956,CCCC1=N/C(/NC(=N1)N1CCOCC1)=N\\C(C)C,"2,26"
12 957,C/N=C1/NC(=NC(CCC)=N/1)N1CCOCC1,"2,15"
12 958,CCCC1N=C(N/C(/N=1)=N\\CC#C)N1CCOCC1,"2,30"
12 959,CN(C)C(=O)C/N=C1\\NC(=NC(CCC)=N\\1)N1CCOCC1,"0,67"
12 960,CC/N=C1/NC(=NC(CCC)=N/1)N1CCCCC1,"3,34"
12 961,CC/N=C1/NC(=NC(CCC)=N/1)N1CCOCC1,"2,23"
12 962,CCCC1N=C(N/C(/N=1)=N\\CC=C)N1CCOCC1,"2,37"
12 963,CN(C(=O)C1C=CC=CC=1)C1N=C(CCC)N=C(N=1)N1CCOCC1,"2,01"
12 964,CN(C)C1N=C(CCC)N=C(N=1)N1CCOCC1,"1,64"
12 965,CCCC1C(=O)N2C(C=CC=C2C)=NC=1C,"2,22"
12 966,CCCC1=NC(/N=C(\\O)/C2C=CC=CC=2)=NC(=N1)N1CCOCC1,"1,61"
12 967,CCCC1N=C(N/C(/N=1)=N\\CN1CCCC1=O)N1CCOCC1,"1,62"
12 968,COC1=CC=CC=C1/N=C1/NC(=NC(CCC)=N/1)N1CCOCC1,"3,59"
12 969,CCCC1C=CC(CNC2N=CNC3=NC=NC=23)=CC=1,"3,72"
12 970,CCCC1=CC(CNC2N=CNC3=NC=NC=23)=CC=C1,"3,53"
12 971,CCN(C)CC(=O)NC1C(C)=CC=CC=1C,"1,82"
12 972,CCN(C)CCO,"0,08"
12 973,CCN(CC)C(=O)COC(=O)C1=CC(=C(Cl)C=C1NCC1=CC=CO1)S(N)(=O)=O,"2,45"
12 974,CC1=C(C)N=C2C3OC(CCC=3C(=CN12)C(=O)N(CC)CC)C1C=CC=CC=1,"4,00"
12 975,CC1C(CCC2=C1C=CC=C2OC)N(CC)CC,"3,47"
12 976,CCN(CC(=O)NC1C=CC(N)=CC=1)CC,"1,09"
12 977,CCN(C/C(/O)=N/C1C=CC=CC=1)CC,"2,49"
12 978,CC1C=C(N)C=C(C)C=1NC(=O)CCN(CC)CC,"0,93"
12 979,CCN(CC/C(/O)=N/C1C=CC=CC=1)CC,"2,31"
12 980,CC(CCCN(CC)CC)/N=C(\\O)/C1C=CC(=CC=1[N+]([O-])=O)[N+]([O-])=O,"1,73"
12 981,CC1C=C(N)C=C(C)C=1C(=O)NCCN(CC)CC,"0,98"
12 982,CC1C=CC=C(C)C=1/C(/O)=N/CCN(CC)CC,"2,22"
12 983,CC1C=CC(=CC=1)S(=O)(=O)N/C(/O)=N/N(CC)CC,"0,47"
12 984,CN1N=C(N(C1=S)C1C=CC(=CC=1)N(CC)CC)C(F)(F)F,"3,79"
12 985,CN1N=C(N(C1=S)C1=CN=C(C=C1)N(CC)CC)C(F)(F)F,"3,14"
12 986,CCN(CC)C1N=C(N)N=C(Cl)N=1,"2,14"
12 987,COC1C=C2C(NC3C=C(CC(=O)NC4=CC(F)=CC=C4)NN=3)=NC=NC2=CC=1OCCCN(CCO)CC,"3,70"
12 988,COC1C=C2C(NC3C=C(CC(=O)NC4C=CC=C(F)C=4F)NN=3)=NC=NC2=CC=1OCCCN(CCO)CC,"3,50"
12 989,CCN1CCCC1C/N=C(\\O)/C1=C(C=CC(OC)=C1O)OC,"2,82"
12 990,CCN=C(O)NS(=O)(=O)C1C=NC=CC1=NC1CCCCCCC1,"3,57"
12 991,CC1=CC=CC=C1N=C1C=CN=CC1S(=O)(=O)NC(O)=NCC,"3,06"
12 992,CCN=C(S)N=NC(C1C=CC=CN=1)C1C=C(C=CC=1)[N+]([O-])=O,"2,53"
12 993,CCNC(=S)N=NC(C1=CC=CC=N1)C1=CC=CC=N1,"1,23"
12 994,CCN=C(S)NS(=O)(=O)C1C=NC=CC1=NC1CCCCC1,"3,10"
12 995,CC/N=C(\\S)/SC,"1,57"
12 996,CCN/C(/NS(=O)(=O)C1C=NC=CC=1NC1CCCCC1)=N/C#N,"0,94"
12 997,CCN/C(/NS(=O)(=O)C1C=NC=CC=1NC1CCCCCC1)=N/C#N,"1,53"
12 998,CCN/C(/NS(=O)(=O)C1C=NC=CC=1NC1CCCCCCC1)=N/C#N,"2,05"
12 999,CC1C(CCC2=C1C=CC=C2OC)NCC,"2,67"
13 000,CC1C=CC(CNCC)=CC=1,"2,38"
13 001,CC/N=N/NC1C=CC(=CC=1)C(N)=O,"1,19"
13 002,CCNC1C=CN=CC=1S(=O)(=O)N/C(/NC(C)C)=N\\C#N,"-0,24"
13 003,CCNC1NC(N)=NC(=O)N=1,"1,08"
13 004,CCNC1=NC(=NC(N)=N1)OC,"0,89"
13 005,CCNC1NC(NC(C)(C)C)=NC(=O)N=1,"3,53"
13 006,CCNC1N=CNC2=NC=NC=12,"0,92"
13 007,CCNC1N=CN=C2C=1N=CN2C1OC(CO)C(O)C1O,"0,01"
13 008,CCOC(=O)C(=CC1C=CC=CC=1)S(=O)(=O)C1C=CC(=CC=1)[N+]([O-])=O,"3,20"
13 009,CCOC(=O)C(C)(CC=C)S(=O)(=O)C1C=CC(=CC=1)[N+]([O-])=O,"2,30"
13 010,CCOC(=O)C(C)(CC1=CC=CC2=CC=CC=C21)S(=O)(=O)C1C=CC(=CC=1)[N+]([O-])=O,"4,40"
13 011,CCOC(=O)C(C)(CC1C=CC=CC=1)S(=O)(=O)C1C=CC(=CC=1)[N+]([O-])=O,"3,40"
13 012,COC1=CC2C=CC(=CC=2C=C1)C(C)C(=O)OCC,"3,51"
13 013,CCOC(=O)C(CC1C=CC=CC=1)(CC1C=CC=CC=1)S(=O)(=O)C1C=CC(=CC=1)[N+]([O-])=O,"3,40"
13 014,CC1C(C(=O)OC)C(C)=NC(C)=C1C(=O)OCC,"3,27"
13 015,CCOC(=O)C1C(C(C(=O)OC)=C(C)N=C1C)C1=CC(OC)=C(O)C(=C1)OC,"2,83"
13 016,CCOC(=O)C1C(C(C(=O)OC)=C(C)N=C1C)C1=CC(OC)=C(OC)C(=C1)OC,"3,39"
13 017,CCOC(=O)C1C(C(C(=O)OC)=C(C)N=C1C)C1C=C(C=C(C=1)OC)OC,"4,08"
13 018,CCOC(=O)C1C(C(C(=O)OC)=C(C)N=C1C)C1C=C(OC)C(=CC=1)OC,"3,60"
13 019,CCOC(=O)C1C(C(C(=O)OC)=C(C)N=C1C)C1=CC=CC(OC)=C1OC,"3,58"
13 020,COC(=O)C1C(C(C(=O)OCC)C(C)=NC=1C)C1=CC=CC2OCCOC=21,"3,57"
13 021,CC(C)OC(=O)C1C(C(C(=O)OCC)C(C)=NC=1C)C1=CC=CC2OCOC1=2,"4,71"
13 022,CC1=NC(C)=C(C(C1C(=O)OCC)C1=CC=CC2OCOC=21)C(=O)OCC,"4,32"
13 023,COC(=O)C1C(C(C(=O)OCC)C(C)=NC=1C)C1C=CC=CC=1,"4,14"
13 024,CCOC(=O)C1C(C(C(=O)OC)=C(C)N=C1C)C1=CC=CC=C1OCOC,"3,78"
13 025,COC(=O)C(CC(=O)OCC)S(=O)(=O)C1C=CC(=CC=1)[N+]([O-])=O,"1,40"
13 026,CC1=NC(=CN1CCCC(=O)OCC)[N+]([O-])=O,"0,58"
13 027,CCOC(=O)CCCN1C=CN=C1[N+]([O-])=O,"0,69"
13 028,CCOC(=O)CCCN1C=NC(=N1)[N+]([O-])=O,"0,42"
13 029,CCOC(=O)N1COCC2C3=NC4C(C=C3C=CC1=2)=CC=C1C=4COCN1C(=O)OCC,"2,50"
13 030,CCO/C(/O)=N/C1C=CC2=CC3C=CC4=C(COCN4C(=O)OCC)C=3N=C2C=1,"3,12"
13 031,CCO/C(/O)=N/C1C=CC2=CC3C=CC4N=C(O)OCC=4C=3N=C2C=1,"2,00"
13 032,CC(OC(=O)OCC)C1=CCSC2C(N=C(O)C(=NOC)C3CSC(=N)N=3)C(=O)N12,"0,96"
13 033,CC(O)=NC(C)C(=O)OCOC(=O)N(C)N=NC1=CC=C(C=C1)C(=O)OCC,"2,73"
13 034,CC(=O)OCOC(=O)N(C)N=NC1C=CC(=CC=1)C(=O)OCC,"3,44"
13 035,CCOC(=O)C1C=C(CN)C=CC=1,"1,44"
13 036,CCOC(=O)C1=CC(=CC=C1)N(C)C,"3,19"
13 037,CCOC(=O)C1NC=C(C2=CC=C(Cl)C=C2)C=1N1CCOCC1,"3,90"
13 038,CCOC(=O)C1C(O)=NC2C=C(Cl)C=CC=2C=1O,"2,60"
13 039,CCOC(=O)C1C(O)=NC2C=C(I)C=CC=2C=1O,"3,11"
13 040,CCOC(=O)C1C(O)=NC2C=C(C=CC=2C=1O)[N+]([O-])=O,"1,75"
13 041,CCOC(=O)C1=CN2C(=NC(C)=C2C)C2OC(CCC1=2)C1C=CC=CC=1,"5,50"
13 042,CC1C=CC2=NC=C(C(=O)OCC)C(=O)N2C=1,"0,90"
13 043,CCOCCCNC1N=CNC2=NC=NC2=1,"1,15"
13 044,CCOCCCNC1N=CN=C2C=1N=CN2C1OC(CO)C(O)C1O,"0,22"
13 045,CCOCCOCCOC1CCC(CC1)/N=C(\\O)/NC12CC3CC(C1)CC(C2)C3,"2,90"
13 046,CCOCCOCCOCCCCC/N=C(\\O)/NC12CC3CC(C1)CC(C2)C3,"3,60"
13 047,CCOCCOCCOC1=CC=C(C=C1)N/C(/O)=N/C12CC3CC(C1)CC(C2)C3,"3,90"
13 048,CC(=NOCC)C1C=CC=C(OC2=NC(=CC(=N2)OC)OC)C=1C(=O)OC,"2,96"
13 049,CCC(=NOCC)C1C(=O)CC(CC1=O)C1C=CC=C(C=1)OC1=CC(Cl)=C(Cl)C=C1,"6,32"
13 050,CCC(=NOCC)C1C(=O)CC(CC1=O)C1=CC(=CC=C1)OC1=NC=C(C=C1F)C(F)(F)F,"4,63"
13 051,CC1C=CC(=C(C=1)OP(=O)(NC(C)CC)OCC)[N+]([O-])=O,"2,73"
13 052,COC1C=C(OC)C(C=N(=O)C(C)(C)P(=O)(OCC)OCC)=C(C=1)OC,"1,03"
13 053,CC(C)(N(=O)=CC1C=CC(Cl)=CC=1)P(=O)(OCC)OCC,"2,29"
13 054,CC(C)(N(=O)=CC1C=CC(=CC=1)[N+]([O-])=O)P(=O)(OCC)OCC,"1,43"
13 055,CC(C)(N(=O)=CC1C=CC=CC=1)P(=O)(OCC)OCC,"1,01"
13 056,CC(C)(N(=O)=CC1=CC=CC=N1)P(=O)(OCC)OCC,"0,68"
13 057,CC(C)(N(=O)=CC1=CN=CC=C1)P(=O)(OCC)OCC,"0,41"
13 058,CC(C)(N(=O)=CC1C=CN(=O)=CC=1)P(=O)(OCC)OCC,"-0,74"
13 059,CC(C)(N(=O)=CC1C=CN=CC=1)P(=O)(OCC)OCC,"0,32"
13 060,CCOP(=O)(OCC)C(Cl)(Cl)P(=O)(OCC)OCC,"1,31"
13 061,CCOP(=O)(OC1C=CC(=CC=1)C#N)C1C=CC=CC=1,"2,44"
13 062,CCOP(O)=O,"-2,70"
13 063,CCOC1=CC(OCC)=C(N)C=C1,"2,19"
13 064,CCOC1C=CC(=CC=1)C(=O)OCCCN1C=CC(=O)C(=O)C1C,"1,79"
13 065,CCOC1C=CC(=CC=1)N1NN=NC1=N,"1,32"
13 066,CCOC1=CC=CC=C1CNC1N=CNC2=NC=NC=12,"2,72"
13 067,CC1(C)C2CCC1(C)C(O/C(/O)=N/C1=CC=CC=C1OCC)C2CN(CC)CC,"5,80"
13 068,COC1C=C(CC2C=NC(=N)NC2=N)C=C(OCC)C=1CC=C,"2,66"
13 069,CC(O/C(/O)=N/C1=CC(OCC)=C(C=C1)OCC)C1C=CC=CC=1,"3,56"
13 070,CC(=CC1C(C(=O)OCC2C=CC=C(C=2)OCC)C1(C)C)C(=O)OC,"4,78"
13 071,CC(C)=CC1C(C(=O)OCC2=CC(=CC=C2)OCC)C1(C)C,"5,87"
13 072,CCOC1C=C2N=CN=C(NC3C=C(F)C=C(C=3)C(F)(F)F)C2=CC=1OCC,"5,49"
13 073,CCOC1C=C2C(NC3C=CC(F)=CC=3)=NC=NC2=CC=1OCC,"3,73"
13 074,CCOC1C=C2N=CN=C(NC3=CC(Br)=CC=C3)C2=CC=1OCC,"4,40"
13 075,CCOC1C=C2N=CN=C(NC3C=C(Cl)C=CC=3)C2=CC=1OCC,"4,31"
13 076,CCOC1C=C2N=CN=C(NC3C=C(F)C=CC=3)C2=CC=1OCC,"3,71"
13 077,CCOC1C=C2N=CN=C(NC3C=C(I)C=CC=3)C2=CC=1OCC,"4,62"
13 078,CCOC1C=C2C(NC3=CC=CC=C3F)=NC=NC2=CC=1OCC,"3,02"
13 079,CCOC1C=CC(CNC2N=CNC3=NC=NC=23)=CC=1,"2,60"
13 080,CCOC1C=C(CNC2N=CNC3=NC=NC=23)C=CC=1,"2,57"
13 081,COC(=O)C1=C(C(=CN1S(=O)(=O)CC)C1C=CC(Cl)=CC=1)N1CCOCC1,"4,20"
13 082,CCSSC1NC=CN=1,"2,13"
13 083,CCC1C(=O)C(=O)C=CN1CCCCO,"-0,28"
13 084,CCC1C(=O)C(=O)C=CN1CCCO,"-0,44"
13 085,CC1C=CC=C(CC)C=1/N=C(\\O)/OC,"1,99"
13 086,CCC1=CC=CC=C1CNC1N=CNC2=NC=NC=12,"2,92"
13 087,CN(C)C(=O)C1=CN2C(=NC(C)=C2CC)C2OC(CCC=21)C1=CC=CC=C1,"3,20"
13 088,CCC1=CC=C(C=C1)OCC1CNC(=N)O1,"2,27"
13 089,CC(=CC1C(C(=O)OCC2=CC=CC(CC)=C2)C1(C)C)C(=O)OC,"5,42"
13 090,CC(C)=CC1C(C(=O)OCC2C=C(CC)C=CC=2)C1(C)C,"6,51"
13 091,CCC1=CC(=CC=C1)NC1C=CN=CC=1S(=O)(=O)N/C(/NC(C)C)=N\\C#N,"2,40"
13 092,CCC1C=CC(CNC2N=CNC3=NC=NC=23)=CC=1,"3,17"
13 093,CCC1=CC(CNC2N=CNC3=NC=NC=23)=CC=C1,"2,98"
13 094,CN(C)(=O)C(C1C=CC=CC=1)C1C=CC=CC=1,"0,82"
13 095,CN(C)(=O)CC(C1C=CC=CC=1)C1C=CC=CC=1,"1,01"
13 096,CN(C)(=O)CCC(C1C=CC=CC=1)C1C=CC=CC=1,"1,10"
13 097,CN(C)(=O)CCCC(C1C=CC=CC=1)C1C=CC=CC=1,"1,45"
13 098,CN(C)(=O)CCCCC1C=CC=CC=1,"0,46"
13 099,CN(C)(=O)CCCN1C2=CC=CC=C2SC2=CC=CC=C12,"1,90"
13 100,CN(C)(=O)CCCC1C=CC=CC=1,"-0,04"
13 101,C[N+](C)([O-])CCC1C=CC=CC=1,"-0,28"
13 102,C[N+](C)([O-])CC1C=CC=CC=1,"-0,57"
13 103,CN(C)C(=O)C1=CN2C(Br)=C(C)N=C2C2OC(CCC=21)C1C=CC=CC=1,"3,40"
13 104,CC1N=C2C3OC(CCC=3C(=CN2C=1C(=O)N(C)C)C(=O)N(C)C)C1C=CC=CC=1,"1,89"
13 105,CN(C)C(=O)C1=CN2C(=C(C)N=C2C2OC(CCC=21)C1C=CC=CC=1)C(C)=O,"2,75"
13 106,CN(C)C(=O)C1=CN2C(=NC(C)=C2C)C2OC(CCC=21)C1C=CC(F)=CC=1,"3,50"
13 107,CN(C)C(=O)C1=CN2C(=NC(C)=C2C)C2OC(CCC=21)C1C=CC=CC=1,"3,30"
13 108,CN(C)C(=O)C1=CN2C(=NC(C)=C2C)C2OC(CCC=21)C1=CC=CC=C1C,"3,50"
13 109,CN(C)C(=O)C1=CN2C(=NC(C)=C2C)C2OC(CCC=21)C1=CC=CC=C1F,"3,60"
13 110,CN(C)C(=O)C1=CN2C(=NC(C)=C2C)C2OC(CCC=21)C1=CC=CS1,"2,80"
13 111,CN(C)C(=O)C1=CN2C(CO)=C(C)N=C2C2OC(CCC=21)C1C=CC=CC=1,"1,72"
13 112,CC1=CC(=C(O)C=C1)C(C)=NN=C(S)N(C)C,"2,26"
13 113,CN(C)C(C)(C)CO,"0,29"
13 114,CN(C)C(C)(C)O,"0,20"
13 115,CN(C)C(C1C=CC=CC=1)C1C=CC=CC=1,"3,37"
13 116,CN(C)C1CN(C(=O)N=1)C1C=CC(Cl)=CC=1,"1,60"
13 117,CN(C)CCCC(C1C=CC=CC=1)C1C=CC=CC=1,"4,91"
13 118,CN(C)CCOC(=O)C1C=CC(=CC=1)C(C)(C)C,"3,94"
13 119,CN(C)CCOC(=O)C1C=CC(=CC=1)C(F)(F)F,"2,88"
13 120,CN(C)CCOC(=O)C1=CC=C(C=C1)S(C)(=O)=O,"0,45"
13 121,CC1C=CC=C(C)C=1OCCN(C)C,"2,74"
13 122,CN(C)CCOC1C(Cl)=CC=CC=1Cl,"2,57"
13 123,CN(C)CCOC1C=CC(Cl)=CC=1,"3,05"
13 124,CN(C)CCOC1C=C(Cl)C=CC=1,"2,82"
13 125,CN(C)CCOC1=CC=CC=C1Cl,"2,87"
13 126,CN(C)C1C=CC(=CC=1)C(=O)OCCCN1C=CC(=O)C(=O)C1C,"1,66"
13 127,CN(C1CCCCC1)C1CN(C(=O)N=1)C1C=CC(Cl)=CC=1,"2,70"
13 128,CC(=O)OCOC(=O)N(C)N=NC1=CC=C(Br)C=C1,"3,64"
13 129,CC(=O)OCOC(=O)N(C)N=NC1=CC=C(C=C1)C#N,"2,08"
13 130,CC(=O)OCOC(=O)N(C)N=NC1C=CC(C)=CC=1,"3,28"
13 131,CN(N=O)C(=O)N(CCCC(/N=C(/C)\\O)/C(/O)=N/CC1C=CC=CC=1)CC1C=CC=CC=1,"2,00"
13 132,CN(C1C=CC2=CC3C=CC4NCOCC=4C=3N=C2C=1)S(C)(=O)=O,"1,54"
13 133,CN1CC(O)N(C1=O)/C(/O)=N/C(C)(C)C,"1,38"
13 134,CN1CC(O)N(C1=O)/C(/O)=N/CCCl,"0,71"
13 135,CN1CCN(CC1)C1CN(C(=O)N=1)C1C=CC(Cl)=CC=1,"2,20"
13 136,CN1CCN(CCN2N=NC3=CC=CC=C23)CC1,"0,36"
13 137,CN1CCN(CCN2N=C3C=CC=CC3=N2)CC1,"0,74"
13 138,CN1CCN(CC1)C1C=C2C(=CC=1F)C(=O)C(=CN2C1CC1)C(O)=O,"0,15"
13 139,CN1COCC2C3N=C4C(CO)=C(N)C=CC4=CC=3C=CC1=2,"1,64"
13 140,CN1COCC2C3N=C4C(C=CC5N=C(O)OCC4=5)=CC=3C=CC1=2,"1,70"
13 141,CN1CC(O)N(/C(/O)=N/C2CCCC2)C1=O,"1,47"
13 142,CN1CC(O)N(/C(/O)=N/C2CCCCC2)C1=O,"1,87"
13 143,CN1CC(O)N(/C(/O)=N/C2CCCCCC2)C1=O,"2,29"
13 144,CN1CC(O)N(/C(/O)=N/C2C=CC=CC=2)C1=O,"1,44"
13 145,CN1CCN(CC2C=NC=CC=2Cl)C1=N[N+]([O-])=O,"0,26"
13 146,CN1CC2=CC=CC=C2CC1,"2,14"
13 147,CN1CCN(CCCON2N=NC3=CC=CC=C23)CC1,"1,30"
13 148,CNC(=O)NC1=CC=C(C=C1)C(O)=O,"1,10"
13 149,C/N=C(\\O)/C1=CN2C(=NC(C)=C2C)C2OC(CCC=21)C1C=CC=CC=1,"3,60"
13 150,CC(CSCC(C)N=NC(S)=NC)N=NC(S)=NC,"1,38"
13 151,CN=C(S)N=NC(C1C=CC=CN=1)C1C=C(C=CC=1)[N+]([O-])=O,"2,14"
13 152,CC1=NC=C(N1CCOC(=S)NC)[N+]([O-])=O,"1,12"
13 153,CNC(C)CC1C=CC(F)=CC=1,"2,15"
13 154,CNC(C)CC1C=CC(N)=CC=1,"0,81"
13 155,CNC(C)CC1=CC=C(C=C1)OC,"1,91"
13 156,CNC(CC1C=CC=CC=1)C(=O)N1CCCC1C(=O)NCC1CCC(N)CC1,"1,12"
13 157,CC1C(CCC2=C1C=CC=C2OC)NC,"2,42"
13 158,CN=CC1C2=CC=CC(O)=C2C(=O)C2=C1C=CC=C2O,"3,55"
13 159,CC1C=CC(CNC)=CC=1,"1,96"
13 160,CNC1C=CC(=CC=1)C1=CN2C=C(C=CC2=N1)SC,"3,90"
13 161,CNC1C=CN=CC=1S(=O)(=O)N/C(/NC(C)C)=N\\C#N,"-0,65"
13 162,CC(C)N=C1N/C(/N/C(/N1)=N\\C)=N/C,"1,87"
13 163,CNC1=NC=NC2NC=NC1=2,"0,43"
13 164,CNC1=NC=CN2C(CC3=CC=CC=C3F)=NN=C21,"1,56"
13 165,CNC1C=CC2=CC3=CC=CC=C3N=C2C=1CO,"2,10"
13 166,CS(=O)(=O)N1COCC2C3N=C4C(CO)=C(C=CC4=CC=3C=CC1=2)NC,"1,20"
13 167,CNC1C=CC2=CC3C=CC4NCOCC=4C=3N=C2C=1CO,"1,65"
13 168,COC(=O)C(=CC1C=CC=CC=1)S(=O)(=O)C1C=CC(=CC=1)[N+]([O-])=O,"2,90"
13 169,CC(=O)SC1=NC=C(C=C(C(=O)OC)C(=O)OC)N1C,"-0,43"
13 170,COC(=O)C(C)(C)S(=O)(=O)C1C=CC(=CC=1)[N+]([O-])=O,"1,38"
13 171,CC(=CC1C(C(=O)OCC2=CC=CC(=C2)C#N)C1(C)C)C(=O)OC,"3,83"
13 172,CC(=CC1C(C(=O)OCC2C=CC=CC=2)C1(C)C)C(=O)OC,"4,40"
13 173,CC(=CC1C(C(=O)OCC2=CC(=CC=C2)C(=O)C2C=CC=CC=2)C1(C)C)C(=O)OC,"5,45"
13 174,CC(=CC1C(C(=O)OCC2=CC=CC(COC3=CC=CC=C3)=C2)C1(C)C)C(=O)OC,"6,06"
13 175,CC(=CC1C(C(=O)OCC2=CC=CC(CC3=CC=CC=C3)=C2)C1(C)C)C(=O)OC,"6,41"
13 176,CC(=CC1C(C(=O)OCC2C=CC=C(C=2)OCC2=CC=CC=C2)C1(C)C)C(=O)OC,"6,06"
13 177,CC(=CC1C(C(=O)OCC2C=CC=C(C=2)OC2=CC=CC=C2)C1(C)C)C(=O)OC,"6,48"
13 178,CC1=CN(C2C=CC(COP(=O)(NC(C)C(=O)OC)OC3C=CC(Br)=CC=3)O2)C(=O)N=C1O,"1,60"
13 179,CC1=CN(C2C=CC(COP(=O)(NC(C)C(=O)OC)OC3=CC=C(C=C3)C#N)O2)C(=O)NC1=O,"0,91"
13 180,CC(NP(=O)(OCC1C=CC(O1)N1C=C(C)C(O)=NC1=O)OC1C=CC(C)=CC=1)C(=O)OC,"1,19"
13 181,CC1=CN(C2C=CC(COP(=O)(NC(C)C(=O)OC)OC3=CC(Cl)=C(Cl)C=C3)O2)C(=O)N=C1O,"2,15"
13 182,CC1=CN(C2C=CC(COP(=O)(NC(C)C(=O)OC)OC3C=CC(Cl)=CC=3)O2)C(=O)N=C1O,"1,43"
13 183,CC1=CN(C2C=CC(COP(=O)(NC(C)C(=O)OC)OC3C=CC(F)=CC=3)O2)C(=O)N=C1O,"1,10"
13 184,CC1=CN(C2C=CC(COP(=O)(NC(C)C(=O)OC)OC3C=CC(I)=CC=3)O2)C(=O)N=C1O,"1,93"
13 185,CC1=CN(C2C=CC(COP(=O)(NC(C)C(=O)OC)OC3C=CC(=CC=3)OC(F)(F)F)O2)C(=O)NC1=O,"1,86"
13 186,CC1=CN(C2C=CC(COP(=O)(NC(C)C(=O)OC)OC3=CC=C(C=C3)OC)O2)C(=O)N=C1O,"1,09"
13 187,CC1=CN(C2C=CC(COP(=O)(NC(C)C(=O)OC)OC3=CC=C(C=C3)C(=O)OC)O2)C(=O)NC1=O,"1,01"
13 188,CC(NP(=O)(OC1C=CC(=CC=1)C(C)=O)OCC1C=CC(O1)N1C=C(C)C(=O)NC1=O)C(=O)OC,"0,90"
13 189,CC1=CN(C2C=CC(COP(=O)(NC(C)C(=O)OC)OC3=CC=C(C=C3)C(F)(F)F)O2)C(=O)NC1=O,"1,57"
13 190,CC1=CN(C2C=CC(COP(=O)(NC(C)C(=O)OC)OC3=CC=C(C=C3)[N+]([O-])=O)O2)C(=O)NC1=O,"0,90"
13 191,CC1=CN(C2C=CC(COP(=O)(NC(C)C(=O)OC)OC3C=C(Br)C=CC=3)O2)C(=O)N=C1O,"1,64"
13 192,CC1=CN(C2C=CC(COP(=O)(NC(C)C(=O)OC)OC3C=C(Cl)C=CC=3)O2)C(=O)N=C1O,"1,42"
13 193,CC1=CN(C2C=CC(COP(=O)(NC(C)C(=O)OC)OC3C=C(F)C=CC=3)O2)C(=O)N=C1O,"1,08"
13 194,CC1=CN(C2C=CC(COP(=O)(NC(C)C(=O)OC)OC3C=C(I)C=CC=3)O2)C(=O)N=C1O,"1,78"
13 195,CC(NP(=O)(OC1C=CC=C(C=1)C(C)=O)OCC1C=CC(O1)N1C=C(C)C(=O)NC1=O)C(=O)OC,"0,92"
13 196,CC1=CN(C2C=CC(COP(=O)(NC(C)C(=O)OC)OC3=CC(=CC=C3)C(F)(F)F)O2)C(=O)NC1=O,"1,57"
13 197,CC1=CN(C2C=CC(COP(=O)(NC(C)C(=O)OC)OC3C=CC=CC=3)O2)C(=O)N=C1O,"1,04"
13 198,CC1=CN(C2C=CC(COP(=O)(NC(C)C(=O)OC)OC3=CC=CC=C3Cl)O2)C(=O)N=C1O,"1,37"
13 199,COC(=O)C(C)S(=O)(=O)C1C=CC(=CC=1)[N+]([O-])=O,"1,06"
13 200,COC(=O)C(CC1C=CC=CC=1)(CC1C=CC=CC=1)S(=O)(=O)C1C=CC(=CC=1)[N+]([O-])=O,"4,46"
13 201,CC(C)OC(=O)C1C(C(C(=O)OC)=C(C)N=C1C)C1=CC=CC2OCOC1=2,"4,15"
13 202,CC1=NC(C)=C(C(C1C(=O)OC)C1=CC=CC2OCOC=21)C(=O)OC,"3,46"
13 203,COC(=O)C1C(C(C(=O)OCC2C=NC=CC=2)=C(C)N=C1C)C1=CC=CC2OCOC=21,"3,61"
13 204,CC1=NC(=CN1CC=CC(=O)OC)[N+]([O-])=O,"0,16"
13 205,COC(=O)C=CCN1C=CN=C1[N+]([O-])=O,"0,32"
13 206,COC(=O)C=CCN1C=NC(=N1)[N+]([O-])=O,"0,09"
13 207,CN(C)C1C=CC(=CC=1)C1=CN2C=C(C=CC2=N1)SCCC(=O)OC,"3,90"
13 208,CC1=NC2=CC=CC=C2C(=O)N1C/C(/O)=N/CC(=O)OC,"0,40"
13 209,COC(=O)CC1C=CC(O)=CC=1,"1,63"
13 210,CC1=NC2=CC=CC=C2C(=O)N1CC(=O)OC,"1,46"
13 211,CC1=NC2=CC=CC=C2C(=O)N1C/C(/O)=N/C(=O)OC,"0,40"
13 212,CC(C)C1=CC=CC(C(C)C)=C1/N=C(\\O)/OC,"2,20"
13 213,CN1C(=NC=C1C=C(C(=O)OC)C(=O)OC)SC(=O)OC,"0,49"
13 214,COC(=O)C1=CC2C=CC3C=CC=C4C=CC(=C1)C=2C=34,"4,85"
13 215,COC(=O)C1=CC2=CC=CC3C=CC4C=CC=C1C=4C=32,"4,73"
13 216,COC(=O)C1C=C(N)C(=CC=1)C(=O)OC,"2,28"
13 217,COC(=O)C1=CC=C(Cl)C=C1[N+]([O-])=O,"2,35"
13 218,COC(=O)C1C=CC2C=CC3C=CC=C4C=CC=1C=2C=34,"4,73"
13 219,CC1=CC=CC=C1C1=CNC(C(=O)OC)=C1N1CCOCC1,"2,80"
13 220,COC(=O)C1=C(C(=CN1C(=O)N1CCOCC1)C1C=CC(Cl)=CC=1)N1CCOCC1,"3,10"
13 221,COC(=O)C1=C(C(=CN1C(=O)C1=CC=CC=C1)C1=CC=C(Cl)C=C1)N1CCOCC1,"5,50"
13 222,CC(=O)N1C=C(C(=C1C(=O)OC)N1CCOCC1)C1C=CC(Cl)=CC=1,"3,50"
13 223,COC(=O)C1C(O)=NC2C=C(Cl)C=CC=2C=1O,"2,24"
13 224,CC(=NOCC(=C)Br)C1C=CC=C(OC2=NC(=CC(=N2)OC)OC)C=1C(=O)OC,"3,73"
13 225,CC(=NOCC(=C)Cl)C1C=CC=C(OC2=NC(=CC(=N2)OC)OC)C=1C(=O)OC,"3,63"
13 226,CC(=NOCC(F)(F)F)C1C=CC=C(OC2=NC(=CC(=N2)OC)OC)C=1C(=O)OC,"3,39"
13 227,CC(=NOCC=C)C1C=CC=C(OC2=NC(=CC(=N2)OC)OC)C=1C(=O)OC,"3,13"
13 228,CC(=NOCC=C(Cl)Cl)C1C=CC=C(OC2=NC(=CC(=N2)OC)OC)C=1C(=O)OC,"4,23"
13 229,CC(=NOCCCl)C1C=CC=C(OC2=NC(=CC(=N2)OC)OC)C=1C(=O)OC,"3,23"
13 230,CC(=NOCC1C=CC=CC=1)C1C=CC=C(OC2N=C(C=C(N=2)OC)OC)C=1C(=O)OC,"4,01"
13 231,CC1=NC2=CC=CC=C2C(=O)N1C/C(/O)=N/C1C=C(C=C(C=1)C(=O)OC)C(=O)OC,"2,98"
13 232,COC1(OC)C(=NC(=O)N1C1C=CC(Cl)=CC=1)N1CCOCC1,"1,70"
13 233,CC(=O)OC1CC(=O)OC(C)CC=CC=CC(=O)C(C)CC(CC=O)C(OC2OC(C)C(OC3CC(CO)C(OC(=O)CC(C)C)C(C)O3)C(C2O)N(C)C)C1OC,"3,52"
13 234,CC(C)CC(=O)OC1C(C)OC(CC1(C)O)OC1C(C(O)C(OC2C(OC)C(O)CC(=O)OC(C)CC=CC=CC(=O)C(C)CC2CC=O)OC1C)N(C)C,"1,86"
13 235,COC1CC(OC2C(O)CC(OC3CCC4(C)C5CC(O)C6(C)C(CCC6(O)C5CCC4C3)C3COC(=O)C=3)OC2C)OC(C)C1OC1CC(O)C(O)C(C)O1,"1,80"
13 236,COC1CC(OC2C(O)CC(OC3CCC4(C)C5CCC6(C)C(CCC6(O)C5CCC4C3)C3COC(=O)C=3)OC2C)OC(C)C1OC1CC(O)C(O)C(C)O1,"3,11"
13 237,COC1=C(Cl)C(=O)C2=CC=CC=C2C1=O,"2,15"
13 238,COC1C=C(C=C2OC(C(CC=12)OC)C1C=CC(OC)=C(C=1)OC)OC,"3,68"
13 239,CC12CCC(CC1CCC1C2CC(O)C2(C)C(CCC21O)C1COC(=O)C=1)OC1CC(OC)C(OC2CC(OC)C(OC3CC(O)C(O)C(C)O3)C(C)O2)C(C)O1,"2,14"
13 240,COCC(O)CN1C(=NC(Br)=C1Br)[N+]([O-])=O,"1,02"
13 241,COCC(O)CN1C(Br)=CN=C1[N+]([O-])=O,"0,16"
13 242,COCC1(CCN(CCC2C=CC=CC=2)CC1)N(C(=O)C(C)F)C1C=CC=CC=1,"3,72"
13 243,COCCCNC1N=CNC2=NC=NC2=1,"0,75"
13 244,COCCCNC1N=CN=C2C=1N=CN2C1OC(CO)C(O)C1O,"-0,17"
13 245,CN(C)C(=O)C1=CN2C(=NC(C)=C2/C(/O)=N/CCOC)C2OC(CCC=21)C1=CC=CC=C1,"2,15"
13 246,COCCNC1N=CNC2=NC=NC2=1,"0,42"
13 247,COCCNC1N=CN=C2C=1N=CN2C1OC(CO)C(O)C1O,"-0,49"
13 248,CC(C)OC(=O)C1C(C(C(=O)OCCOC)=C(C)N=C1C)C1=CC=CC2OCOC1=2,"3,94"
13 249,CC1=NC(C)=C(C(C1C(=O)OCCOC)C1=CC=CC2OCOC=21)C(=O)OCCOC,"2,93"
13 250,COCCOCCOCCOC1=CC(O)=C(C=C1)C1=NC(C)(CS1)C(O)=O,"1,30"
13 251,COCOC1C=CC(CC2=CC(=CC=C2)C2C(O)=NC3C=C(Cl)C=CC=3C=2O)=CC=1,"5,24"
13 252,CC1=CC(=O)C(=O)C(COC)N1C,"-0,42"
13 253,COCC1C=CC(CC#N)=CC=1,"1,23"
13 254,CC1N=C(NC=1COC)C1C=CC(=CC=1)OCC(O)CNCCC1C=CC(OC)=C(C=1)OC,"2,80"
13 255,CN(OC)C(=O)C1=CN2C(=NC(C)=C2C)C2OC(CCC=21)C1C=CC=CC=1,"3,60"
13 256,CC(C)OC(=O)OC(C)C1=CCSC2C(N=C(O)C(=NOC)C3CSC(=N)N=3)C(=O)N12,"1,37"
13 257,CC(=O)OC(C)C1=CCSC2C(N=C(O)C(=NOC)C3CSC(=N)N=3)C(=O)N12,"0,46"
13 258,CC1OC(=O)OC=1COC(=O)C1=CCSC2C(N=C(O)C(=NOC)C3CSC(=N)N=3)C(=O)N12,"0,17"
13 259,CC(OC(=O)OC1CCCCC1)C1=CCSC2C(NC(=O)C(=NOC)C3=CSC(N)=N3)C(=O)N12,"2,52"
13 260,CC1C=C(Cl)C(OP(=O)(OC)OC)=C(Cl)C=1,"2,66"
13 261,COP(=O)(OC1C=CC(=CC=1)C#N)OC,"0,84"
13 262,COC1C(=CC(=CC=1[N+]([O-])=O)C(O)=O)[N+]([O-])=O,"1,73"
13 263,COC1C=C(Cl)C=C(Cl)C=1O,"2,86"
13 264,COC1C=C(Cl)C=CC=1O,"2,15"
13 265,COC1C=C(C=CC=1C1=CN2C=CC=NC2=N1)NS(C)(=O)=O,"0,72"
13 266,CC(C)(C)N(=O)=CC1C(=CC(=CC=1OC)OC)OC,"1,20"
13 267,COC1=CC(OC)=C(Cl)C=C1N,"1,45"
13 268,COC1C=C(C=CC=1C1=CN2C=CC=NC2=N1)OS(C)(=O)=O,"1,05"
13 269,COC1C=C(C=CC=1C1=CN2C=CC=NC2=N1)SC,"2,44"
13 270,CN1N=C(N(C1=S)C1=CC(OC)=C(OC)C(=C1)OC)C(F)(F)F,"2,04"
13 271,COC1C=C(C=CC=1C1=CN2C=C(N)C=NC2=N1)S(C)=O,"0,37"
13 272,COC1=CC=C(Br)C=C1CNC1CCCNC1C1C=CC=CC=1,"4,20"
13 273,COC1=CC=C(F)C=C1CNC1CCCNC1C1C=CC=CC=1,"3,50"
13 274,CC1C=C(C=CC=1[N+]([O-])=O)OC,"2,32"
13 275,CC1(CSC(=N1)C1C=C(C=CC=1O)OC)C(O)=O,"1,80"
13 276,COC1C=CC(O)=C(C=1)C1=NC(CS1)C(O)=O,"1,60"
13 277,COC1=CC=C(C=C1CNC1CCCNC1C1C=CC=CC=1)SC,"3,70"
13 278,COC1C=C(C=CC=1C1=CN2C=C(N)C=NC2=N1)OC,"1,68"
13 279,COC1=CC(OC)=C(C=C1)C1=CN2C=CC=NC2=N1,"1,94"
13 280,CC1C=CC(CO)=C(CN=NC(=O)C2C=CC(=CC=2)OC)C=1O,"3,34"
13 281,CN(C)CCN1C(=O)CC(CC2C(=CC=CC1=2)C(F)(F)F)C1=CC=C(C=C1)OC,"5,10"
13 282,CN(C)CCN1C2C=CC=C(Cl)C=2CC(C(OC(C)=O)C1=O)C1C=CC(=CC=1)OC,"4,40"
13 283,CN(C)CCN1C2C=CC(Br)=C(OC)C=2CC(C(OC(C)=O)C1=O)C1C=CC(=CC=1)OC,"4,40"
13 284,COC1C=CC(=CC=1)N1CC(=NC1=O)N1CCCCC1,"1,50"
13 285,COC1C=CC(=CC=1)C1=CC(=O)SS1,"3,19"
13 286,COC1C=CC(=CC=1)C1C(=O)NC2=CC(Cl)=CC=C2C1=O,"3,58"
13 287,COC1C=CC(=CC=1)N1C=C(C(O)=O)C(=O)C2=CC(F)=C(C=C12)N1CCNCC1,"0,03"
13 288,COC1C=CC(=CC=1)N1NN=NC1=N,"0,85"
13 289,CS(=O)(=O)C1C=C(CNC2CCCNC2C2C=CC=CC=2)C(=CC=1)OC,"1,90"
13 290,COC1C=CC(=CC=1CNC1CCCNC1C1C=CC=CC=1)C1=COC=C1,"4,20"
13 291,COC1C=CC(=CC=1CNC1CCCNC1C1C=CC=CC=1)C1=CSC=C1,"4,80"
13 292,COC1C=C(C=N(=O)C(C)(C)C)C=CC=1,"1,40"
13 293,COC1C=C(C=CC=1)N1C=C(C(O)=O)C(=O)C2=CC(F)=C(C=C12)N1CCNCC1,"-0,05"
13 294,COC1C=C(C=CC=1)N1NN=NC1=N,"0,96"
13 295,CC1C(N)CCC2=C1C=CC=C2OC,"2,26"
13 296,COC1C=CC=CC=1CNC1CCCNC1C1C=CC=CC=1,"3,10"
13 297,COC1=CC=CC=C1CNC1=NC=NC2N=CNC=21,"2,31"
13 298,COC1=CC=CC=C1N1CCN(CCNCC(O)CON=C(C2CC2)C2CC2)CC1,"3,21"
13 299,COC1=CC=CC=C1OCCN(C)C,"1,42"
13 300,COC1=CC=CC=C1N1C=C(C(O)=O)C(=O)C2=CC(F)=C(C=C12)N1CCNCC1,"0,04"
13 301,COC1=CC=CC=C1N1NN=NC1=N,"0,56"
13 302,COC1=COC(CCl)=CC1=O,"0,16"
13 303,COC1=COC(CSC(=S)N(C)C)=CC1=O,"1,14"
13 304,COC1N=C(N)N=C(NC(C)(C)C)N=1,"1,93"
13 305,COC1=C2OC(=O)C(C)=CC2=CC2=C1OC(C)=C2C,"3,28"
13 306,COC1=C2OC(=O)C=CC2=CC2C=CSC1=2,"2,66"
13 307,COC1C=C2OC(C(O)CC2=C(C=1)OC)C1C=CC(OC)=C(C=1)OC,"3,10"
13 308,COC1=CC(=NC(=N1)OC1C=CC=C(Cl)C=1C(O)=O)OC,"2,79"
13 309,COC1C=C2C=NC=CC2=CC=1OC,"1,68"
13 310,CC1(CSC(=N1)C1C=CC(=CC=1O)OC)C(O)=O,"1,70"
13 311,COC1=C(C=CC(C2=NC(C)(CS2)C(O)=O)=C1O)OC,"1,40"
13 312,COC1=CC(O)=C(C=C1)C1=NC(CS1)C(O)=O,"1,50"
13 313,COC1=C(C=CC(C2=NC(CS2)C(O)=O)=C1O)OC,"1,10"
13 314,COC1C=CC(C=C2C(=O)NC(=S)NC2=O)=CC=1,"0,76"
13 315,COC1C=C(C=CC=1OC)/N=C1/NC(=N)N=C(O)N/1,"1,76"
13 316,COC1C=CC(=CC=1OC)/N=C1\\NC(O)=N/C(/N\\1)=N/C(C)C,"3,49"
13 317,COC1=CC2OCN(CCO[N+]([O-])=O)C(=O)C=2C=C1,"2,09"
13 318,COC1=CC2CCN(C)CC=2C=C1,"2,32"
13 319,COC1=CC2=C(C=C1)OCN(CCO[N+]([O-])=O)C2=O,"2,07"
13 320,CC1=CC(=O)OC2C=C(C=CC1=2)OC,"1,89"
13 321,CC(=O)OCCCCOC(=O)C(C)C1=CC2=CC=C(C=C2C=C1)OC,"3,30"
13 322,CC(=O)OCCCOC(=O)C(C)C1=CC2=CC=C(C=C2C=C1)OC,"3,30"
13 323,CC(=O)OCCOC(=O)C(C)C1=CC2=CC=C(C=C2C=C1)OC,"3,50"
13 324,CC(=O)OCOC(=O)C(C)C1=CC2=CC=C(C=C2C=C1)OC,"3,40"
13 325,COC1C=CC=C(C=1)OCC1CNC(=N)O1,"1,34"
13 326,CC1(NC(=NC1=O)C1N=CC(=CC=1C(O)=O)OC)C(C)C,"0,61"
13 327,COC1=CC(=NC(=N1)SC1=CC=CC=C1C(O)=O)OC,"4,15"
13 328,COC1C=C2CCC(N)C3=CC(=O)C(=O)CC=C3C2=C(OC)C=1OC,"0,74"
13 329,C/C(/O)=N/C1CCC2=CC(OC)=C(OC)C(OC)=C2C2=CC=C(SC)C(=S)C=C21,"1,75"
13 330,COC1C=C2CCN=C(C=CC3C=CC=CC=3)C2=CC=1OC,"3,39"
13 331,COC1C=C2C(NC3C=C(F)C=C(C=3)C(F)(F)F)=NC=NC2=CC=1OC,"4,66"
13 332,COC1C=C2N=CN=C(NC3C=CC(F)=CC=3)C2=CC=1OC,"2,87"
13 333,COC1C=C2C(NC3=CC(F)=CC=C3)=NC=NC2=CC=1OC,"2,96"
13 334,COC1C=C2N=CN=C(NC3=CC=CC=C3F)C2=CC=1OC,"2,20"
13 335,COC1C=CC(CCNCC(O)CON=C(C2CC2)C2CC2)=CC=1OC,"2,42"
13 336,CC1NC(=NC=1Br)C1C=CC(=CC=1)OCC(O)CNCCC1=CC(OC)=C(C=C1)OC,"3,90"
13 337,COC1C=C(CCNCC(O)COC2C=CC(=CC=2)C2NC(C)=C(C)N=2)C=CC=1OC,"3,22"
13 338,CC1NC(=NC=1Cl)C1C=CC(=CC=1)OCC(O)CNCCC1=CC(OC)=C(C=C1)OC,"3,90"
13 339,COC1C=C(CCNCC(O)COC2C=CC(=CC=2)C2NC=C(Br)N=2)C=CC=1OC,"3,20"
13 340,COC1C=C(CCNCC(O)COC2C=CC(=CC=2)C2NC=C(N=2)C(C)(C)C)C=CC=1OC,"4,09"
13 341,CC(=O)C1=CNC(=N1)C1C=CC(=CC=1)OCC(O)CNCCC1C=CC(OC)=C(C=1)OC,"2,70"
13 342,CC(C)C1=CNC(=N1)C1=CC=C(C=C1)OCC(O)CNCCC1C=CC(OC)=C(C=1)OC,"3,90"
13 343,COC1C=C(CCNCC(O)COC2C=CC(=CC=2)C2NC=C(N=2)C(=N)O)C=CC=1OC,"2,30"
13 344,COC1C=C(CCNCC(O)COC2C=CC(=CC=2)C2=NC=CO2)C=CC=1OC,"2,60"
13 345,COC1C=C(CCNCC(O)COC2C=CC(=CC=2)C2=NC=CS2)C=CC=1OC,"2,50"
13 346,CC1=CN=C(N1)C1=CC(Br)=C(C=C1)OCC(O)CNCCC1=CC(OC)=C(C=C1)OC,"3,80"
13 347,COC1C=C(CCNCC(O)COC2C=CC(=CC=2Cl)C2NC(Br)=CN=2)C=CC=1OC,"4,30"
13 348,COC1C=C(CCNCC(O)COC2C=CC(CCC3NC(Br)=CN=3)=CC=2)C=CC=1OC,"3,00"
13 349,CC1=CN=C(CC2C=CC(=CC=2)OCC(O)CNCCC2C=CC(OC)=C(C=2)OC)N1,"2,50"
13 350,CC(=O)C1=CNC(CC2C=CC(=CC=2)OCC(O)CNCCC2=CC(OC)=C(C=C2)OC)=N1,"2,30"
13 351,COC1C=C(CCNCC(O)COC2=CC=C(C=C2)OCC2NC=CN=2)C=CC=1OC,"2,60"
13 352,COC1C=CC(CNCC(O)CON=C(C2CC2)C2CC2)=C(C=1)OC,"2,22"
13 353,COC1C=CC(CNC2N=CNC3=NC=NC=23)=CC=1,"2,17"
13 354,COC1C=C(CNC2=NC=NC3N=CNC=32)C=CC=1,"2,10"
13 355,CC1=CN(C2C=CC(COP3(=O)OC4C(=CC=CC=4CO3)OC)O2)C(=O)N=C1O,"0,15"
13 356,COC1C=C2C(NC3C=C(CC(=O)NC4C=CC=C(F)C=4F)NN=3)=NC=NC2=CC=1OCCCN(CCO)CC(C)C,"5,20"
13 357,COC1C=C2C(NC3C=C(CC(=O)NC4C=CC=C(F)C=4F)NN=3)=NC=NC2=CC=1OCCCN1CCCC1CO,"3,60"
13 358,COC1C=C(CCNCC(O)COC2C=CC(=CC=2)C2NC=C(CN3CCOCC3)N=2)C=CC=1OC,"2,40"
13 359,CC1=CC(=CC=C1OCC(O)CNCCC1C=CC(OC)=C(C=1)OC)C1NC=C(N=1)C1=CC=CS1,"4,80"
13 360,CC1=CN(C2C=CC(COP3(=O)OC4=CC=C(C=C4CO3)OC)O2)C(=O)N=C1O,"0,36"
13 361,CC1OC(CC(C1O)N(C)C)OC1CC(O)(CC2C1=C(O)C1C(=O)C3=C(C=CC=C3C(=O)C=1C=2O)OC)C(=O)CO,"1,28"
13 362,CS(=O)(=O)NC1C=C(CN2C=NC3=CC=CC=C23)C=CC=1,"2,08"
13 363,CSC(=S)N1CCCCC1,"1,70"
13 364,C/C(/O)=N/C(CSC)C(=N)O,"-0,60"
13 365,CC(C)C(NC(=O)C(N)CCSC)C(O)=O,"-2,53"
13 366,CC(C)CC(/N=C(\\O)/C(N)CCSC)/C(/O)=N/C(CC1C=CC=CC=1)C(O)=O,"-1,03"
13 367,CC(C)CC(NC(=O)C(N)CCSC)C(O)=O,"-1,84"
13 368,CSCCC(N)C(=O)NC(CC1=CNC2=CC=CC=C12)C(O)=O,"-1,50"
13 369,CSCCC(N)/C(/O)=N/C(CC1=CC=C(O)C=C1)C(O)=O,"-2,03"
13 370,CC(NC(=O)C(N)CC1C=CC(O)=CC=1)C(=O)NCC(=O)NC(CC1C=CC=CC=1)C(=O)NC(CCSC)C(O)=O,"-0,59"
13 371,CSCCC(NC(=O)C(CC1=CC=CC=C1)NC(=O)CNC(=O)CNC(=O)C(N)CC1=CC=C(O)C=C1)C(O)=O,"-1,39"
13 372,CC(C)CC(N)C(=O)NC(CCSC)C(O)=O,"-1,87"
13 373,CSCCC(/N=C(\\O)/C(N)CC1C=CC=CC=1)C(O)=O,"-1,59"
13 374,CSC1=CN2C=C(N=C2C=C1)C1C=CC(N)=CC=1,"2,90"
13 375,CC1(NC(=NC1=O)C1N=CC(=CC=1C(O)=O)SC)C(C)C,"0,75"
13 376,CC1N=CNC=1CSCCN=C1N=CC(CC2=CC=CC3OCOC2=3)C(=O)N1C,"2,51"
13 377,CC1C(=O)C(=O)C=CN1CCCO,"-0,88"
13 378,CC1C(=O)C(=O)C=CN1CCCOC(=O)C1C=CC(F)=CC=1,"1,47"
13 379,CC1C(=O)C(=O)C=CN1CCCOC(=O)C1C=CC(O)=CC=1,"0,80"
13 380,CC1C(=O)C(=O)C=CN1CCCOC(=O)C1C=CC=CC=1,"1,25"
13 381,CC1C(=O)C(=O)C=CN1CCCOC(=O)C1C=CC=CC=1O,"1,40"
13 382,CC1C(=O)C(=O)C=CN1CCCOC(=O)C1C=CC=CN=1,"-0,18"
13 383,CC1C(=O)C(=O)C=CN1CCCOC(=O)C1=CN=CC=C1,"-0,25"
13 384,CC1=COC2=C1C1N=C(O)C=C(C)C=1C=C2C,"3,13"
13 385,CC1=COC2=C1C1=C(C=C2C)C(C)=CC(=O)N1C,"3,30"
13 386,CC1=COC2C=C(C)C3=C(OC(=O)C=C3C)C1=2,"3,04"
13 387,CC1=COC2C=CC3=C(OC(=O)C=C3C)C1=2,"3,08"
13 388,CC1C=C(F)C=CC=1N1C=C(C(O)=O)C(=O)C2=CC(F)=C(C=C12)N1CCNCC1,"0,27"
13 389,CC1=CC2C3OC(=O)C=CC=3C(C)=C(C)C=2O1,"3,26"
13 390,CC1=CC2=C(C3C=C(C)OC1=3)N(C)C(=O)C=C2C,"3,43"
13 391,CC1=CC2C3OC(=O)C=C(C)C=3C=C(C)C=2O1,"3,28"
13 392,CC1=CC2C3OC(=O)C=CC=3C=C(C)C=2O1,"2,85"
13 393,CC1=CC(=C(C)C=C1)N1NN=NC1=N,"1,45"
13 394,CC1C=CC(O)=CC=1N,"1,16"
13 395,CC1C=C(C)C=CC=1N1C=C(C(O)=O)C(=O)C2=CC(F)=C(C=C12)N1CCNCC1,"0,63"
13 396,CC1=CC(F)=C(C=C1)N1C=C(C(O)=O)C(=O)C2=CC(F)=C(C=C12)N1CCNCC1,"1,01"
13 397,CC1C=CC(=CC=1)C(=O)N=NCC1C(CO)=CC=C(C)C=1O,"3,39"
13 398,CC1C=CC(=CC=1)C(=O)OCCCN1C=CC(=O)C(=O)C1C,"1,79"
13 399,CC1C=CC(=CC=1)N1CC(=CC1=O)N1CCOCC1,"1,40"
13 400,CC1C=CC(=CC=1)N1C=C(C(O)=O)C(=O)C2=CC(F)=C(C=C12)N1CCNCC1,"0,34"
13 401,CC1=CC=C(C=C1)N1N=NN=C1N,"1,20"
13 402,CC1C=CC(=CC=1)N1C(S)=NN=C1CC1C2=CC=CC=C2NC=1C,"3,00"
13 403,CC1C=CC(=CC=1Cl)N1NN=NC1=N,"1,89"
13 404,CC1C=CC(=CN=1)C(=O)OCCCN1C=CC(=O)C(=O)C1C,"0,28"
13 405,CC1=CC=C(O1)C1C(O)=NC2=CC(Cl)=CC=C2C1=O,"3,05"
13 406,CC1C=CC=C(C)C=1C=CC1=CN=CN1,"3,35"
13 407,CC1C=CC=C(C)C=1CCN,"2,38"
13 408,CC1C=CC=C(C)C=1CCC1=CN=CN1,"2,91"
13 409,CC1C=CC=C(C)C=1CCN1C=NC=C1,"2,73"
13 410,CC1C=CC=C(C)C=1CC1=CC=CC=N1,"3,48"
13 411,CC1C=CC=C(C)C=1CC1=CNN=C1,"3,60"
13 412,CC1C=CC=C(C)C=1OCC1CNC(=N)O1,"2,00"
13 413,CC1C=CC=C(C)C=1C1=CN=CN1,"2,38"
13 414,CC1C=CC=C(C=1)C=N(=O)C(C)(C)C,"1,60"
13 415,CC1=CC(=CC=C1)N1CC(=CC1=O)N1CCOCC1,"1,50"
13 416,CC1=CC(=CC=C1)N1CCN(CC2CNC(=N)O2)CC1,"1,46"
13 417,CC1=CC(=CC=C1)N1C=C(C(O)=O)C(=O)C2=CC(F)=C(C=C12)N1CCNCC1,"0,33"
13 418,CC1=CC(=CC=C1)N1NN=NC1=N,"1,24"
13 419,CC1C=CC=C2C=1OCN(CCO[N+]([O-])=O)C2=O,"2,48"
13 420,CC1C=CC=C2OCN(CCO[N+]([O-])=O)C(=O)C2=1,"2,54"
13 421,CC1=CC=CC=C1C=N(=O)C(C)(C)C,"1,50"
13 422,CC1=CC=CC=C1CNC1N=CNC2=NC=NC=12,"2,58"
13 423,CC1=CC=CC=C1CC1=CN=CN1,"2,31"
13 424,CC1=CC=CC=C1N1CCN(CC2CNC(=N)O2)CC1,"1,78"
13 425,CC1=CC=CC=C1N=C1CC=NC=C1S(=O)(=O)NC(O)=NC1CCCCC1,"4,35"
13 426,CC1=CC=CC=C1N1C=C(C(O)=O)C(=O)C2=CC(F)=C(C=C12)N1CCNCC1,"0,19"
13 427,CC1=CC=CC=C1N1NN=NC1=N,"0,93"
13 428,CC1C=NC(=CN=1)C(=O)OCCCN1C=CC(=O)C(=O)C1C,"-0,49"
13 429,CC1=CC(=O)OC2C=C(C)C3=C(OC=C3C)C1=2,"3,28"
13 430,CC1NC(=C(Cl)N=1)[N+]([O-])=O,"1,06"
13 431,CC1N=C(N=C(N=1)C(Cl)(Cl)Cl)C(Cl)(Cl)Cl,"3,78"
13 432,CC1=NC=C(N1CCN=[N+]=[N-])[N+]([O-])=O,"0,76"
13 433,CC1NC2=CC=CC=C2C=1CC1N=NC(=S)N1C1C=CC=CC=1,"2,55"
13 434,CC1C2OC=CC=2C2OC(=O)C=CC=2C=1C,"2,84"
13 435,CC1C2C=COC=2C=C2OC(=O)C=CC2=1,"2,33"
13 436,CC1C2OC(=O)C=CC=2C=C2C=COC2=1,"2,48"
13 437,CC1=CC(=O)OC2=C1C=C1C=COC1=C2C,"2,82"
13 438,CC1=CC(CC2=CN=CN2)=CC(C)=C1,"2,52"
13 439,CC1=CC(=CC(C)=C1)OCC1CNC(=N)O1,"2,25"
13 440,CC1=CC2=C(OC(=O)C(C)=C2C)C2C=COC1=2,"3,23"
13 441,CC1=CC2C=CC(=O)OC=2C2C=COC=21,"2,39"
13 442,CC1=CC2OC(=O)C=C(C)C=2C2OC=CC1=2,"2,84"
13 443,CC1C=CC(C)=CC=1CC1=CN=CN1,"2,72"
13 444,CC1=CC(OCC2CNC(=N)O2)=C(C)C=C1,"2,29"
13 445,CC1C=CC(CO)=C(CN=NC(=O)C2=CC=C(N)C=C2)C=1O,"2,16"
13 446,CC1C=CC(CO)=C(CN=NC(=O)C2C=CC(O)=CC=2)C=1O,"2,56"
13 447,CC1C=CC(CO)=C(CN=NC(=O)C2=CC=C(C=C2)C(C)(C)C)C=1O,"4,73"
13 448,CC1=CC=C(CO)C(CN=NC(=O)C2=CC=C(C=C2)[N+]([O-])=O)=C1O,"3,03"
13 449,CC1C=CC(CO)=C(C=NN=C(O)C2=CC(Br)=CC=C2)C=1O,"3,91"
13 450,CC1C=CC(CO)=C(C=NN=C(O)C2=CC(Cl)=CC=C2)C=1O,"3,83"
13 451,CC1C=CC(CO)=C(C=NN=C(O)C2=CC(F)=CC=C2)C=1O,"3,41"
13 452,CC1C=CC(CO)=C(C=NN=C(O)C2C=CC=CC=2)C=1O,"3,01"
13 453,CC1C=CC(CO)=C(CN=NC(=O)C2=CC=CO2)C=1O,"2,67"
13 454,CC1C=CC(CO)=C(CN=NC(=O)C2=CC=CS2)C=1O,"3,03"
13 455,CC1C=CC(CO)=C(CN=NC(=O)C2C=CN=CC=2)C=1O,"2,16"
13 456,CC1C=C(C)C=CC=1CC1=CN=CN1,"2,70"
13 457,CC1=CC(CC2=CN=CN2)=CC=C1C,"2,72"
13 458,CC1=CC(CC2C=CC(Cl)=CC=2Cl)=C(Cl)C=C1,"6,38"
13 459,CC1C=CC(OC(=O)CNC(=O)C2C=CC=CC=2)=C(C)C=1,"3,40"
13 460,CC1C=CC(OCC2CNC(=N)O2)=C(C)C=1,"2,23"
13 461,CC1=CC(=CC=C1C)OCC1CNC(=N)O1,"2,10"
13 462,CC1=CC2OCN(CCO[N+]([O-])=O)C(=O)C=2C=C1,"2,44"
13 463,CC1=CC(CC2=CN=CN2)=CC=C1,"2,39"
13 464,CC1=CC(=CC=C1)OCC1CNC(=N)O1,"1,75"
13 465,CC1C=CC=C(OCC2CNC(=N)O2)C=1C,"2,25"
13 466,CC1=CN=C(CC2C=CC(=CC=2)OCC(O)CNC(C)(C)C)N1,"1,40"
13 467,CC1C(=O)OC2=C(C=C3C(OC=C3C)=C2C)C=1C,"3,62"
13 468,CC1=CC(=O)OC2C1=CC1=C(OC=C1C)C=2C,"3,25"
13 469,CC1=COC2=C1C(C)=C1C=CC(=O)OC1=C2C,"3,35"
13 470,CC1=COC2=C1C=C1C=CC(=O)OC1=C2C,"2,81"
13 471,CC1=CC2C=CC(=O)OC=2C2=C1OC=C2C,"2,88"
13 472,CC1=CC(=O)OC2=CC3OC=C(C)C=3C=C12,"2,76"
13 473,CC1=COC2C=C3OC(=O)C=CC3=C(C)C1=2,"2,79"
13 474,CC1=COC2C=C3OC(=O)C=CC3=CC=21,"2,47"
13 475,CC1=COC2C=CC3=C(OC(=O)C(C)=C3C)C1=2,"3,34"
13 476,CC1C(=O)OC2N=C3OC=C(C)C3=CC=2C=1C,"2,25"
13 477,CC1=CC(=O)OC2=NC3OC=C(C)C=3C=C12,"1,64"
13 478,CC1=COC2N=C3OC(=O)C=CC3=C(C)C1=2,"1,71"
13 479,CC1=NC2=CC=CC=C2C(=O)N1CC(=O)N1CCCCC1,"1,27"
13 480,CC1=NC2=CC=CC=C2C(=O)N1CC(=O)N1CCOCC1,"0,36"
13 481,CC1=NC2=CC=CC=C2C(=O)N1C/C(/O)=N/CC1C=CC=CC=1,"1,78"
13 482,CC1=NC2=CC=CC=C2C(=O)N1C/C(/O)=N/CC1=CC=CO1,"1,24"
13 483,CC1=NC2C=CC=CC=2C(=O)N1CC(O)N=NC1C=CC=CC=1,"1,34"
13 484,CC1=NC2=CC=CC=C2C(=O)N1CC(O)=O,"0,38"
13 485,CC1=NC2=CC=CC=C2C(=O)N1CCC(O)=O,"0,93"
13 486,CC1N=CC=C2C=1N(C)C1=CC=CC=C12,"3,01"
13 487,CC1C(=O)OC2=C(C=C3C=COC3=C2C)C=1C,"3,25"
13 488,CC1C(=O)OC2C=C3OC=CC3=CC=2C=1C,"2,77"
13 489,CC1C(=O)OC2C3C=COC=3C=CC=2C=1C,"2,90"
13 490,CC1=CC2C3OC(=O)C=CC=3C(C)=CC=2O1,"2,92"
13 491,CC1=CC2C3=C(C=CC=2O1)C(C)=C(C)C(=O)N3C,"3,54"
13 492,CC1=CC2C3OC(=O)C(C)=C(C)C=3C=CC=2O1,"3,27"
13 493,CC1=CC(=O)N(C)C2C3C=C(C)OC=3C=CC1=2,"3,08"
13 494,CC1=CC2C3OC(=O)C=C(C)C=3C=CC=2O1,"3,08"
13 495,CC1=CC2C=CC3OC(C)=CC=3C=2OC1=O,"2,97"
13 496,CC1=CC2C(=O)C3=CC=CC=C3C=2N=N1,"1,58"
13 497,CC1=CC2=C(C=C3OC(=O)C=CC3=C2C)O1,"2,84"
13 498,CC1=CC2=C(O1)C1=C(C=C2C)OC(=O)C=C1C,"3,25"
13 499,CC1=CC(=O)OC2C=C3OC(C)=CC3=CC1=2,"2,82"
13 500,CC1C2OC(C)=CC=2C=C2C=CC(=O)OC=12,"2,93"
13 501,CC1=CC2C=CC3OC=C(C)C=3C=2OC1=O,"2,97"
13 502,CC1=CC2C=CC3OC=CC=3C=2OC1=O,"2,57"
13 503,CC1C=CC(CNC2=NC=NC3N=CNC=32)=CC=1,"2,66"
13 504,CC1=CC(CNC2N=CNC3=NC=NC=23)=CC=C1,"2,62"
13 505,CC1C=CC=C2COP(=O)(OC=12)OCC1C=CC(O1)N1C=C(C)C(O)=NC1=O,"0,71"
13 506,CC1=C(C)N=C2C3OC(CCC=3C(=CN12)C(=O)N1CC(O)C1)C1C=CC=CC=1,"3,10"
13 507,CC1=C(C)N=C2C3OC(CCC=3C(=CN12)C(=O)N1CCC1)C1C=CC=CC=1,"3,40"
13 508,CC1=C(C)N=C2C3OC(CCC=3C(=CN12)C(=O)N1CCCC1)C1C=CC=CC=1,"3,60"
13 509,CC1N=C2C3OC(CCC=3C(=CN2C=1C)/C(/O)=N/C1CC1)C1C=CC=CC=1,"4,00"
13 510,CC1N=C2C3OC(CCC=3C(=CN2C=1C)/C(/O)=N/C1CCC1)C1C=CC=CC=1,"4,50"
13 511,CC1=C(C)N=C2C3OC(CCC=3C(=CN12)/C(/O)=N/C1C=CC=CC=1)C1C=CC=CC=1,"5,90"
13 512,CC1=C(C)N=C2C3OC(CCC=3C(=CN12)C(=N)O)C1C=CC=CC=1,"3,50"
13 513,CC1=C(C)N=C2C3OC(CCC=3C(=CN12)C(O)=O)C1C=CC=CC=1,"4,60"
13 514,CC1=CC2=C(NC(=O)C=C2C)C2=C1OC(C)=C2C,"3,50"
13 515,CC1=CC2C=CC(=O)OC=2C2=C1OC(C)=C2C,"3,34"
13 516,CC1=CC2OC(C)=C(C)C=2C2OC(=O)C=CC1=2,"3,36"
13 517,CC1=CC(=O)OC2=CC3OC(C)=C(C)C=3C=C12,"3,22"
13 518,CC1OC2C=C3OC(=O)C=CC3=C(C)C=2C=1C,"3,27"
13 519,CC1OC2C=C3OC(=O)C=CC3=CC=2C=1C,"2,93"
13 520,CC1=CC(O)=NC2C3=C(C=CC1=2)OC(C)=C3C,"3,18"
13 521,CC1=CC(=O)OC2C3=C(C=CC1=2)OC(C)=C3C,"3,28"
13 522,CC1OC2C=CC3C=CC(=O)OC=3C=2C=1C,"2,97"
13 523,CC1OC2N=C3OC(=O)C(C)=C(C)C3=CC=2C=1C,"2,71"
13 524,CC1OC2N=C3OC(=O)C=C(C)C3=CC=2C=1C,"2,25"
13 525,CC1OC2N=C3OC(=O)C=CC3=C(C)C=2C=1C,"2,19"
13 526,CC1OC2N=C3OC(=O)C=CC3=CC=2C=1C,"1,97"
13 527,CC1=CC2=C(OC(=O)C=C2C)C2=C1SC(C)=C2C,"4,09"
13 528,CC1=CC(=O)OC2=CC3SC(C)=C(C)C=3C=C12,"3,48"
13 529,CC1=CC(=O)OC2C3=C(C=CC1=2)SC(C)=C3C,"3,65"
13 530,CC1C=C2COP(=O)(OC2=C(C)C=1)OCC1C=CC(O1)N1C=C(C)C(O)=NC1=O,"1,18"
13 531,CC1=CC2COP(=O)(OC=2C=C1)OCC1C=CC(O1)N1C=C(C)C(O)=NC1=O,"0,73"
13 532,CC1=CN(C2C=CC(COP3(=O)OC4=CC=C(Cl)C=C4CO3)O2)C(=O)N=C1O,"0,88"
13 533,CC1=CN(C2C=CC(COP3(=O)OC4C=CC(=CC=4CO3)[N+]([O-])=O)O2)C(=O)N=C1O,"0,18"
13 534,CC1=CN(C2C=CC(COP3(=O)OC4=CC=CC=C4CO3)O2)C(=O)N=C1O,"0,28"
13 535,C#CCCCCl,"1,85"
13 536,C=CCC(=O)NC1=CC(Cl)=C(Cl)C=C1,"3,63"
13 537,ClC1=CC(Cl)=C(C=C1)C1(CN2C=NC=N2)OCC2(CC3OC3CC2)CO1,"1,87"
13 538,O=C1C=C(OC2=CC=CC=C21)C1C=CC(Cl)=CC=1Cl,"4,13"
13 539,O=C1C=C(C2C=CC(Cl)=CC=2)C(=O)N1C1C=CC(Cl)=CC=1,"3,00"
13 540,O=C1C=C(CN1C1C=CC(Cl)=CC=1)N1CCCC1,"2,60"
13 541,O=C1C=C(CN1C1C=CC(Cl)=CC=1)N1CCCCC1,"3,00"
13 542,O=C1C=C(CN1C1C=CC(Cl)=CC=1)N1CCCCCC1,"3,40"
13 543,O=C1C=C(CN1C1C=CC(Cl)=CC=1)N1CCOCC1,"1,90"
13 544,O=C1N=C(CN1C1C=CC(Cl)=CC=1)N1CCCC1,"2,00"
13 545,O=C1N=C(CN1C1C=CC(Cl)=CC=1)N1CCCCC1,"2,30"
13 546,ClC1C=CC(=CC=1)N1CCN(CCN2N=NC3=CC=CC=C23)CC1,"3,40"
13 547,ClC1C=CC(=CC=1)N1CCN(CCN2N=C3C=CC=CC3=N2)CC1,"4,05"
13 548,O=C1C=C(C(=O)N1C1C=CC(Cl)=CC=1)N1CCCC1,"3,00"
13 549,O=C1C=C(C(=O)N1C1C=CC(Cl)=CC=1)N1CCCCC1,"3,40"
13 550,O=C1C=C(C(=O)N1C1C=CC(Cl)=CC=1)N1CCOCC1,"2,30"
13 551,ClC1C=CC(=CC=1)N1CCN(CCCON2N=NC3=CC=CC=C23)CC1,"4,15"
13 552,N#CC1NC=C(C=1N1CCOCC1)C1C=CC(Cl)=CC=1,"3,50"
13 553,C=CC/N=C(\\O)/C1NC=C(C=1N1CCOCC1)C1C=CC(Cl)=CC=1,"3,70"
13 554,ClC1C=CC(=CC=1)C1=CNC=C1N1CCOCC1,"3,20"
13 555,ClC1C=CC(=CC=1)C1=CN(N=C1)C1=CC=CC=N1,"4,30"
13 556,ClC1C=CC(=CC=1)C1N=C(ON=1)N1CCOCC1,"3,10"
13 557,O=C1C=C(OC2=CC=CC=C21)C1C=CC(Cl)=CC=1,"3,89"
13 558,O=C1CC(=NN1C1C=CC(Cl)=CC=1)C1C=CC=CC=1,"2,60"
13 559,O=C1C=C(ON1C1C=CC(Cl)=CC=1)C1C=CC=CC=1,"4,10"
13 560,[O-][N+](=O)C1=CN=C(NC(=O)C2=CC(Cl)=C(Cl)C=C2)S1,"4,14"
13 561,O=C1CCC(=O)N1C1=CC(Cl)=C(Cl)C=C1,"1,35"
13 562,O=C1N=C(CN1C1=CC(Cl)=C(Cl)C=C1)N1CCOCC1,"1,90"
13 563,O=C1N=C(CN1CC1C(Cl)=CC=CC=1Cl)N1CCOCC1,"1,30"
13 564,O=C1CCC(=O)N1C1C(Cl)=CC=CC=1Cl,"0,57"
13 565,O=C1C=C(OC2=CC=CC=C21)C1C(Cl)=CC=CC=1Cl,"3,79"
13 566,ClC1=CC(=CC=C1)N1CCN(CCN2N=NC3=CC=CC=C23)CC1,"3,45"
13 567,ClC1=CC(=CC=C1)N1CCN(CCN2N=C3C=CC=CC3=N2)CC1,"4,10"
13 568,ClC1=CC(=CC=C1)N1CCN(CCCON2N=NC3=CC=CC=C23)CC1,"4,20"
13 569,O=C1C=C(OC2C=CC(Cl)=CC=21)C1=CC(Cl)=CC=C1,"4,38"
13 570,O=C1C=C(OC2=CC=CC=C21)C1=CC(Cl)=CC=C1,"3,91"
13 571,O=C1N=C(CN1CC1=CC=CC=C1Cl)N1CCOCC1,"1,00"
13 572,ClC1=CC=CC=C1CNC1=NC=NC2N=CNC=21,"2,76"
13 573,ClC1=CC=CC=C1N1CCN(CCN2N=NC3=CC=CC=C23)CC1,"3,35"
13 574,ClC1=CC=CC=C1N1CCN(CCN2N=C3C=CC=CC3=N2)CC1,"4,00"
13 575,ClC1=CC=CC=C1N1CCN(CCCON2N=NC3=CC=CC=C23)CC1,"4,10"
13 576,O=C1C=C(OC2=CC=CC=C21)C1=CC=CC=C1Cl,"3,61"
13 577,N#CNC1=NCCN1CC1=CN=CC=C1Cl,"0,77"
13 578,ClC1C2=CC=CC=C2C=C2C=CC=CC2=1,"5,27"
13 579,O=C1C=C(OC2=C1C=C(Cl)C=C2Cl)C1C=CC=CC=1,"4,76"
13 580,ClC1=C(C=C(Cl)C(Cl)=C1Cl)OC1C=CC=CC=1,"6,16"
13 581,[O-][N+](=O)OCCN1COC2=CC(Cl)=CC=C2C1=O,"2,74"
13 582,[O-][N+](=O)OCCN1COC2=CC=C(Cl)C=C2C1=O,"2,30"
13 583,O=C1C=C(OC2C=CC(Cl)=CC=21)C1C=CC=CC=1,"3,92"
13 584,O=C1C=C(OC2C=CC(Cl)=CC=21)C1=CC=CC=C1Cl,"4,09"
13 585,O=C1CCC(=O)N1C1C=CC=C(Cl)C=1Cl,"0,90"
13 586,ClC1C=C(Cl)C=C(Cl)C=1OC1C=C(Cl)C=CC=1,"6,05"
13 587,ClC1C2OC3=CC(Cl)=C(Cl)C=C3OC=2C(Cl)=CC=1Cl,"6,20"
13 588,ClC1C=CC(C=NOCCC2NN=C(N=2)C2C=CC=CC=2)=CC=1,"2,83"
13 589,ClC1C=CC(C=NOCCC2=NN=C(O2)C2C=CC=CC=2)=CC=1,"3,01"
13 590,ClC1C=CC(CNC2=NC=NC3N=CNC=32)=CC=1,"2,90"
13 591,O=C1N=C(CN1CC1=CC(Cl)=CC=C1)N1CCOCC1,"1,30"
13 592,ClC1C=C(CNC2N=CNC3=NC=NC=23)C=CC=1,"2,89"
13 593,CN1C=CN=C1CC1COC2=CC=CC=C2O1,"1,93"
13 594,CN1C2C=CC(Cl)=CC=2C2CCNCC1=2,"2,30"
13 595,CN1C2C=CC(=CC=2C2CCNCC1=2)[N+]([O-])=O,"2,07"
13 596,CN1C=C(C(=C1)C1C=CC(Cl)=CC=1)N1CCOCC1,"4,20"
13 597,CN1N=C(N(C1=S)C1C=CC=CC=1)C(F)(F)F,"2,58"
13 598,OC(NS(=O)(=O)C1=CN=CCC1=NC1CCCCCC1)=NCC(F)(F)F,"3,85"
13 599,OC(NS(=O)(=O)C1=CN=CCC1=NC1CCCCCCC1)=NCC(F)(F)F,"4,22"
13 600,FC(F)(F)C1=CC=CC=C1CNC1N=CNC2=NC=NC=12,"3,04"
13 601,[O-][N+](=O)OCCN1COC2=CC(=CC=C2C1=O)C(F)(F)F,"3,01"
13 602,O=C1C2=CC=CC=C2C2=NN=C(C=C21)C(F)(F)F,"2,21"
13 603,FC(F)(F)C1C=CC(CNC2N=CNC3=NC=NC=23)=CC=1,"3,19"
13 604,FC(F)(F)C1C=C(CNC2N=CNC3=NC=NC=23)C=CC=1,"3,08"
13 605,O=C1CN=C(C2=CC=CC=C2N1)C1C=CC(F)=CC=1,"2,38"
13 606,O=C1C=C(C(=O)N1C1C=CC(F)=CC=1)N1CCCC1,"2,30"
13 607,O=C1C=C(C(=O)N1C1C=CC(F)=CC=1)N1CCCCC1,"2,60"
13 608,O=C1C=C(C(=O)N1C1C=CC(F)=CC=1)N1CCOCC1,"1,50"
13 609,O=C1C=C(CN1C1=CC(Cl)=C(F)C=C1)N1CCOCC1,"2,20"
13 610,FC1=CC=CC=C1CNC1N=CNC2=NC=NC=12,"2,27"
13 611,OC1=NC(=O)N(CC2C=CC(Cl)=CC=2Cl)C=C1F,"1,96"
13 612,FC1C=CC(CNC2N=CNC3=NC=NC=23)=CC=1,"2,34"
13 613,FC1C=C(CNC2=NC=NC3N=CNC=32)C=CC=1,"2,31"
13 614,O=C(NC1C=CC=CC=1)C1C=CC=CC=1I,"2,85"
13 615,O=C1N=C(CN1CC1C=CC(I)=CC=1)N1CCOCC1,"1,70"
13 616,N#CC1C=C(CC2N=CC=CN=2)C=CC=1,"1,46"
13 617,N#CC1C=CC=C(CN2C=CC=N2)C=1,"1,74"
13 618,N#CC1C=C(CN2C=NC=C2)C=CC=1,"1,01"
13 619,N#CC1=CC(CN2C=NC3=CC=CC=C23)=CC=C1,"2,47"
13 620,C1=NC2N=CNC=2C(NC2C=CC=CC=2)=N1,"2,12"
13 621,NC(N)=NC1=NC(=CS1)C1C=CC(N)=CC=1,"1,08"
13 622,N=C(O)C(CCCN1CC2CCC(C1)CC2)(C1=CC=CC=N1)C1C=CC=CC=1,"2,88"
13 623,N=C(O)C(CCN1CCCCC1)C1=CC=CC=C1Cl,"2,46"
13 624,N=C(O)C(CCN1CC2CCC(C1)CC2)(C1=CC=CC=N1)C1C=CC=CC=1,"2,72"
13 625,NC(=O)CC1=CNC2=CC=CC=C21,"0,75"
13 626,NC(=O)CC1C=CC(O)=CC=1,"-0,09"
13 627,N=C(O)C1NC=C(C=1N1CCOCC1)C1C=CC(Cl)=CC=1,"2,40"
13 628,N=C(O)C1C=C(CC2N=CC=CN=2)C=CC=1,"0,28"
13 629,N=C(O)C1C=C(CN2C=CC=N2)C=CC=1,"0,71"
13 630,N=C(O)C1C=C(CN2C=NC=C2)C=CC=1,"-0,01"
13 631,N=C(O)C1C=C(C=CC=1O)OCCNCC(O)CON=C(C1CC1)C1CC1,"1,69"
13 632,N=C(O)C1C=C(CN2C=NC3=CC=CC=C23)C=CC=1,"1,70"
13 633,CCCCNP(N)(N)=S,"1,90"
13 634,NC(=S)N=NC(C1=CC=CC=N1)C1C=CC=CC=1,"1,92"
13 635,NC(=S)N=NC(C1=CC=CC=N1)C1=CC=CC=N1,"0,78"
13 636,NC1C=CC(CNC(=O)C2CCCN2C(=O)C(N)C(C2CCCCC2)C2CCCCC2)=CN=1,"4,61"
13 637,NC(CC1=CNC2=CC=CC=C21)C(=O)N1CCCC1C(O)=O,"-0,98"
13 638,NC(CC1=CNC2=CC=CC=C12)C(=O)NC(CC1=CNC2=CC=CC=C12)C(=O)NC(CC1=CNC2=CC=CC=C12)C(O)=O,"0,66"
13 639,NC(CC1=CNC2=CC=CC=C21)/C(/O)=N/C(CC1C=CC(O)=CC=1)C(O)=O,"-1,13"
13 640,NC(CC1=CNC2=CC=CC=C21)/C(/O)=N/C(CC1C=CC=CC=1)C(O)=O,"-0,47"
13 641,NC(CC1=CNC2=CC=CC=C12)C(=O)NCC(=O)NCC(O)=O,"-2,72"
13 642,NC(CC1=CNC2=CC=CC=C21)C(=N)O,"0,30"
13 643,NC(CC1=CC=C(O)C=C1)C(=O)N1CCCC1C(=O)NCC(=O)NC(CC1=CNC2C=CC=CC1=2)C(O)=O,"-1,25"
13 644,NC(CC1=CC=C(O)C=C1)C(=O)N1CCCC1C(O)=O,"-2,03"
13 645,NC(CC1C=CC(O)=CC=1)/C(/O)=N/C/C(/O)=N/C(CC1C=CC=CC=1)C(O)=O,"-1,86"
13 646,NC(CC1=CC=C(O)C=C1)/C(/O)=N/C/C(/O)=N/CC(O)=O,"-3,51"
13 647,NC(=O)C(CC1=CNC2=CC=CC=C12)NC(=O)C(N)CC1C=CC=CC=1,"1,38"
13 648,NC(CC1C=CC=CC=1)C(=O)NC(CC1=CNC2=CC=CC=C12)C(O)=O,"-0,79"
13 649,NC(CC1C=CC=CC=1)C(=O)NC(CC1C=CC(O)=CC=1)C(O)=O,"-1,68"
13 650,NC(CC1C=CC=CC=1)C(=O)NC(CC1C=CC=CC=1)C(=O)NC(CC1C=CC=CC=1)C(=O)NC(CC1C=CC=CC=1)C(O)=O,"1,63"
13 651,NC(CC1C=CC=CC=1)C(=O)NC(CC1C=CC=CC=1)C(=O)NCC(=O)NC(CC1C=CC=CC=1)C(O)=O,"0,17"
13 652,NC(CC1=CC=CC=C1)C(=O)NCC(=O)NCC(=O)NC(CC1=CC=CC=C1)C(O)=O,"-1,51"
13 653,NC(CC1=CC(I)=C(OCCC2=CC=C(O)C=C2)C(I)=C1)C(O)=O,"2,00"
13 654,N=C1NC(CS1)C1OCCC2=CC=CC=C21,"1,79"
13 655,N=C1NCC(CN2CC=CCC2)O1,"0,19"
13 656,N=C1NCC(CN2CCOCC2)O1,"-0,22"
13 657,N=C1NCC(COC2C=C(Cl)C=CC=2)O1,"2,09"
13 658,N=C1NCC(COC2C=C(C=CC=2)C(F)(F)F)O1,"2,35"
13 659,N=C1NCC(COC2C=CC=CC=2[N+]([O-])=O)O1,"0,80"
13 660,N=C1NCC(CN2CCC(CC2)C(=O)C2C=CC=CC=2)O1,"1,05"
13 661,N=C1NCC(CN2CCC(CC3C=CC=CC=3)CC2)O1,"2,38"
13 662,N=C1NCC(CN2CCC(CC2)C2C=CC=CC=2)O1,"1,96"
13 663,N=C1NCC(CN2CCN(CC2)C2C=CC(=CC=2)[N+]([O-])=O)O1,"1,23"
13 664,N=C1NCC(CN2CCN(CC2)C2=CC=CC=C2F)O1,"1,06"
13 665,N=C1NCC(COC2C=CC(=CC=2)C2C=CC=CC=2)O1,"2,80"
13 666,N=C1NCC(COC2=CC=CC=C2CC2C=CC=CC=2)O1,"3,05"
13 667,NC(=O)C(CC1=CNC2=CC=CC=C21)NC(=O)CN,"-0,48"
13 668,NC/C(/O)=N/C(CC1C=CC=CC=1)/C(/O)=N/C(CC1C=CC(O)=CC=1)C(O)=O,"-1,96"
13 669,NC/C(/O)=N/C(CC1C=CC=CC=1)/C(/O)=N/C(CC1C=CC=CC=1)C(O)=O,"-1,33"
13 670,NCCCOC1CC2C(=CC(O)=CC=2O)OC1C1C=CC(O)=C(O)C=1,"0,52"
13 671,NS(=O)(=O)C1=CC(=CS1)S(=O)(=O)C1=CC=CC=C1CNCC1=CC=CC=N1,"-0,52"
13 672,NS(=O)(=O)C1C=CN=CN=1,"-0,20"
13 673,NS(=O)(=O)C1=NC=NC=C1C1C=CC=CC=1,"0,50"
13 674,NS(=O)(=O)C1C=CC(CN2C=NC3=CC=CC=C23)=CC=1,"1,04"
13 675,NC1C=CC(=CC=1)S(=O)(=O)NC1=CC(Br)=CC2NC=CC=21,"2,77"
13 676,NC1C=CC(=CC=1)S(=O)(=O)NC1=CC=CC2NC=CC=21,"1,41"
13 677,NC1N=C(N)NC(=O)N=1,"-0,19"
13 678,N=C1NC(=NC(=N)N1)C1C=CC(=CC=1)SC(F)(F)F,"3,20"
13 679,N=C1N=NNN1C1C(Cl)=CC=CC=1Cl,"1,56"
13 680,N=C1N=NNN1C1C=C(Cl)C(Cl)=CC=1Cl,"2,30"
13 681,N=C1N=NNN1C1C=C(Cl)C=CC=1Cl,"1,61"
13 682,N=C1N=NNN1C1C=CC(Br)=CC=1,"1,63"
13 683,N=C1N=NNN1C1=CC(Cl)=C(Cl)C=C1,"2,06"
13 684,N=C1N=NNN1C1C=CC(Cl)=CC=1,"1,41"
13 685,N=C1N=NNN1C1C=CC(Cl)=CC=1Cl,"1,62"
13 686,N=C1N=NNN1C1C=CC(F)=CC=1,"0,75"
13 687,N=C1N=NNN1C1C=CC(O)=CC=1,"0,33"
13 688,N=C1N=NNN1C1C=CC(=CC=1)[N+]([O-])=O,"0,77"
13 689,NC1=NN=NN1C1C=CC=C(Cl)C=1,"1,44"
13 690,N=C1N=NNN1C1C=C(F)C=CC=1,"0,91"
13 691,N=C1N=NNN1C1C=CC=C(O)C=1,"0,56"
13 692,NC1=NN=NN1C1=CC(=CC=C1)[N+]([O-])=O,"0,67"
13 693,NC1=NN=NN1C1=CC=CC2=CC=CC=C21,"1,72"
13 694,N=C1N=NNN1C1=CC=CC=C1Cl,"0,87"
13 695,NC1=NN=NN1C1=CC2=CC=CC=C2C=C1,"2,08"
13 696,NC1=C(C(O)=NC2C=C(Cl)C=CC=21)C1C=CC=CC=1,"2,95"
13 697,N=C1N/C(/NC(O)=N1)=N\\C1C=CC=CC=1,"1,90"
13 698,NC1C=CC2=CC3=CC=CC=C3N=C2C=1CO,"1,77"
13 699,NC1C=C(CN2C=NC3=CC=CC=C23)C=CC=1,"1,92"
13 700,NC1C=CC(CNC(=O)C2CCCN2C(=O)C(CC2=CC(Cl)=C(Cl)C=C2)NS(=O)(=O)CC2C=CC=CC=2)=CN=1,"3,68"
13 701,O=C(CCCN=C=S)C1C=CC=NC=1,"1,79"
13 702,O/C(/CC1C=CC=CC=1)=N\\C1=NC=NC2NC=NC=21,"1,19"
13 703,OC(NS(=O)(=O)C1=CN=CCC1=NC1CCCCC1)=NC1CCCCC1,"4,23"
13 704,OC(NS(=O)(=O)C1=CN=CCC1=NC1CCCCCC1)=NC1CCCCC1,"4,59"
13 705,OC(NS(=O)(=O)C1=CN=CCC1=NC1CCCCCCC1)=NC1CCCCC1,"4,96"
13 706,OC(NS(=O)(=O)C1C=NC=CC1=NC1CCCCC1)=NC1CCCCCC1,"4,62"
13 707,O=C(NS(=O)(=O)C1C=NC=CC=1NC1CCCCCC1)NC1CCCCCC1,"4,96"
13 708,OC(NS(=O)(=O)C1=CN=CCC1=NC1CCCCCCC1)=NC1CCCCCC1,"5,35"
13 709,OC(NS(=O)(=O)C1C=NC=CC1=NC1CCCCC1)=NC1CCCCCCC1,"4,97"
13 710,OC(NS(=O)(=O)C1C=NC=CC1=NC1CCCCCC1)=NC1CCCCCCC1,"5,34"
13 711,O/C(/NC12CC3CC(C1)CC(C2)C3)=N\\CCCCCOCCCN1CCOCC1,"2,70"
13 712,OC(=NS(=O)(=O)C1=CN=CCC1=NC1CCCCCC1)N1CCCCC1,"4,14"
13 713,OC(=NS(=O)(=O)C1=CN=CCC1=NC1CCCCCC1)N1CCCCCC1,"4,43"
13 714,OC(=NS(=O)(=O)C1=CN=CCC1=NC1CCCCCCC1)N1CCCCC1,"4,55"
13 715,O=C(NC1=NC=NC2N=CNC=21)C1C=CC=CC=1,"1,12"
13 716,O=C(C1C=CC=CC=1)C1=CN=NC=C1,"1,09"
13 717,O=C1CCCC2=NN=C(C=C21)C1C=CC=CC=1,"2,05"
13 718,[O-][N+](=O)OCCN1COC2=CC=C(C=C2C1=O)[N+]([O-])=O,"1,66"
13 719,O=C1N=C(CN1CC1C=CC=CC=1)N1CCOCC1,"0,50"
13 720,O=C1N=C(CN1C1C=CC=CC=1)N1CCOCC1,"0,60"
13 721,[O-][N+](=O)OCCN1CC2C=CC=CC=2OC1=O,"1,82"
13 722,[O-][N+](=O)C1C=CC=CC=1C1C=C2C(=NN=1)C1C=CC=CC=1C2=O,"2,64"
13 723,O=C1C2N=NC=CC=2C2=CC=CC=C21,"1,22"
13 724,OC1CN=C(O)C(CC2=CNC3=CC=CC=C23)N=1,"0,07"
13 725,O=C1NC(CC2=CNC3=CC=CC=C23)C(=O)NC1CC1=CNC2=CC=CC=C12,"2,04"
13 726,O=C1C2=C(N=NC=C2C2C=CC=CC=2)C2=CC=CC=C21,"2,80"
13 727,OC1=NC2C=CC3=CC4=CC=CC=C4N=C3C=2CO1,"1,64"
13 728,O=CC1C=CC2C=CC3C=CC=C4C=CC=1C=2C=34,"4,23"
13 729,[O-][N+](=O)OC1CC(CCC1)O[N+]([O-])=O,"2,89"
13 730,[O-][N+](=O)OC1CCCCC1O[N+]([O-])=O,"2,62"
13 731,[O-][N+](=O)OC1CCCCCC1O[N+]([O-])=O,"3,41"
13 732,[O-][N+](=O)OCCCCCCCCCCO[N+]([O-])=O,"5,56"
13 733,[O-][N+](=O)OCCCCCCCCO[N+]([O-])=O,"4,40"
13 734,[O-][N+](=O)OCCCCCCCO[N+]([O-])=O,"3,81"
13 735,[O-][N+](=O)OCCCCCCO[N+]([O-])=O,"3,19"
13 736,[O-][N+](=O)OCCCCCO[N+]([O-])=O,"2,64"
13 737,[O-][N+](=O)OCCCCO[N+]([O-])=O,"2,17"
13 738,[O-][N+](=O)OCCCO[N+]([O-])=O,"1,68"
13 739,[O-][N+](=O)C1=CC(=CC=C1)C(N=NC(S)=NC1C=CC=CC=1)C1C=CC=CN=1,"3,35"
13 740,[O-][N+](=O)C1=CC2=C(CC3=CC=CC=C23)C=C1,"3,99"
13 741,[O-][N+](=O)C1C=C(CNC2=NC=NC3N=CNC=32)C=CC=1,"2,03"
13 742,O=S(=O)(N=C(S)N1CCCCC1)C1=CN=CCC1=NC1CCCCCC1,"4,15"
13 743,O=S(=O)(N=C(S)N1CCCCC1)C1=CN=CCC1=NC1CCCCCCC1,"4,50"
13 744,O=S(=O)(NC(=S)NC1CCCCC1)C1C=NC=CC=1NC1CCCCCC1,"4,71"
13 745,O=S(=O)(NC(=S)NC1CCCCC1)C1C=NC=CC=1NC1CCCCCCC1,"5,04"
13 746,O=S(N=C(S)N1CCCCC1)C1=CN=CCC1=NC1CCCCC1,"3,75"
13 747,O=S1CCCC1,"-0,96"
13 748,OC1=NC(=O)N=C2N=NC(C=C21)C1C=CC=CC=1,"1,56"
13 749,O=C1C2CCCC=2N=C2CCCN21,"0,22"
13 750,O=C1SSC(=C1C1C=CC=CC=1)C1C=CC=CC=1,"4,07"
13 751,O=C1C=CC2C=C3C=COC3=CC=2S1,"2,61"
13 752,O=C1C=CC2=CC3C=CSC=3C=C2O1,"2,27"
13 753,O=C1C=CC2C=C3C=CSC3=CC=2S1,"2,96"
13 754,O=C1C=CC2C=CC3OC=CC=3C=2N1,"1,82"
13 755,O=C1C=CC2C=CC3OC=CC=3C=2S1,"2,58"
13 756,O/C(=N\\C(CC1=CNC2=CC=CC=C12)C(O)=O)/OCC1C2=CC=CC=C2C2=CC=CC=C21,"4,93"
13 757,OC(=O)C(CC1=CNC2=CC=CC=C12)NC(=O)OCC1C=CC=CC=1,"3,20"
13 758,O/C(=N\\C(CC1C=CC=CC=1)C(O)=O)/C1CCCN1,"-2,07"
13 759,OC(=O)C(Cl)=C(C=O)C(Cl)Cl,"1,13"
13 760,OC1=CC(C2=NC(CS2)C(O)=O)=C(O)C=C1,"0,90"
13 761,OC1=CC(O)=C(C=C1)C1=NC(CS1)C(O)=O,"1,10"
13 762,OC(=O)CCC(=O)OC1CC2C(=CC(O)=CC=2O)OC1C1C=CC(O)=C(O)C=1,"1,41"
13 763,OC(=O)CCCCCON=C(C1C=CC=NN=1)C1=CC(=CC=C1)C(F)(F)F,"3,22"
13 764,OC(=O)CCCCCON=C(C1C=CN=CN=1)C1=CC(=CC=C1)C(F)(F)F,"3,55"
13 765,OC(=O)CCCCCON=C(C1=CN=CC=N1)C1=CC(=CC=C1)C(F)(F)F,"3,52"
13 766,OC(=O)CCCCCON=C(C1C=CN=CN=1)C1C=CC=CC=1,"2,66"
13 767,OC(=O)CCCCCON=C(C1C=CC=CC=1)C1C=NC=NC=1,"2,91"
13 768,OC(=O)CCCCCON=C(C1N=CC=CN=1)C1C=CC=CC=1,"2,25"
13 769,OC(=O)CCCCCON=C(C1=CC(=CC=C1)C(F)(F)F)C1=CN=NC=C1,"3,38"
13 770,OC(=O)CCCCCON=C(C1C=NC=NC=1)C1=CC(=CC=C1)C(F)(F)F,"3,65"
13 771,OC(=O)CCCCON=C(C1C=CC=NN=1)C1=CC(=CC=C1)C(F)(F)F,"2,80"
13 772,OC(=O)CCCCON=C(C1C=CN=CN=1)C1=CC(=CC=C1)C(F)(F)F,"3,14"
13 773,OC(=O)CCCCON=C(C1=CN=CC=N1)C1=CC(=CC=C1)C(F)(F)F,"3,26"
13 774,OC(=O)CCCCON=C(C1N=CC=CN=1)C1=CC(=CC=C1)C(F)(F)F,"2,77"
13 775,OC(=O)CCCCON=C(C1C=CN=CN=1)C1C=CC=CC=1,"2,27"
13 776,OC(=O)CCCCON=C(C1C=CC=CC=1)C1C=NC=NC=1,"2,65"
13 777,OC(=O)CCCCON=C(C1N=CC=CN=1)C1C=CC=CC=1,"1,94"
13 778,OC(=O)CCCCON=C(C1=CC(=CC=C1)C(F)(F)F)C1=CN=NC=C1,"2,99"
13 779,OC(=O)CCCCON=C(C1C=NC=NC=1)C1=CC(=CC=C1)C(F)(F)F,"3,26"
13 780,OC(=O)CCCON=C(C1C=CN=CN=1)C1C=CC=CC=1,"1,95"
13 781,OC(=O)CCCON=C(C1C=CC=CC=1)C1C=NC=NC=1,"2,20"
13 782,OC(=O)CCCON=C(C1N=CC=CN=1)C1C=CC=CC=1,"1,64"
13 783,OC1=CC(=CC(O)=C1Br)C(O)=O,"1,75"
13 784,OC(=O)C1=CC=CC(F)=C1F,"1,88"
13 785,OC(=O)C1C=CC=CC=1C(C1C=CC(O)=CC=1)C1C=CC(O)=CC=1,"2,61"
13 786,O/C(/CCC1C2C(=CC(Cl)=CC=2Cl)NC=1C(O)=O)=N\\C1C=CC=CC=1,"4,01"
13 787,OC1C=C(N=C2C=C(Cl)C=CC=12)C(O)=O,"1,05"
13 788,OC(=O)C1=CN(C2=CC(=C(F)C=C2C1=O)N1CCNCC1)C1C=CC(Cl)=CC=1Cl,"0,15"
13 789,OC(=O)C1=CN(C2=CC(=C(F)C=C2C1=O)N1CCNCC1)C1C=CC(F)=CC=1F,"0,22"
13 790,OC(=O)C1=CN(C2=CC(=C(F)C=C2C1=O)N1CCNCC1)C1C=CC(O)=CC=1,"-0,04"
13 791,OC(=O)C1=CN(C2=CC=C(C=C2)C(F)(F)F)C2=CC(=C(F)C=C2C1=O)N1CCNCC1,"0,25"
13 792,[O-][N+](=O)C1C=CC(=CC=1)N1C=C(C(O)=O)C(=O)C2C=C(F)C(=CC1=2)N1CCNCC1,"-0,29"
13 793,OC(=O)C1=CN(C2=CC(=C(F)C=C2C1=O)N1CCNCC1)C1C=C(F)C=CC=1,"-0,37"
13 794,OC(=O)C1=CN(C2=CC(=C(F)C=C2C1=O)N1CCNCC1)C1=CC(O)=CC=C1,"-0,27"
13 795,OC(=O)C1=CN(C2C=C(C=CC=2)C(F)(F)F)C2=CC(=C(F)C=C2C1=O)N1CCNCC1,"0,24"
13 796,[O-][N+](=O)C1=CC(=CC=C1)N1C=C(C(O)=O)C(=O)C2C=C(F)C(=CC1=2)N1CCNCC1,"-0,79"
13 797,OC(=O)C1=CN(C2=CC(=C(F)C=C2C1=O)N1CCNCC1)C1C=CC=CC=1,"-0,29"
13 798,OC(=O)C1=CN(C2=CC=CC=C2C(F)(F)F)C2=CC(=C(F)C=C2C1=O)N1CCNCC1,"0,16"
13 799,OC(=O)C1=CN(C2=CC(=C(F)C=C2C1=O)N1CCNCC1)C1=CC=CC=C1F,"-0,35"
13 800,OC(CCCN1CCC(CC1)C(O)(C1C=CC=CC=1)C1C=CC=CC=1)C1C=CC=CC=1,"3,90"
13 801,[O-][N+](=O)C1=NC=CN1CC(O)C(O)CF,"-0,77"
13 802,OC(CNC1CCCC1)CON=C(C1CC1)C1CC1,"2,46"
13 803,OC(CNC1CCCCC1)CON=C(C1CC1)C1CC1,"2,64"
13 804,OC(CNCC1COC2=CC=CC=C2O1)CON=C(C1CC1)C1CC1,"2,22"
13 805,OC(CNCCCC1C=CC=CC=1)CON=C(C1CC1)C1CC1,"2,56"
13 806,OC(CNCCC1C=CC=CC=1)CON=C(C1CC1)C1CC1,"2,44"
13 807,OC(CNCC1C=CC=CC=1)CON=C(C1CC1)C1CC1,"2,08"
13 808,[O-][N+](=O)C1=NC=CN1CC(O)COCF,"-0,40"
13 809,[O-][N+](=O)C1C=CC(CSC2=NC=NC3=C(NN=C32)C2OC(CO)C(O)C2O)=CC=1,"0,50"
13 810,OCC1OC(C(O)C1O)N1C=NC2C1=NC=NC=2NCCCCC1C=CC=CC=1,"2,29"
13 811,OCC1OC(C(O)C1O)N1C=NC2C1=NC=NC=2NCCCC1C=CC=CC=1,"1,92"
13 812,OCC1OC(C(O)C1O)N1C=NC2C1=NC=NC=2NCCC1C=CC=CC=1,"1,55"
13 813,OCC1OC(C(O)C1O)N1C=NC2C1=NC=NC=2NCC1C=CC=CC=1,"1,23"
13 814,OCC1OC(C(O)C1O)N1C=NC2C1=NC=NC=2NCC1=CC=CO1,"0,52"
13 815,OCC1OC(C(O)C1O)N1C=NC2C1=NC=NC=2NC1C=CC=CC=1,"1,28"
13 816,[O-][N+](=O)C1C=CC(CSC2=NC=NC3=C2N=CN3C2OC(CO)C(O)C2O)=CC=1,"0,54"
13 817,OC1CC(OC1CO)N1C=CC(N=CN2CCCCC2)=NC1=O,"-0,51"
13 818,OC1C(CO)OC(OC2C=CC(F)=CC=2)C(O)C1O,"-0,42"
13 819,OCC1OC(OC2C=CC(=CC=2)C2C=CC=CC=2)C(O)C(O)C1O,"1,79"
13 820,OCC1OC(OC2=CC3C=CC(Br)=CC=3C=C2)C(O)C(O)C1O,"1,97"
13 821,[O-][N+](=O)C1=NC=CN1COCC=CCO,"-0,28"
13 822,OCCCCCCCCCNC1N=CNC2=NC=NC=12,"2,75"
13 823,OCCCCCCCCNC1N=CNC2=NC=NC=12,"2,23"
13 824,OCCCCCCCCNC1N=CN=C2C=1N=CN2C1OC(CO)C(O)C1O,"1,30"
13 825,OCCCCCCCNC1N=CNC2=NC=NC=12,"1,73"
13 826,OCCCCCCCNC1N=CN=C2C=1N=CN2C1OC(CO)C(O)C1O,"0,68"
13 827,OCCCCCCNC1=NC=NC2N=CNC1=2,"1,14"
13 828,OCCCCCCNC1N=CN=C2C=1N=CN2C1OC(CO)C(O)C1O,"0,23"
13 829,OCCCCCNC1N=CNC2=NC=NC=12,"0,72"
13 830,OCCCCCNC1N=CN=C2C=1N=CN2C1OC(CO)C(O)C1O,"-0,24"
13 831,OCCCCNC1N=CNC2=NC=NC=12,"0,32"
13 832,OCCCCNC1N=CN=C2C=1N=CN2C1OC(CO)C(O)C1O,"-0,62"
13 833,OCCCNC1N=CNC2=NC=NC=12,"0,11"
13 834,OCCCNC1N=CN=C2C=1N=CN2C1OC(CO)C(O)C1O,"-0,86"
13 835,OCCN1CCN(CCN2N=NC3=CC=CC=C23)CC1,"-0,05"
13 836,OCCN1CCN(CCN2N=C3C=CC=CC3=N2)CC1,"0,43"
13 837,OCCN1CCN(CCCON2N=NC3=CC=CC=C23)CC1,"0,43"
13 838,[O-][N+](=O)C1C=NN(C/C(/O)=N/CCO)N=1,"-0,82"
13 839,OCCNC1=NC=NC2N=CNC1=2,"-0,18"
13 840,OCC1OC(C(O)C1O)N1C=NC2C1=NC=NC=2NCCO,"-1,13"
13 841,OCCSCC1=CC(=O)C(=O)CO1,"-0,69"
13 842,OCN1C(=O)NC(C2C=CC=CC=2)(C2C=CC=CC=2)C1=O,"2,23"
13 843,OCC1=CC(=O)C(=CO1)OC(=O)CC1C(Cl)=CC(Cl)=CC=1Cl,"1,92"
13 844,ON=C(O)C(=CC1C=CC=CC=1)C(O)=NCC1C=CC(F)=CC=1,"1,70"
13 845,O/N=C(\\O)/C(CC1C=CC=CC=1)/C(/O)=N/CC1C=CC(F)=CC=1,"1,80"
13 846,OC(NO)=NN=CC1C=CC=C(C=1)C(F)(F)F,"1,64"
13 847,O=C1C(Br)OC(CBr)=CC1=O,"1,27"
13 848,O=C1C(Br)OC(CCl)=CC1=O,"1,08"
13 849,C=CCOC(=O)C1C(O)=NC2C=C(Cl)C=CC=2C=1O,"3,06"
13 850,O=C1C(Cl)OC(CCl)=CC1=O,"0,95"
13 851,[O-][N+](=O)C1=CC(F)=CC=C1O,"1,88"
13 852,OC1C=CC(=CC=1)S(=O)(=O)N1C(=O)N=C(O)C1(C1C=CC=CC=1)C1C=CC=CC=1,"3,58"
13 853,OC1C=CC(=CC=1)C1C=C2C(=O)C3=CC=CC=C3C2=NN=1,"2,88"
13 854,[O-][N+](=O)C1C=CC=C(O)C=1[N+]([O-])=O,"2,08"
13 855,OC1=CC=CC=C1CNC1=NC=NC2N=CNC=21,"2,05"
13 856,OC1=CC=CC=C1C1C=C2C=CC(Cl)=CC2=NC=1O,"3,20"
13 857,OC1=CC=CC=C1C1C=C2C(=O)C3=CC=CC=C3C2=NN=1,"3,15"
13 858,O=C1C=C(CBr)OCC1=O,"0,61"
13 859,O=C1C=C(CCl)OCC1=O,"0,64"
13 860,O=C1C=C(CI)OCC1=O,"0,67"
13 861,O=C(C1C(=O)NC2=CC(Cl)=CC=C2C1=O)C1CC1,"2,35"
13 862,OC1=C(C(=O)CC2C=CC=CC=2)C(O)=NC2C=C(Cl)C=CC1=2,"3,66"
13 863,OC1=C(C(=O)C2=CC=C(Br)S2)C(O)=NC2C=C(Cl)C=CC1=2,"3,81"
13 864,OC1=C(C(=O)C2=CC=C(Cl)S2)C(O)=NC2C=C(Cl)C=CC1=2,"3,66"
13 865,OC1=C(C(=O)C2=CC=CO2)C(O)=NC2C=C(Cl)C=CC1=2,"2,19"
13 866,OC1=C(C(=O)C2=CC=CS2)C(O)=NC2C=C(Cl)C=CC1=2,"2,95"
13 867,O=C1C(C2C=CC=CC=2)C(=O)NC2=CC(Cl)=CC=C12,"3,50"
13 868,N#CCCOC1CC2C(=CC(O)=CC=2O)OC1C1C=CC(O)=C(O)C=1,"0,96"
13 869,[O-][N+](=O)OCCN1COC2=CC(O)=CC=C2C1=O,"1,63"
13 870,[O-][N+](=O)OCCN1COC2=CC=C(O)C=C2C1=O,"1,63"
13 871,O=C1COC(CSC2CCCCC2)=CC1=O,"1,75"
13 872,O=C1COC(CSC2C=CC=CN=2)=CC1=O,"1,14"
13 873,OC1=C(C(=O)C2=CSC3=CC=CC=C32)C(O)=NC2C=C(Cl)C=CC1=2,"4,44"
13 874,OC1=C(C2=CC(=CC=C2)NCC2C=CC=CC=2)C(O)=NC2C=C(Cl)C=CC1=2,"4,47"
13 875,OC1C=CC(=CC=1O)C1OC2=CC(O)=CC(O)=C2CC1OC(=O)CC1C=CC=CC=1,"3,09"
13 876,OC1C=C2OC(C(CC2=C(O)C=1)OC(=O)C1C=CC(O)=C(O)C=1)C1C=CC(O)=C(O)C=1,"2,45"
13 877,OC1C=C2OC(C(CC2=C(O)C=1)OC(=O)C1C=CC=CC=1)C1C=CC(O)=C(O)C=1,"3,44"
13 878,OC1C=C(O)C=C2OC(C(CC=12)OCCCC1C=CC=CC=1)C1=CC(O)=C(O)C=C1,"3,78"
13 879,OC1C=CC(CNC2=NC=NC3N=CNC=32)=CC=1,"1,55"
13 880,OC1C=C(C=CC=1)C#CCOC(=O)C1C(O)=NC2C=C(Cl)C=CC=2C=1O,"3,65"
13 881,OC1C=C(CNC2=NC=NC3N=CNC=32)C=CC=1,"1,56"
13 882,OC1C=CC=C2C(C=NC3C=CC=CC=3)C3C=CC=C(O)C=3C(=O)C=12,"4,96"
13 883,O=C1COC(CSC2NC3=CC=CC=C3N=2)=CC1=O,"1,51"
13 884,O=C1COC(CSC2=NC3=CC=CC=C3S2)=CC1=O,"2,08"
13 885,OC1=C(C2=CC(=CC=C2)N2C=CC3=CC=CC=C23)C(O)=NC2C=C(Cl)C=CC1=2,"5,53"
13 886,O=C1NC2=CC(Cl)=CC=C2C(=O)C1C1=CC(CC2C=CC(CCN3CCOCC3)=CC=2)=CC=C1,"5,20"
13 887,ON1N=NC2C=CC=CC1=2,"0,69"
13 888,S=C(NC1C=CC=CC=1)N=NC(C1=CC=CC=N1)C1=CC=CC=N1,"1,96"
13 889,S=C=NCCCCCCCCCCC1C=CC=CC=1,"6,82"
13 890,S=C=NCCCCCCCCC1C=CC=CC=1,"5,81"
13 891,SC1=NN=C(CN2C=CC3=CC=CC=C23)N1C1C=CC=CC=1,"2,68"
13 892,[N-]=[N+]=NC=CC1=CC=C(O1)[N+]([O-])=O,"2,06"
13 893,BrC1C=C(Br)C=CC=1OC1=CC=CC=C1Br,"5,74"
13 894,BrC1=CC(Br)=C(C=C1)OC1C=CC(Br)=CC=1,"5,94"
13 895,BrC1C=C(Br)C=CC=1OC1=CC=C(Br)C=C1Br,"6,81"
13 896,BrC1C=CC(OC2=CC=C(Br)C=C2Br)=C(Br)C=1Br,"7,37"
13 897,BrC1=CC(Br)=C(C=C1)OC1C=C(Br)C(Br)=CC=1Br,"7,32"
13 898,BrC1C=C(Br)C=C(Br)C=1OC1=CC=C(Br)C=C1Br,"7,24"
13 899,BrC1=CC(Br)=C(C=C1Br)OC1=CC(Br)=C(Br)C=C1Br,"7,90"
13 900,BrC1C=C(Br)C(OC2=CC(Br)=C(Br)C=C2Br)=C(Br)C=1,"7,82"
13 901,BrC1C=C(Br)C(Br)=C(Br)C=1OC1C=C(Br)C(Br)=CC=1Br,"8,27"
13 902,ClC1C=C(Cl)C(Cl)=CC=1C1C=C(Cl)C(Cl)=C(Cl)C=1Cl,"7,72"
13 903,C=CC(=O)OCCC(F)(F)C(F)(F)C(F)(F)C(F)(F)C(F)(F)C(F)(F)F,"5,20"
13 904,OC(=O)C(F)(F)C(F)(F)C(F)(F)C(F)(F)C(F)(F)C(F)(F)C(F)(F)C(F)(F)C(F)(F)C(F)(F)F,"4,00"
13 905,CN(CCO)S(=O)(=O)C(F)(F)C(F)(F)C(F)(F)C(F)(F)C(F)(F)C(F)(F)C(F)(F)C(F)(F)F,"4,58"
13 906,OS(=O)(=O)CCC(F)(F)C(F)(F)C(F)(F)C(F)(F)C(F)(F)C(F)(F)F,"3,73"
13 907,OS(=O)(=O)C(F)(F)C(F)(F)C(F)(F)C(F)(F)C(F)(F)C(F)(F)C(F)(F)C(F)(F)F,"-1,08"
13 908,OC(=O)C(F)(F)C(F)(F)C(F)(F)C(F)(F)C(F)(F)F,"0,70"
13 909,OS(=O)(=O)C(F)(F)C(F)(F)C(F)(F)C(F)(F)F,"0,26"
13 910,OC(=O)C(F)(F)C(F)(F)C(F)(F)C(F)(F)C(F)(F)F,"2,85"
13 911,OC(=O)C(F)(F)C(F)(F)C(F)(F)C(F)(F)C(F)(F)C(F)(F)C(F)(F)F,"3,10"
13 912,OC(=O)C(F)(F)C(F)(F)C(F)(F)C(F)(F)C(F)(F)C(F)(F)C(F)(F)C(F)(F)C(F)(F)F,"4,15"
13 913,OS(=O)(=O)C(F)(F)C(F)(F)C(F)(F)C(F)(F)C(F)(F)C(F)(F)F,"2,20"
13 914,OC(=O)C(F)(F)C(F)(F)C(F)(F)C(F)(F)C(F)(F)C(F)(F)F,"2,05"
13 915,OC(=O)C(F)(F)C(F)(F)C(F)(F)C(F)(F)C(F)(F)C(F)(F)C(F)(F)C(F)(F)F,"3,54"
13 916,OC(=O)C(F)(F)C(F)(F)C(F)(F)C(F)(F)C(F)(F)C(F)(F)C(F)(F)C(F)(F)C(F)(F)C(F)(F)C(F)(F)C(F)(F)C(F)(F)F,"5,10"
13 917,OCCC(F)(F)C(F)(F)C(F)(F)C(F)(F)C(F)(F)C(F)(F)C(F)(F)C(F)(F)C(F)(F)C(F)(F)F,"7,10"
13 918,ClC1C=C(Cl)C(OC2C=CC(Cl)=C(Cl)C=2Cl)=C(Cl)C=1,"6,65"
13 919,ClC1=CC(Cl)=C(C=C1)OC1C(Cl)=C(Cl)C=C(Cl)C=1Cl,"6,76"
13 920,OS(=O)(=O)C(F)(F)C(F)(F)C(F)(F)C(F)(F)C(F)(F)C(F)(F)C(F)(F)C(F)(F)F,"5,61"
13 921,OC(=O)C(F)(F)C(F)(F)C(F)(F)C(F)(F)F,"1,35"
13 922,OC(=O)C(F)(F)C(F)(F)C(F)(F)F,"1,43"
13 923,FC(F)(Br)C(F)(F)Br,"3,22"
13 924,FC(F)(F)C(Cl)Cl,"2,18"
13 925,OCC(F)(F)C(F)(F)C(F)(F)C(F)(F)C(F)(F)C(F)F,"3,46"
13 926,CCNS(=O)(=O)C(F)(F)C(F)(F)C(F)(F)C(F)(F)C(F)(F)C(F)(F)C(F)(F)C(F)(F)F,"6,80"
13 927,FC(F)(F)C(F)(F)C(Cl)Cl,"3,20"
13 928,FC(F)(Cl)C(F)(F)C(F)Cl,"3,10"
13 929,ClC1=CC(Cl)=C2OC3=CC(Cl)=CC(Cl)=C3OC2=C1,"6,29"
13 930,ClC1C=C(Cl)C(Cl)=C(C2C=C(Cl)C(Cl)=CC=2Cl)C=1Cl,"7,00"
13 931,ClC1C=C(Cl)C(C2C=C(Cl)C(Cl)=CC=2Cl)=C(Cl)C=1Cl,"7,30"
13 932,ClC1C=C(Cl)C(C2C=C(Cl)C(Cl)=CC=2)=C(Cl)C=1Cl,"7,25"
13 933,CCCCCCCCCCC,"6,54"
13 934,ClC1=CC(C2C(Cl)=C(Cl)C=C(Cl)C=2Cl)=C(Cl)C=C1,"6,85"
13 935,ClC1=CC(Cl)=CC(Cl)=C1C1C(Cl)=CC=CC=1Cl,"5,81"
13 936,ClC1=CC2=C(C=C1)OC1C=CC(Cl)=CC2=1,"5,65"
13 937,ClC1C=C2OC3C=C(Cl)C=CC=3OC2=CC=1,"6,38"
13 938,ClC1C=CC(Cl)=CC=1C1C(Cl)=CC=CC=1Cl,"5,50"
13 939,CC12CCC3C(CCC4=CC5ON=CC=5CC43C)C1CCC2(O)C#C,"3,93"
13 940,CC(=O)OC1CCC2C3CCC4=CC(=O)CCC4(C)C3CCC21C,"4,16"
13 941,CCCCCCCC#C,"4,51"
13 942,CCCCCCC#C,"3,92"
13 943,CCCCCCCl,"3,66"
13 944,CCCCCC#C,"3,32"
13 945,CCCCI,"3,08"
13 946,CCCC=C,"2,80"
13 947,CCCCCCOC(C)=O,"2,96"
13 948,CCCI,"2,54"
13 949,CCCCCOC(=O)CC,"2,67"
13 950,ClCC(Cl)(Cl)Cl,"2,62"
13 951,CCCCCC(=O)OC,"2,42"
13 952,CCCOC(=O)CCC,"2,15"
13 953,COC1C=CC2CC3C4C=CC(O)C5OC=1C=2C45CCN3C,"1,14"
13 954,CCCC(=O)CCC,"2,04"
13 955,CCOC(=O)CCC,"1,71"
13 956,CCC#C,"1,46"
13 957,C,"1,09"
13 958,OC1C(O)C(OC(CO)C1O)OC1C=CC=CC=1CO,"-1,22"
13 959,CCN1C(=O)N(C)C2N=CN(C)C=2C1=O,"-0,15"
13 960,CC(C)OC(C)=O,"1,22"
13 961,CSC,"1,05"
13 962,CC(C)C(C)(C)O,"1,48"
13 963,CCC(C)OC(N)=O,"0,65"
13 964,OC1COC(O)C(O)C1O,"-2,32"
